// SPDX-License-Identifier: GPL-2.0
/*
 * sc96281_firmware.h
 *
 * wireless ic driver
 *
 * Copyright (c) 2023-2023 Xiaomi Technologies Co., Ltd.
 *
 * This software is licensed under the terms of the GNU General Public
 * License version 2, as published by the Free Software Foundation, and
 * may be copied, distributed, and modified under those terms.
 *
 * This program is distributed in the hope that it will be useful,
 * but WITHOUT ANY WARRANTY; without even the implied warranty of
 * MERCHANTABILITY or FITNESS FOR A PARTICULAR PURPOSE. See the
 * GNU General Public License for more details.
 *
 */

#ifndef __SC96281_FIRMWARE_H__
#define __SC96281_FIRMWARE_H__

unsigned char SC96281_FIRMWARE[][32768] = {
	{
		// O8
		0x1C, 0x7C, 0x00, 0x00, 0x84, 0x1B, 0x00, 0x00,
		0x84, 0x1B, 0x00, 0x00, 0x84, 0x1B, 0x00, 0x00, // 0x0000
		0x84, 0x1B, 0x00, 0x00, 0x84, 0x1B, 0x00, 0x00,
		0x84, 0x1B, 0x00, 0x00, 0x84, 0x1B, 0x00, 0x00, // 0x0010
		0x84, 0x1B, 0x00, 0x00, 0x84, 0x1B, 0x00, 0x00,
		0x84, 0x1B, 0x00, 0x00, 0x84, 0x1B, 0x00, 0x00, // 0x0020
		0x84, 0x1B, 0x00, 0x00, 0x84, 0x1B, 0x00, 0x00,
		0x84, 0x1B, 0x00, 0x00, 0x84, 0x1B, 0x00, 0x00, // 0x0030
		0x84, 0x1B, 0x00, 0x00, 0x84, 0x1B, 0x00, 0x00,
		0x84, 0x1B, 0x00, 0x00, 0x84, 0x1B, 0x00, 0x00, // 0x0040
		0x84, 0x1B, 0x00, 0x00, 0x84, 0x1B, 0x00, 0x00,
		0xEA, 0x1E, 0x00, 0x00, 0x84, 0x1B, 0x00, 0x00, // 0x0050
		0x84, 0x1B, 0x00, 0x00, 0x84, 0x1B, 0x00, 0x00,
		0x84, 0x1B, 0x00, 0x00, 0x84, 0x1B, 0x00, 0x00, // 0x0060
		0x84, 0x1B, 0x00, 0x00, 0x84, 0x1B, 0x00, 0x00,
		0x84, 0x1B, 0x00, 0x00, 0x84, 0x1B, 0x00, 0x00, // 0x0070
		0xE2, 0x1E, 0x00, 0x00, 0xDA, 0x1E, 0x00, 0x00,
		0xD2, 0x1E, 0x00, 0x00, 0xFA, 0x1D, 0x00, 0x00, // 0x0080
		0xEA, 0x1D, 0x00, 0x00, 0xCA, 0x1E, 0x00, 0x00,
		0xE2, 0x1D, 0x00, 0x00, 0x84, 0x1C, 0x00, 0x00, // 0x0090
		0xDA, 0x1D, 0x00, 0x00, 0x94, 0x1B, 0x00, 0x00,
		0xC2, 0x1E, 0x00, 0x00, 0xBA, 0x1E, 0x00, 0x00, // 0x00A0
		0x3C, 0x20, 0x00, 0x00, 0xF6, 0x1C, 0x00, 0x00,
		0xE8, 0x1B, 0x00, 0x00, 0x50, 0x21, 0x00, 0x00, // 0x00B0
		0xB2, 0x1E, 0x00, 0x00, 0xAA, 0x1E, 0x00, 0x00,
		0x9C, 0x1B, 0x00, 0x00, 0xA2, 0x1E, 0x00, 0x00, // 0x00C0
		0x9A, 0x1E, 0x00, 0x00, 0xCC, 0x1B, 0x00, 0x00,
		0xC4, 0x1B, 0x00, 0x00, 0xBC, 0x1B, 0x00, 0x00, // 0x00D0
		0xB4, 0x1B, 0x00, 0x00, 0xAC, 0x1B, 0x00, 0x00,
		0xA4, 0x1B, 0x00, 0x00, 0x26, 0x22, 0x00, 0x00, // 0x00E0
		0xE0, 0x1F, 0x00, 0x00, 0xD4, 0x1B, 0x00, 0x00,
		0x92, 0x1E, 0x00, 0x00, 0x8A, 0x1E, 0x00, 0x00, // 0x00F0
		0x81, 0x62, 0x09, 0x00, 0x22, 0x00, 0x00, 0x00,
		0x01, 0x00, 0x00, 0x80, 0x84, 0x98, 0x3E, 0x00, // 0x0100
		0x6E, 0x00, 0x00, 0x00, 0x00, 0x00, 0x00, 0x00,
		0x00, 0x00, 0x00, 0x00, 0x00, 0x00, 0x00, 0x00, // 0x0110
		0x08, 0x07, 0x98, 0x3A, 0x0C, 0x17, 0x7C, 0x15,
		0xA8, 0x61, 0x70, 0x17, 0xD8, 0x59, 0xA8, 0x61, // 0x0120
		0x4C, 0x1D, 0xF0, 0x55, 0x70, 0x17, 0x00, 0x00,
		0x88, 0x13, 0x4C, 0x1D, 0x28, 0x23, 0xE0, 0x2E, // 0x0130
		0xE0, 0x2E, 0xA0, 0x0F, 0xF4, 0x01, 0xC8, 0x00,
		0x64, 0x00, 0x00, 0x00, 0x03, 0x00, 0x28, 0x00, // 0x0140
		0xF4, 0x01, 0x14, 0x00, 0x00, 0x00, 0x00, 0x00,
		0x96, 0x00, 0xB0, 0x04, 0x00, 0x00, 0x00, 0x00, // 0x0150
		0x80, 0x0D, 0x80, 0x0E, 0x8B, 0x0D, 0x91, 0x05,
		0x96, 0x03, 0x94, 0x08, 0x96, 0x08, 0x98, 0x08, // 0x0160
		0x7F, 0x09, 0x85, 0x07, 0x89, 0x0F, 0x8B, 0x10,
		0x8D, 0x0D, 0x8B, 0x2A, 0x92, 0x1E, 0x90, 0x18, // 0x0170
		0x01, 0x00, 0x08, 0x00, 0x5A, 0x00, 0x00, 0x00,
		0x20, 0x00, 0x00, 0x00, 0x00, 0x00, 0x00, 0x00, // 0x0180
		0x00, 0x00, 0x00, 0x00, 0x28, 0x00, 0x64, 0x00,
		0x00, 0x00, 0x00, 0x00, 0x00, 0x00, 0x00, 0x00, // 0x0190
		0x7E, 0x04, 0xAA, 0x05, 0x94, 0x11, 0x00, 0x00,
		0x40, 0x06, 0xD0, 0x07, 0x20, 0x4E, 0x20, 0x4E, // 0x01A0
		0xC0, 0x5D, 0x90, 0x65, 0x78, 0x00, 0x00, 0x00,
		0x00, 0x00, 0x00, 0x00, 0x90, 0x01, 0x46, 0x00, // 0x01B0
		0xAA, 0x05, 0xF5, 0x00, 0x00, 0x00, 0x00, 0x00,
		0x00, 0x00, 0x00, 0x00, 0x00, 0x00, 0x00, 0x00, // 0x01C0
		0x32, 0x32, 0x00, 0x00, 0x01, 0x00, 0x7C, 0x15,
		0x2C, 0x01, 0x64, 0x00, 0x5E, 0x01, 0xFF, 0x00, // 0x01D0
		0x00, 0x05, 0x00, 0x00, 0x40, 0x06, 0x08, 0x07,
		0x98, 0x08, 0xC4, 0x09, 0xB8, 0x0B, 0xB2, 0x0C, // 0x01E0
		0x00, 0x00, 0x00, 0x00, 0x00, 0x00, 0x00, 0x00,
		0x00, 0x00, 0x00, 0x00, 0x00, 0x00, 0x00, 0x00, // 0x01F0
		0xD3, 0x14, 0x6F, 0x33, 0x0C, 0x7C, 0x64, 0x31,
		0x00, 0xE0, 0xA2, 0x3C, 0x7D, 0x10, 0x83, 0x6D, // 0x0200
		0x63, 0xD8, 0x8C, 0x01, 0x00, 0xC4, 0x25, 0x84,
		0x40, 0x3B, 0x08, 0x08, 0x0A, 0x30, 0x18, 0x7C, // 0x0210
		0x0A, 0x31, 0x00, 0xE0, 0x83, 0x3D, 0x01, 0x75,
		0x16, 0x04, 0x41, 0x3B, 0xFA, 0x31, 0x22, 0x41, // 0x0220
		0x17, 0x6C, 0x1F, 0x08, 0x00, 0xE0, 0x7A, 0x3D,
		0x1E, 0x33, 0xFA, 0x31, 0x0C, 0x7C, 0x22, 0x41, // 0x0230
		0x00, 0xE0, 0x74, 0x3D, 0x0A, 0x31, 0x03, 0x6D,
		0x02, 0x46, 0x18, 0x60, 0x00, 0xE0, 0x6E, 0x3D, // 0x0240
		0x00, 0x61, 0x11, 0x75, 0xFA, 0x31, 0x22, 0x41,
		0x17, 0x6C, 0x00, 0xE0, 0x67, 0x3D, 0xC8, 0x33, // 0x0250
		0xFA, 0x31, 0x0C, 0x7C, 0x22, 0x41, 0x00, 0xE0,
		0x61, 0x3D, 0x10, 0x60, 0x01, 0x74, 0x93, 0x14, // 0x0260
		0x00, 0xE0, 0x5C, 0x3D, 0x3C, 0x33, 0xFA, 0x31,
		0x0C, 0x7C, 0x22, 0x41, 0xD3, 0x07, 0x00, 0x00, // 0x0270
		0x00, 0x00, 0x00, 0x20, 0xD4, 0x14, 0x64, 0x00,
		0x8F, 0x6D, 0x43, 0x93, 0x42, 0xE4, 0x08, 0x20, // 0x0280
		0xA6, 0x00, 0x40, 0x3A, 0xE6, 0x00, 0x2D, 0x08,
		0x83, 0xD8, 0x26, 0x10, 0x65, 0xD8, 0x28, 0x10, // 0x0290
		0x0C, 0x61, 0x65, 0xD8, 0x2A, 0x10, 0xD0, 0x60,
		0x99, 0x8D, 0x56, 0x8D, 0x0C, 0x65, 0x83, 0xC4, // 0x02A0
		0x20, 0x0C, 0x61, 0x8F, 0xC8, 0x64, 0x03, 0x08,
		0x84, 0xE4, 0xCF, 0x17, 0x11, 0x75, 0x85, 0xDC, // 0x02B0
		0xB5, 0x10, 0x0E, 0x61, 0xDF, 0x3C, 0x13, 0x6C,
		0x03, 0x0C, 0x00, 0x30, 0x12, 0x60, 0x20, 0xEB, // 0x02C0
		0xA0, 0x00, 0x43, 0x08, 0x07, 0x40, 0x01, 0xEA,
		0x88, 0x13, 0x00, 0xE0, 0x39, 0x3C, 0xDF, 0x3C, // 0x02D0
		0xC3, 0x6C, 0x42, 0x0C, 0x20, 0xEB, 0x7F, 0x00,
		0x4E, 0x0C, 0x00, 0x30, 0x0E, 0x60, 0x41, 0x04, // 0x02E0
		0x80, 0x32, 0x63, 0x93, 0x47, 0x42, 0xC8, 0x68,
		0x40, 0x3B, 0x06, 0x08, 0x63, 0x96, 0x63, 0xE4, // 0x02F0
		0x20, 0x20, 0x40, 0x3B, 0x06, 0x08, 0x86, 0xD8,
		0x26, 0x10, 0x65, 0xD8, 0x29, 0x10, 0xC9, 0x07, // 0x0300
		0x00, 0x8F, 0x14, 0x31, 0x85, 0xD8, 0x27, 0x10,
		0x00, 0xE0, 0x08, 0x3D, 0x01, 0x74, 0x61, 0x5C, // 0x0310
		0xDF, 0x3B, 0x19, 0x08, 0xCC, 0x7C, 0x45, 0xD8,
		0x26, 0x10, 0xC8, 0x7C, 0x63, 0x53, 0x85, 0xD8, // 0x0320
		0x29, 0x10, 0xD0, 0x60, 0x85, 0xD8, 0x28, 0x10,
		0x00, 0x32, 0x0C, 0x65, 0x64, 0xC4, 0x40, 0x0C, // 0x0330
		0x86, 0xD8, 0x3C, 0x10, 0xD0, 0x60, 0x03, 0xEB,
		0x45, 0x00, 0x62, 0xC4, 0x20, 0x0C, 0x86, 0xD8, // 0x0340
		0x25, 0x10, 0xA7, 0x07, 0x00, 0x33, 0xEC, 0x07,
		0x20, 0xEB, 0x50, 0x00, 0x17, 0x0C, 0x34, 0x38, // 0x0350
		0xC3, 0x64, 0xDF, 0x3C, 0xC3, 0x0B, 0x23, 0xEB,
		0x7F, 0x00, 0x7F, 0x30, 0x03, 0xC4, 0x40, 0x0C, // 0x0360
		0x02, 0x74, 0x65, 0xD8, 0x7A, 0x20, 0x63, 0xE4,
		0x01, 0x20, 0x40, 0x3B, 0x00, 0x33, 0x03, 0xC4, // 0x0370
		0x40, 0x0C, 0x94, 0x14, 0x00, 0x30, 0x7E, 0x28,
		0xF5, 0x07, 0x02, 0x33, 0xEB, 0x07, 0x43, 0x02, // 0x0380
		0x63, 0x92, 0x63, 0xE4, 0x00, 0x22, 0x40, 0x3B,
		0xFC, 0x0B, 0x00, 0xB2, 0x3C, 0x78, 0xD4, 0x14, // 0x0390
		0x67, 0x02, 0x00, 0x36, 0x60, 0x83, 0x00, 0x23,
		0x25, 0x3B, 0x66, 0xC4, 0x20, 0x0C, 0x61, 0x43, // 0x03A0
		0xAF, 0x02, 0x4A, 0x02, 0x8C, 0x60, 0xE0, 0x8A,
		0x4B, 0x02, 0xC8, 0x60, 0x07, 0xE4, 0x09, 0x00, // 0x03B0
		0xFA, 0x31, 0xE5, 0xD8, 0x5D, 0x00, 0xC0, 0x61,
		0x00, 0x8B, 0x22, 0x41, 0x1C, 0x7C, 0x00, 0xE0, // 0x03C0
		0xAD, 0x3C, 0x03, 0x6D, 0x1F, 0x6C, 0x00, 0xE0,
		0x79, 0x2D, 0x80, 0x33, 0x6E, 0x43, 0x43, 0x95, // 0x03D0
		0x8C, 0x68, 0x7A, 0x02, 0x40, 0x3A, 0x5D, 0x0C,
		0x2F, 0x20, 0x01, 0x40, 0x0C, 0x60, 0x40, 0x80, // 0x03E0
		0x08, 0x7D, 0x40, 0xD8, 0x01, 0x40, 0x32, 0x30,
		0x87, 0x54, 0x08, 0x7C, 0x00, 0x61, 0xDF, 0x3C, // 0x03F0
		0x86, 0xC4, 0x40, 0x0C, 0x1D, 0x74, 0x8F, 0x6D,
		0xFF, 0xE3, 0xFC, 0xFE, 0x45, 0xD8, 0x54, 0x00, // 0x0400
		0x00, 0x61, 0x4A, 0x3A, 0xDB, 0x6C, 0x56, 0x08,
		0x45, 0xD8, 0x73, 0x00, 0x40, 0x3A, 0x50, 0x08, // 0x0410
		0x63, 0x2C, 0x45, 0xD8, 0x73, 0x00, 0x09, 0x3A,
		0x04, 0x08, 0x00, 0x22, 0x45, 0xDC, 0x73, 0x00, // 0x0420
		0x06, 0xEA, 0xFF, 0xFF, 0x04, 0xEB, 0xFF, 0xFF,
		0x9B, 0x6C, 0x44, 0xC4, 0x20, 0x0C, 0x23, 0xD8, // 0x0430
		0xB2, 0x01, 0x43, 0xDC, 0xB8, 0x10, 0xFA, 0x32,
		0x42, 0x42, 0x21, 0x49, 0x48, 0x7C, 0x9D, 0xB5, // 0x0440
		0x0F, 0x44, 0x0F, 0x6D, 0x00, 0xE0, 0x6A, 0x3C,
		0x52, 0x03, 0x31, 0x33, 0x20, 0x92, 0x41, 0x48, // 0x0450
		0x40, 0x39, 0x02, 0xC4, 0x40, 0x0C, 0x65, 0xDC,
		0x24, 0x00, 0x00, 0xEB, 0xFF, 0xFF, 0x06, 0xC4, // 0x0460
		0x40, 0x0C, 0x81, 0x74, 0x65, 0xD8, 0x56, 0x00,
		0x44, 0xDC, 0xDB, 0x10, 0x48, 0x4A, 0x65, 0xDC, // 0x0470
		0x25, 0x00, 0x45, 0xDC, 0x26, 0x00, 0x05, 0xDC,
		0x27, 0x00, 0x00, 0xE0, 0x80, 0x25, 0x65, 0xD8, // 0x0480
		0x56, 0x00, 0x44, 0x3B, 0x05, 0x0C, 0x80, 0x30,
		0x12, 0x40, 0x00, 0xE0, 0x40, 0x31, 0x94, 0x14, // 0x0490
		0x37, 0x20, 0x01, 0x40, 0x0C, 0x60, 0x20, 0x80,
		0x04, 0x7D, 0x20, 0xD8, 0x01, 0x40, 0x32, 0x30, // 0x04A0
		0x87, 0x54, 0x04, 0x7C, 0x00, 0x61, 0xDF, 0x3C,
		0x82, 0xC4, 0x40, 0x0C, 0xA4, 0x07, 0x4F, 0x24, // 0x04B0
		0xB1, 0x07, 0x43, 0x95, 0xAF, 0x07, 0xC4, 0x14,
		0x21, 0x14, 0x72, 0x13, 0xAE, 0x5B, 0x41, 0x93, // 0x04C0
		0xA0, 0xB8, 0x80, 0x92, 0x4A, 0x65, 0x26, 0x08,
		0x00, 0x35, 0x41, 0x45, 0x94, 0x5A, 0x83, 0x44, // 0x04D0
		0x0C, 0x61, 0xE7, 0x94, 0xC4, 0xE4, 0x1B, 0x00,
		0x40, 0x3F, 0x34, 0x08, 0x07, 0xB4, 0xC0, 0xC7, // 0x04E0
		0x20, 0x50, 0x02, 0x28, 0x06, 0x64, 0x13, 0x24,
		0xC2, 0x5D, 0x22, 0x08, 0x01, 0x30, 0x00, 0xB4, // 0x04F0
		0x01, 0x46, 0x18, 0x60, 0x03, 0x40, 0x0C, 0x60,
		0x20, 0xB0, 0x94, 0x60, 0x02, 0x13, 0x43, 0x42, // 0x0500
		0x08, 0x60, 0x22, 0x93, 0x02, 0xB3, 0xC8, 0x60,
		0x40, 0x98, 0x29, 0xB3, 0x48, 0xB3, 0x00, 0xB1, // 0x0510
		0x0A, 0x04, 0x0F, 0x2A, 0xC3, 0x92, 0x1A, 0x64,
		0x08, 0x08, 0xC0, 0xC7, 0x23, 0x50, 0x00, 0x2B, // 0x0520
		0x21, 0xB2, 0x62, 0xB2, 0x01, 0x14, 0x84, 0x14,
		0x93, 0x6C, 0x80, 0x94, 0xCC, 0x07, 0x20, 0xB4, // 0x0530
		0xC0, 0xC7, 0x20, 0x50, 0x21, 0x46, 0x00, 0x28,
		0x58, 0x60, 0x23, 0x41, 0x4C, 0x60, 0x00, 0xB1, // 0x0540
		0xDD, 0x07, 0x00, 0x25, 0x48, 0x3D, 0xC2, 0x0B,
		0xEE, 0x07, 0xC4, 0x14, 0x38, 0x16, 0x00, 0x31, // 0x0550
		0x01, 0xB8, 0x40, 0xE4, 0x1F, 0x00, 0x08, 0x1B,
		0x81, 0x82, 0x0C, 0x59, 0x60, 0x82, 0x90, 0x44, // 0x0560
		0x78, 0x43, 0xD0, 0x6C, 0x83, 0x82, 0xD0, 0x6C,
		0x82, 0x82, 0x88, 0x44, 0x03, 0x21, 0x41, 0xEB, // 0x0570
		0x40, 0x00, 0xD0, 0x6C, 0x60, 0xB0, 0x03, 0x22,
		0xEF, 0x0B, 0x10, 0x31, 0x08, 0x1A, 0x08, 0x92, // 0x0580
		0x6D, 0x92, 0xC1, 0x6C, 0x02, 0x92, 0xC1, 0x6C,
		0x00, 0x92, 0xC1, 0x6C, 0x00, 0x21, 0x41, 0xEB, // 0x0590
		0x50, 0x00, 0x23, 0xC4, 0x03, 0x49, 0x70, 0xB2,
		0x03, 0x22, 0xF2, 0x0B, 0x61, 0x98, 0x00, 0x32, // 0x05A0
		0x60, 0x93, 0x62, 0xB8, 0x61, 0x98, 0xC2, 0x98,
		0x61, 0x93, 0x63, 0xB8, 0x61, 0x98, 0x23, 0x98, // 0x05B0
		0x62, 0x93, 0x64, 0xB8, 0x61, 0x98, 0xE4, 0x98,
		0x63, 0x93, 0x65, 0xB8, 0x61, 0x98, 0x64, 0x93, // 0x05C0
		0x66, 0xB8, 0x4F, 0x6D, 0x65, 0x98, 0x91, 0x11,
		0xA6, 0xC4, 0x00, 0x49, 0x10, 0x60, 0x00, 0xB8, // 0x05D0
		0x08, 0x18, 0x80, 0x5A, 0x80, 0x94, 0x00, 0x98,
		0x03, 0x22, 0x10, 0x60, 0x42, 0xEB, 0x50, 0x00, // 0x05E0
		0x67, 0xC4, 0x44, 0x24, 0x04, 0x69, 0x0D, 0x6D,
		0x10, 0x60, 0xC1, 0xC7, 0x04, 0x49, 0x14, 0x60, // 0x05F0
		0x5B, 0x6C, 0x4F, 0x6D, 0x87, 0x08, 0x14, 0x31,
		0xA5, 0x11, 0xA0, 0xC4, 0x02, 0x49, 0x94, 0x60, // 0x0600
		0x86, 0xC4, 0x45, 0x24, 0x5D, 0x6D, 0x94, 0x60,
		0x40, 0xB8, 0xA2, 0x41, 0x00, 0x21, 0x41, 0xEB, // 0x0610
		0x28, 0x00, 0x08, 0x1A, 0x48, 0x61, 0xA0, 0x95,
		0x40, 0x98, 0x94, 0x60, 0xC6, 0xC7, 0x05, 0x49, // 0x0620
		0x8C, 0x60, 0x83, 0x6D, 0xDF, 0x6C, 0x72, 0x08,
		0x85, 0xC4, 0x23, 0x24, 0xC0, 0x68, 0x85, 0xC4, // 0x0630
		0x26, 0x20, 0xD8, 0x6C, 0x67, 0xB8, 0xA2, 0xC4,
		0x06, 0x49, 0x76, 0x10, 0x8C, 0x61, 0x67, 0x98, // 0x0640
		0xD8, 0x60, 0x60, 0xB8, 0xC2, 0x41, 0x00, 0x21,
		0x41, 0xEB, 0x3C, 0x00, 0x08, 0x1B, 0x8C, 0x61, // 0x0650
		0xC0, 0x96, 0x60, 0x98, 0xD8, 0x60, 0xC0, 0xC7,
		0x06, 0x49, 0xDC, 0x60, 0x0B, 0x6C, 0x1B, 0x04, // 0x0660
		0x08, 0x02, 0x00, 0x20, 0x00, 0x00, 0x00, 0x20,
		0xD0, 0x04, 0x00, 0x20, 0x00, 0x80, 0x00, 0x40, // 0x0670
		0x50, 0x0C, 0x00, 0x20, 0x52, 0x0C, 0x00, 0x20,
		0x5E, 0x0C, 0x00, 0x20, 0xF8, 0x0A, 0x00, 0x20, // 0x0680
		0xF0, 0x04, 0x00, 0x20, 0x10, 0x05, 0x00, 0x20,
		0x99, 0x79, 0x82, 0x5A, 0xA1, 0xEB, 0xD9, 0x6E, // 0x0690
		0xDC, 0xBC, 0x1B, 0x8F, 0xD3, 0x6D, 0x3E, 0x08,
		0xC2, 0xC4, 0x40, 0x24, 0x15, 0x6C, 0x07, 0xB8, // 0x06A0
		0xE9, 0x01, 0xA3, 0xC4, 0x00, 0x49, 0x1C, 0x60,
		0xE7, 0x98, 0xC0, 0x61, 0xE0, 0xB8, 0xE2, 0x41, // 0x06B0
		0x00, 0x21, 0x41, 0xEB, 0x50, 0x00, 0x08, 0x18,
		0xC0, 0x61, 0xE0, 0x97, 0x00, 0x98, 0x1C, 0x60, // 0x06C0
		0xC2, 0xC7, 0x07, 0x49, 0x10, 0x60, 0x8F, 0x6C,
		0x17, 0x6D, 0x28, 0x08, 0x42, 0x98, 0x80, 0x60, // 0x06D0
		0x0B, 0x6C, 0x41, 0x98, 0x00, 0xB2, 0x43, 0x98,
		0x8C, 0x60, 0xCB, 0x6C, 0x41, 0x98, 0x61, 0xB2, // 0x06E0
		0x64, 0x98, 0xDC, 0x60, 0xCF, 0x6D, 0x65, 0x98,
		0xD8, 0x60, 0x8F, 0x6D, 0x66, 0x98, 0xD4, 0x60, // 0x06F0
		0x4F, 0x6D, 0xE2, 0xB2, 0xC3, 0xB2, 0xCB, 0x6C,
		0xA4, 0xB2, 0x00, 0x32, 0x47, 0xB3, 0x18, 0x16, // 0x0700
		0x84, 0x14, 0xDF, 0x6C, 0x83, 0x6D, 0xD3, 0x6D,
		0x5F, 0x07, 0xD3, 0x6D, 0x0B, 0x6C, 0x17, 0x6D, // 0x0710
		0x74, 0x07, 0x17, 0x6D, 0x8F, 0x6C, 0x5B, 0x6D,
		0x88, 0x07, 0x5B, 0x6D, 0xC3, 0x6C, 0x9F, 0x6D, // 0x0720
		0xBC, 0x07, 0xD4, 0x14, 0x03, 0x6D, 0x40, 0x39,
		0x01, 0x90, 0x20, 0x94, 0x1B, 0x0C, 0x01, 0x35, // 0x0730
		0x40, 0x71, 0x44, 0x6D, 0x57, 0x6C, 0x00, 0x36,
		0x40, 0x39, 0x0B, 0x08, 0x8C, 0x65, 0x0D, 0x0C, // 0x0740
		0xA0, 0xB4, 0x4B, 0x6C, 0x00, 0x20, 0x00, 0xE0,
		0x43, 0x3B, 0x01, 0xB4, 0x00, 0x30, 0x09, 0x04, // 0x0750
		0xE3, 0x59, 0x00, 0x26, 0x5C, 0x68, 0xF1, 0x07,
		0x00, 0x33, 0x01, 0x30, 0x60, 0xB4, 0x61, 0xB4, // 0x0760
		0x94, 0x14, 0x00, 0x33, 0x01, 0x2B, 0xC3, 0x70,
		0xC4, 0x68, 0x60, 0xB4, 0xEB, 0x07, 0x1F, 0x38, // 0x0770
		0x13, 0x0C, 0xC2, 0x74, 0xDF, 0x3B, 0x05, 0x08,
		0x1F, 0x28, 0x04, 0x50, 0x01, 0x20, 0x3C, 0x78, // 0x0780
		0xDF, 0x33, 0x0C, 0x64, 0x05, 0x0C, 0x7F, 0x28,
		0x03, 0x50, 0x07, 0x20, 0xF9, 0x07, 0xDF, 0x28, // 0x0790
		0x02, 0x50, 0x13, 0x20, 0xF5, 0x07, 0x01, 0x30,
		0xF3, 0x07, 0x24, 0x14, 0x63, 0xB8, 0x42, 0xB8, // 0x07A0
		0x21, 0xB8, 0x00, 0xB8, 0xD4, 0x14, 0x25, 0x14,
		0x6A, 0x03, 0x0B, 0x1E, 0xAA, 0x98, 0x61, 0xB8, // 0x07B0
		0x00, 0x85, 0x40, 0x38, 0x0A, 0x08, 0x05, 0x14,
		0xEE, 0xD9, 0x04, 0x20, 0xE3, 0x98, 0xC2, 0x98, // 0x07C0
		0xA1, 0x98, 0x80, 0x98, 0x09, 0x14, 0x3C, 0x78,
		0x40, 0xEB, 0x25, 0x00, 0x04, 0x0C, 0xFF, 0xE3, // 0x07D0
		0xD8, 0xFD, 0x52, 0x04, 0x61, 0x85, 0x43, 0xEB,
		0x30, 0x00, 0x50, 0x0C, 0x20, 0x33, 0x00, 0x25, // 0x07E0
		0x60, 0xB8, 0x00, 0x34, 0x0A, 0x30, 0x60, 0x85,
		0x43, 0xE4, 0x2F, 0x10, 0x48, 0x74, 0x08, 0x39, // 0x07F0
		0x48, 0x0C, 0x43, 0xEB, 0x64, 0x00, 0x50, 0x08,
		0x6E, 0x5E, 0x62, 0xB8, 0x60, 0x96, 0xDF, 0x3B, // 0x0800
		0x44, 0x0C, 0x2D, 0x37, 0x00, 0x32, 0x00, 0x2C,
		0x6D, 0x5A, 0x00, 0x36, 0x21, 0x98, 0x0F, 0x6C, // 0x0810
		0x00, 0x26, 0x43, 0x5E, 0x84, 0x60, 0x0A, 0x31,
		0x44, 0xB8, 0x63, 0xB8, 0x00, 0xE0, 0x56, 0x3A, // 0x0820
		0x44, 0x98, 0x63, 0x98, 0x2F, 0x20, 0x00, 0xA2,
		0x0A, 0x31, 0x0F, 0x6C, 0x00, 0xE0, 0x88, 0x39, // 0x0830
		0xC3, 0x6C, 0x40, 0x38, 0xEC, 0x0B, 0x60, 0x98,
		0x1A, 0x61, 0x43, 0xEB, 0x30, 0x00, 0x07, 0x08, // 0x0840
		0x47, 0xEB, 0x2D, 0x00, 0x04, 0x08, 0x2D, 0x30,
		0xFF, 0xE3, 0x9B, 0xFD, 0x20, 0x3C, 0x1F, 0x0C, // 0x0850
		0x60, 0x98, 0x43, 0xEB, 0x20, 0x00, 0x07, 0x08,
		0x47, 0xEB, 0x2D, 0x00, 0x04, 0x08, 0x2D, 0x30, // 0x0860
		0xFF, 0xE3, 0x8F, 0xFD, 0x00, 0x2E, 0x61, 0x98,
		0xD8, 0x60, 0x00, 0x83, 0xFF, 0xE3, 0x89, 0xFD, // 0x0870
		0x40, 0x3E, 0xF9, 0x0B, 0xC2, 0x98, 0x00, 0x25,
		0x9C, 0x07, 0x01, 0x25, 0x30, 0x33, 0xB1, 0x07, // 0x0880
		0x00, 0x7D, 0x00, 0x25, 0x08, 0x61, 0xB0, 0x07,
		0x2B, 0x37, 0xC0, 0x07, 0x00, 0x98, 0x00, 0x2C, // 0x0890
		0xFF, 0xE3, 0x77, 0xFD, 0xDC, 0x07, 0x43, 0xE4,
		0xDF, 0x20, 0x42, 0xEB, 0x58, 0x00, 0x2A, 0x08, // 0x08A0
		0x4E, 0x5E, 0x42, 0xB8, 0x20, 0x2B, 0x56, 0x12,
		0x01, 0x30, 0x20, 0x96, 0x43, 0xB8, 0xCF, 0x6D, // 0x08B0
		0x61, 0xE4, 0x0F, 0x20, 0xCC, 0x74, 0x60, 0xA2,
		0x09, 0x3B, 0x83, 0x6D, 0x14, 0x08, 0x2F, 0x23, // 0x08C0
		0x24, 0x49, 0x60, 0xA2, 0x40, 0x39, 0x00, 0x22,
		0x00, 0x20, 0xF3, 0x0B, 0x1A, 0x61, 0x20, 0x3C, // 0x08D0
		0x0C, 0x0C, 0x00, 0x2E, 0x63, 0x98, 0xD8, 0x60,
		0x00, 0x83, 0xFF, 0xE3, 0x52, 0xFD, 0x40, 0x3E, // 0x08E0
		0xF9, 0x0B, 0xC9, 0x07, 0xDC, 0x60, 0xED, 0x07,
		0x00, 0x98, 0x00, 0x2C, 0xFF, 0xE3, 0x49, 0xFD, // 0x08F0
		0xEF, 0x07, 0x43, 0xEB, 0x73, 0x00, 0x0C, 0x08,
		0x80, 0x96, 0xEE, 0x5E, 0x00, 0x84, 0x40, 0x38, // 0x0900
		0x03, 0x08, 0x9F, 0x6D, 0xB9, 0x07, 0xFF, 0xE3,
		0x3C, 0xFD, 0x00, 0x24, 0xF8, 0x07, 0x43, 0xEB, // 0x0910
		0x25, 0x00, 0xB2, 0x0B, 0x25, 0x30, 0x5C, 0x07,
		0xD0, 0x14, 0x08, 0x30, 0x00, 0xE0, 0x8F, 0x2E, // 0x0920
		0x78, 0x11, 0x0D, 0x32, 0x80, 0x30, 0x43, 0xDC,
		0x54, 0x00, 0x06, 0x40, 0x56, 0x11, 0x51, 0xB3, // 0x0930
		0x00, 0xE0, 0xEB, 0x0A, 0x15, 0x11, 0xFF, 0xE3,
		0x32, 0xFF, 0x90, 0x14, 0xD1, 0x14, 0x71, 0x11, // 0x0940
		0x02, 0x32, 0x03, 0xDC, 0x25, 0x00, 0x03, 0x6D,
		0x43, 0xDC, 0x24, 0x00, 0x00, 0xE0, 0x17, 0x23, // 0x0950
		0x80, 0x30, 0x01, 0x40, 0x00, 0xE0, 0xD9, 0x0A,
		0x53, 0x6C, 0x0D, 0x11, 0xFF, 0xE3, 0x1F, 0xFF, // 0x0960
		0x91, 0x14, 0xD2, 0x14, 0x67, 0x11, 0x20, 0x32,
		0x03, 0x6D, 0x47, 0x6D, 0x43, 0xDC, 0x24, 0x00, // 0x0970
		0x03, 0xDC, 0x25, 0x00, 0x23, 0xDC, 0x26, 0x00,
		0x00, 0xE0, 0x01, 0x23, 0x97, 0x6C, 0x53, 0x6C, // 0x0980
		0x04, 0x11, 0xFF, 0xE3, 0x0C, 0xFF, 0x92, 0x14,
		0xD1, 0x14, 0x9E, 0x10, 0x04, 0xD8, 0x54, 0x00, // 0x0990
		0x00, 0x28, 0x07, 0x38, 0x17, 0x08, 0x00, 0xE0,
		0x69, 0x3A, 0x04, 0x22, 0x41, 0x4B, 0x59, 0x65, // 0x09A0
		0x71, 0x7D, 0x22, 0x33, 0x64, 0xDC, 0x24, 0x00,
		0x00, 0x33, 0x64, 0xDC, 0x25, 0x00, 0x2E, 0x33, // 0x09B0
		0x64, 0xDC, 0x26, 0x00, 0x00, 0xE0, 0xE3, 0x22,
		0x2E, 0x32, 0x00, 0x31, 0x16, 0x10, 0xFF, 0xE3, // 0x09C0
		0xEE, 0xFE, 0x64, 0xD8, 0x54, 0x00, 0x08, 0x3B,
		0x0A, 0x08, 0x80, 0x30, 0x12, 0x40, 0x00, 0xE0, // 0x09D0
		0x9E, 0x2E, 0x64, 0xD8, 0x55, 0x00, 0x00, 0x23,
		0x64, 0xDC, 0x55, 0x00, 0x91, 0x14, 0x07, 0x33, // 0x09E0
		0x64, 0xDC, 0x24, 0x00, 0x30, 0x33, 0x64, 0xDC,
		0x25, 0x00, 0x00, 0xE0, 0xC8, 0x22, 0x30, 0x31, // 0x09F0
		0x0A, 0x10, 0xFF, 0xE3, 0xD4, 0xFE, 0xE6, 0x07,
		0xD6, 0xC1, 0x62, 0xCA, 0x6C, 0x0C, 0x00, 0x20, // 0x0A00
		0x08, 0x02, 0x00, 0x20, 0x0E, 0x10, 0x00, 0x00,
		0xFE, 0x73, 0x00, 0x00, 0x0A, 0x74, 0x00, 0x00, // 0x0A10
		0x15, 0x74, 0x00, 0x00, 0x26, 0x74, 0x00, 0x00,
		0x33, 0x74, 0x00, 0x00, 0x07, 0x33, 0x64, 0xDC, // 0x0A20
		0x24, 0x00, 0x31, 0x33, 0x64, 0xDC, 0x25, 0x00,
		0x00, 0xE0, 0xA9, 0x22, 0x31, 0x31, 0xE1, 0x07, // 0x0A30
		0x7F, 0x00, 0x23, 0xD8, 0xAC, 0x01, 0x63, 0xD8,
		0xB0, 0x01, 0x4E, 0x64, 0x08, 0x0C, 0x04, 0x33, // 0x0A40
		0x02, 0x30, 0x64, 0xDC, 0x54, 0x00, 0xFF, 0xE3,
		0x8E, 0xFF, 0xBC, 0x07, 0x66, 0x01, 0x23, 0xD8, // 0x0A50
		0xAF, 0x01, 0x63, 0xD8, 0xB3, 0x01, 0x4E, 0x64,
		0x06, 0x0C, 0x05, 0x33, 0x03, 0x30, 0x64, 0xDC, // 0x0A60
		0x54, 0x00, 0xF2, 0x07, 0x6C, 0x01, 0x23, 0xD8,
		0xAD, 0x01, 0x63, 0xD8, 0xB1, 0x01, 0x4E, 0x64, // 0x0A70
		0x06, 0x0C, 0x06, 0x33, 0x01, 0x30, 0x64, 0xDC,
		0x54, 0x00, 0xE6, 0x07, 0x72, 0x01, 0x23, 0xD8, // 0x0A80
		0xAE, 0x01, 0x63, 0xD8, 0xB2, 0x01, 0x4E, 0x64,
		0x06, 0x0C, 0x07, 0x33, 0x04, 0x30, 0x64, 0xDC, // 0x0A90
		0x54, 0x00, 0xDA, 0x07, 0x08, 0x33, 0x24, 0xD8,
		0x58, 0x00, 0x64, 0xDC, 0x54, 0x00, 0x00, 0x30, // 0x0AA0
		0xD3, 0x07, 0x5A, 0x01, 0x62, 0x92, 0x63, 0xEC,
		0x02, 0x00, 0x62, 0xB2, 0x3C, 0x78, 0xD0, 0x14, // 0x0AB0
		0xFA, 0x31, 0x22, 0x41, 0x00, 0xE0, 0x32, 0x39,
		0x01, 0x74, 0xC3, 0x6C, 0x15, 0x38, 0x02, 0x08, // 0x0AC0
		0x16, 0x33, 0x8D, 0x74, 0x1D, 0x3A, 0x02, 0x0C,
		0x1D, 0x33, 0x23, 0x02, 0x03, 0x02, 0x40, 0x91, // 0x0AD0
		0x15, 0x2B, 0xCD, 0x74, 0x80, 0x68, 0x61, 0x43,
		0x05, 0x02, 0xC0, 0x60, 0x60, 0x8B, 0xC8, 0x6C, // 0x0AE0
		0x60, 0xB1, 0x90, 0x14, 0xD0, 0x14, 0xFA, 0x31,
		0x22, 0x41, 0x00, 0xE0, 0x17, 0x39, 0x01, 0x74, // 0x0AF0
		0xC3, 0x6C, 0x13, 0x38, 0x02, 0x08, 0x14, 0x33,
		0x0D, 0x74, 0x4F, 0x02, 0x1B, 0x38, 0x20, 0x92, // 0x0B00
		0x02, 0x0C, 0x1B, 0x33, 0x00, 0x30, 0x07, 0x28,
		0x40, 0x68, 0xCD, 0x74, 0x13, 0x2B, 0xC4, 0x6C, // 0x0B10
		0x60, 0xB2, 0x90, 0x14, 0xD1, 0x14, 0x96, 0x02,
		0x09, 0x38, 0x05, 0x08, 0x65, 0x94, 0x8D, 0x3B, // 0x0B20
		0x65, 0xB4, 0x91, 0x14, 0x00, 0xEB, 0x63, 0x00,
		0x0E, 0x08, 0x0A, 0x31, 0x00, 0xE0, 0xF6, 0x38, // 0x0B30
		0x65, 0x94, 0x00, 0x32, 0x0F, 0x2A, 0xC8, 0x68,
		0x0C, 0x6C, 0x05, 0xB4, 0x65, 0x94, 0x63, 0xEC, // 0x0B40
		0x00, 0x20, 0xEF, 0x07, 0x00, 0xEB, 0xFA, 0x00,
		0x07, 0x08, 0x19, 0x31, 0x63, 0x28, 0x00, 0xE0, // 0x0B50
		0xE5, 0x38, 0x08, 0x20, 0xEE, 0x07, 0x0F, 0x30,
		0xEC, 0x07, 0x64, 0x03, 0x40, 0x38, 0x41, 0x93, // 0x0B60
		0x42, 0xEC, 0x40, 0x00, 0x41, 0xB3, 0x41, 0x93,
		0x05, 0x0C, 0x42, 0xEC, 0x20, 0x00, 0x41, 0xB3, // 0x0B70
		0x3C, 0x78, 0x85, 0x3A, 0xFD, 0x07, 0x6A, 0x03,
		0x2A, 0x03, 0x43, 0x93, 0x84, 0x6C, 0x43, 0xB3, // 0x0B80
		0x40, 0x93, 0x42, 0xEC, 0x24, 0x41, 0x40, 0xB3,
		0x3C, 0x78, 0xD0, 0x14, 0x0A, 0x31, 0x00, 0xE0, // 0x0B90
		0xC5, 0x38, 0x03, 0xEA, 0xFF, 0x0F, 0x00, 0xEB,
		0xFF, 0x0F, 0x03, 0xC4, 0x40, 0x0C, 0x74, 0x03, // 0x0BA0
		0x43, 0x93, 0xBB, 0x3A, 0x43, 0xB3, 0x43, 0x93,
		0x92, 0x3A, 0x93, 0x3A, 0x43, 0xB3, 0x43, 0x93, // 0x0BB0
		0xB2, 0x3A, 0xB3, 0x3A, 0x43, 0xB3, 0x01, 0xB3,
		0x90, 0x14, 0xD2, 0x14, 0x9A, 0x03, 0x80, 0x30, // 0x0BC0
		0x63, 0x94, 0x07, 0x40, 0xC0, 0x68, 0x40, 0x3B,
		0x13, 0x0C, 0x7C, 0x03, 0x59, 0x13, 0x61, 0x8B, // 0x0BD0
		0x42, 0xD8, 0xB5, 0x10, 0xCA, 0x60, 0x23, 0xEB,
		0x31, 0x00, 0x0B, 0x0C, 0x00, 0xE0, 0x91, 0x2D, // 0x0BE0
		0xA4, 0xD8, 0x26, 0x10, 0x17, 0x6C, 0xFF, 0xE3,
		0xD2, 0xFF, 0xA4, 0xDC, 0x25, 0x10, 0x92, 0x14, // 0x0BF0
		0x64, 0x31, 0x1A, 0x13, 0xFF, 0xE3, 0x61, 0xFC,
		0xFB, 0x07, 0x79, 0x13, 0x60, 0x93, 0x63, 0xE4, // 0x0C00
		0x7F, 0x20, 0xC0, 0x68, 0x40, 0x3B, 0x0D, 0x08,
		0x23, 0xEA, 0x01, 0x40, 0x07, 0x48, 0x60, 0x93, // 0x0C10
		0x00, 0xE4, 0x1F, 0x20, 0x0C, 0x68, 0x40, 0x38,
		0x00, 0xC4, 0x00, 0x05, 0x00, 0x74, 0x3C, 0x78, // 0x0C20
		0x01, 0x30, 0xFE, 0x07, 0xC1, 0x14, 0x44, 0x74,
		0x4D, 0x13, 0x40, 0x39, 0x60, 0xE4, 0x7F, 0x20, // 0x0C30
		0x81, 0x92, 0x0F, 0x0C, 0xD0, 0x6C, 0x61, 0xB2,
		0x40, 0x39, 0x07, 0x48, 0x23, 0xEA, 0x01, 0x40, // 0x0C40
		0x00, 0xE4, 0x1F, 0x20, 0x41, 0x93, 0x08, 0x0C,
		0x02, 0xC4, 0x40, 0x20, 0x01, 0xB3, 0x81, 0x14, // 0x0C50
		0x64, 0xC4, 0x43, 0x20, 0xF1, 0x07, 0x08, 0x6C,
		0xFA, 0x07, 0xD0, 0x14, 0x61, 0x13, 0x20, 0x93, // 0x0C60
		0xC5, 0x74, 0x40, 0x3B, 0x07, 0x0C, 0x4F, 0x6C,
		0x1F, 0x12, 0x00, 0xE0, 0x69, 0x37, 0x01, 0x74, // 0x0C70
		0x90, 0x14, 0x01, 0x30, 0xFD, 0x07, 0xD4, 0x14,
		0xDC, 0x12, 0x8E, 0x12, 0x21, 0x8E, 0x51, 0x8C, // 0x0C80
		0xB4, 0x12, 0x48, 0x64, 0x17, 0x08, 0x1A, 0x12,
		0xFF, 0xE3, 0x89, 0xFD, 0x80, 0x30, 0x01, 0x40, // 0x0C90
		0x00, 0xE0, 0x3D, 0x2D, 0x32, 0x33, 0x03, 0x30,
		0x64, 0xB5, 0x04, 0x33, 0x64, 0xDC, 0x90, 0x01, // 0x0CA0
		0x65, 0xDC, 0x5B, 0x00, 0x00, 0xE0, 0xB6, 0x2C,
		0x05, 0xD8, 0x5B, 0x00, 0xFF, 0xE3, 0x48, 0xFE, // 0x0CB0
		0x94, 0x14, 0x08, 0x41, 0x06, 0x60, 0x01, 0xEA,
		0x34, 0x21, 0x00, 0xE0, 0x41, 0x37, 0xFF, 0x33, // 0x0CC0
		0x00, 0xEB, 0xFF, 0x00, 0x03, 0xC4, 0x40, 0x0C,
		0x01, 0x33, 0x00, 0x74, 0x65, 0xDC, 0x24, 0x00, // 0x0CD0
		0x04, 0xDC, 0xA0, 0x01, 0x05, 0xDC, 0x25, 0x00,
		0xFF, 0xE3, 0xC1, 0xFF, 0x0A, 0x31, 0xC3, 0x6D, // 0x0CE0
		0x00, 0xE0, 0x1C, 0x38, 0x01, 0x74, 0x04, 0xDC,
		0xBA, 0x10, 0x04, 0xDC, 0x60, 0x10, 0x00, 0xE0, // 0x0CF0
		0x46, 0x21, 0x80, 0x30, 0x08, 0x40, 0x00, 0xE0,
		0x08, 0x09, 0x41, 0x8E, 0x7D, 0x11, 0x24, 0xD8, // 0x0D00
		0xA0, 0x01, 0x1D, 0x11, 0x44, 0xDC, 0xB6, 0x10,
		0x71, 0xB5, 0xFF, 0xE3, 0x48, 0xFD, 0x64, 0x31, // 0x0D10
		0x1F, 0x6C, 0x00, 0xE0, 0x5D, 0x38, 0x01, 0x75,
		0x64, 0x31, 0x1F, 0x6C, 0x00, 0xE0, 0xFE, 0x37, // 0x0D20
		0x41, 0x74, 0x93, 0x6C, 0x15, 0x11, 0xFF, 0xE3,
		0x3A, 0xFD, 0xC3, 0x07, 0xD0, 0x14, 0x74, 0x11, // 0x0D30
		0x40, 0x38, 0x40, 0x93, 0x0C, 0x0C, 0x42, 0xEC,
		0x03, 0x00, 0x40, 0xB3, 0x01, 0x31, 0x03, 0x30, // 0x0D40
		0x00, 0xE0, 0xE2, 0x34, 0x6F, 0x11, 0x08, 0x32,
		0x40, 0xB3, 0x90, 0x14, 0x42, 0xEC, 0x01, 0x00, // 0x0D50
		0x40, 0xB3, 0x40, 0x93, 0x81, 0x3A, 0xF2, 0x07,
		0x6B, 0x11, 0x01, 0xEA, 0x6F, 0x28, 0x41, 0x93, // 0x0D60
		0x85, 0x68, 0x41, 0xB3, 0x04, 0x68, 0x41, 0x93,
		0x08, 0x6C, 0x01, 0xB3, 0x3C, 0x78, 0xC1, 0x14, // 0x0D70
		0x26, 0x11, 0x67, 0x11, 0x90, 0x81, 0x40, 0x93,
		0x12, 0x64, 0x09, 0x0C, 0x10, 0xA1, 0x21, 0xEA, // 0x0D80
		0x01, 0xFF, 0x10, 0x40, 0x00, 0x29, 0x84, 0x68,
		0x08, 0x6C, 0x00, 0xB3, 0x41, 0x93, 0x42, 0xEC, // 0x0D90
		0x01, 0x00, 0x41, 0xB3, 0x81, 0x14, 0x7F, 0x10,
		0x40, 0x39, 0x40, 0x93, 0x3E, 0x0C, 0x42, 0xEC, // 0x0DA0
		0x02, 0x00, 0x40, 0xB3, 0x40, 0x38, 0x40, 0x93,
		0x3A, 0x0C, 0x42, 0xEC, 0x09, 0x00, 0x33, 0x04, // 0x0DB0
		0x00, 0x00, 0x00, 0x20, 0x00, 0xF0, 0x01, 0x40,
		0x00, 0x50, 0x01, 0x40, 0xFF, 0xF1, 0xFF, 0xFF, // 0x0DC0
		0x8C, 0x7E, 0x00, 0x00, 0x00, 0x60, 0x01, 0x40,
		0x00, 0x30, 0x01, 0x40, 0x40, 0x10, 0x00, 0x08, // 0x0DD0
		0x08, 0x02, 0x00, 0x20, 0xD0, 0x04, 0x00, 0x20,
		0xCA, 0x0B, 0x00, 0x00, 0x00, 0x60, 0x00, 0x40, // 0x0DE0
		0x00, 0x20, 0x01, 0x40, 0x00, 0x40, 0x42, 0x0F,
		0x30, 0x0C, 0x00, 0x20, 0x3F, 0x74, 0x00, 0x00, // 0x0DF0
		0x6A, 0x0E, 0x00, 0x00, 0x65, 0x74, 0x00, 0x00,
		0x77, 0x74, 0x00, 0x00, 0x00, 0x30, 0x00, 0x40, // 0x0E00
		0x00, 0xE1, 0x00, 0xE0, 0x00, 0xC0, 0x01, 0x40,
		0x6C, 0x0C, 0x00, 0x20, 0x00, 0x90, 0x00, 0x40, // 0x0E10
		0x00, 0x10, 0x01, 0x40, 0x40, 0xB3, 0x3C, 0x78,
		0x81, 0x3A, 0xC4, 0x07, 0x80, 0x3A, 0x83, 0x3A, // 0x0E20
		0xFA, 0x07, 0xD1, 0x14, 0x03, 0x6D, 0x43, 0x6C,
		0x00, 0x30, 0xFF, 0xE3, 0xB6, 0xFF, 0x53, 0x6C, // 0x0E30
		0x01, 0x30, 0xFF, 0xE3, 0xB2, 0xFF, 0x01, 0x31,
		0x0F, 0x30, 0x00, 0xE0, 0x65, 0x34, 0x48, 0x00, // 0x0E40
		0x80, 0x33, 0x68, 0x43, 0x60, 0xB2, 0x91, 0x14,
		0x80, 0x60, 0x82, 0x64, 0x02, 0x08, 0x3C, 0x78, // 0x0E50
		0x60, 0x81, 0x00, 0x21, 0x60, 0xA0, 0x00, 0x20,
		0xF9, 0x07, 0xD2, 0x14, 0x6F, 0x00, 0x62, 0x8B, // 0x0E60
		0x03, 0xEB, 0xB8, 0x0B, 0x06, 0x0C, 0x10, 0x00,
		0xFF, 0xE3, 0x99, 0xFC, 0x00, 0xE0, 0xC8, 0x37, // 0x0E70
		0x20, 0x31, 0x12, 0x00, 0x92, 0x00, 0x00, 0xE0,
		0x9F, 0x26, 0x71, 0x33, 0xB3, 0x00, 0x08, 0x31, // 0x0E80
		0x64, 0xDC, 0x24, 0x00, 0x12, 0x33, 0x05, 0xE4,
		0x97, 0x01, 0x64, 0xDC, 0x25, 0x00, 0x68, 0x8D, // 0x0E90
		0x48, 0x43, 0x68, 0x4B, 0xC8, 0x6C, 0x73, 0xAC,
		0x64, 0xD8, 0x28, 0x00, 0x00, 0x32, 0x7F, 0x2A, // 0x0EA0
		0xC8, 0x68, 0x64, 0xDC, 0x28, 0x00, 0x00, 0x33,
		0x64, 0xDC, 0x29, 0x00, 0x60, 0x33, 0x64, 0xDC, // 0x0EB0
		0x2A, 0x00, 0x00, 0x33, 0x78, 0x2B, 0x64, 0xDC,
		0x2B, 0x00, 0x00, 0xE0, 0x7D, 0x26, 0x08, 0x32, // 0x0EC0
		0x24, 0xE4, 0x23, 0x00, 0x05, 0xE4, 0x97, 0x01,
		0xFF, 0xE3, 0xC0, 0xFF, 0x65, 0xD8, 0xCD, 0x10, // 0x0ED0
		0x48, 0x43, 0x68, 0x4B, 0xC8, 0x6C, 0x65, 0xDC,
		0xCD, 0x10, 0x00, 0xE0, 0x50, 0x20, 0x80, 0x30, // 0x0EE0
		0x09, 0x40, 0x00, 0xE0, 0x12, 0x08, 0x6C, 0x01,
		0x28, 0x8D, 0x0C, 0x01, 0x71, 0xB4, 0xFF, 0xE3, // 0x0EF0
		0x56, 0xFC, 0x92, 0x14, 0xD2, 0x14, 0x23, 0x14,
		0x01, 0x31, 0x08, 0x30, 0xB0, 0x01, 0xFF, 0xE3, // 0x0F00
		0x93, 0xFE, 0x10, 0x01, 0x95, 0x01, 0xFF, 0xE3,
		0x4A, 0xFC, 0x17, 0x6C, 0x05, 0x31, 0x00, 0xE0, // 0x0F10
		0x53, 0x26, 0x0A, 0x33, 0x44, 0xD8, 0x80, 0x00,
		0x64, 0xDC, 0xA4, 0x01, 0x2B, 0x33, 0x44, 0x42, // 0x0F20
		0x64, 0xDC, 0xA7, 0x01, 0x64, 0xD8, 0x80, 0x00,
		0x63, 0xE4, 0x03, 0x20, 0x24, 0x43, 0x64, 0xD8, // 0x0F30
		0xA8, 0x01, 0x63, 0xE4, 0x8F, 0x20, 0xC4, 0x6C,
		0x42, 0xE4, 0x40, 0x20, 0xC8, 0x6C, 0x64, 0xDC, // 0x0F40
		0xA8, 0x01, 0x64, 0xD8, 0xA6, 0x01, 0x00, 0x32,
		0x07, 0x2A, 0xC8, 0x68, 0x64, 0xDC, 0xA6, 0x01, // 0x0F50
		0x04, 0x33, 0x80, 0x30, 0x64, 0xDC, 0xB0, 0x01,
		0x0A, 0x33, 0x12, 0x40, 0x64, 0xDC, 0xB2, 0x01, // 0x0F60
		0x64, 0xDC, 0xB1, 0x01, 0x64, 0xD8, 0x80, 0x00,
		0x64, 0xDC, 0xB3, 0x01, 0x64, 0xD8, 0x6C, 0x20, // 0x0F70
		0x64, 0xDC, 0x6B, 0x20, 0x00, 0xE0, 0xCB, 0x2B,
		0x80, 0x30, 0x0F, 0x40, 0x00, 0xE0, 0xC7, 0x2B, // 0x0F80
		0x64, 0xD8, 0xA8, 0x01, 0x00, 0x32, 0x7F, 0x2A,
		0xC8, 0x6C, 0x64, 0xDC, 0xA8, 0x01, 0x00, 0x33, // 0x0F90
		0x19, 0x02, 0x57, 0x6C, 0x60, 0xDC, 0x58, 0x00,
		0x31, 0x33, 0x05, 0x32, 0x64, 0xDC, 0xAC, 0x01, // 0x0FA0
		0x00, 0x33, 0x64, 0xDC, 0xAD, 0x01, 0x64, 0xDC,
		0xAE, 0x01, 0x64, 0xD8, 0x80, 0x00, 0x64, 0xDC, // 0x0FB0
		0xAF, 0x01, 0x7B, 0x02, 0x71, 0xB0, 0x51, 0x33,
		0x60, 0xDC, 0x24, 0x00, 0x24, 0x20, 0xFF, 0xE3, // 0x0FC0
		0x45, 0xFF, 0x00, 0xE0, 0xDC, 0x1F, 0x80, 0x30,
		0x0A, 0x40, 0x00, 0xE0, 0x9E, 0x07, 0x04, 0xD8, // 0x0FD0
		0xA8, 0x01, 0xA4, 0xD8, 0xA7, 0x01, 0x44, 0xD8,
		0xA4, 0x01, 0x27, 0x48, 0x9A, 0x40, 0x19, 0x40, // 0x0FE0
		0x65, 0xE4, 0x07, 0x20, 0x9E, 0x4C, 0x1F, 0x48,
		0xA3, 0x4D, 0x01, 0xB8, 0x42, 0xE4, 0x3F, 0x20, // 0x0FF0
		0x82, 0xB8, 0xA0, 0xB8, 0x0B, 0x03, 0xFF, 0xE3,
		0xD2, 0xFB, 0x03, 0x14, 0x92, 0x14, 0xD4, 0x14, // 0x1000
		0x27, 0x14, 0x75, 0x03, 0x0F, 0x6D, 0x43, 0x93,
		0x42, 0xE4, 0x04, 0x20, 0x40, 0x3A, 0x06, 0x0C, // 0x1010
		0x16, 0x31, 0x13, 0x03, 0xFF, 0xE3, 0x51, 0xFA,
		0x0D, 0x04, 0x43, 0x93, 0x42, 0xE4, 0x00, 0x21, // 0x1020
		0x40, 0xB8, 0x40, 0x3A, 0x09, 0x0C, 0x32, 0x32,
		0x03, 0xD8, 0x5B, 0x00, 0x44, 0xB3, 0xFF, 0xE3, // 0x1030
		0x87, 0xFC, 0x07, 0x14, 0x94, 0x14, 0x63, 0xD8,
		0x59, 0x00, 0xBD, 0x13, 0x43, 0x3B, 0x7C, 0x03, // 0x1040
		0x61, 0xB8, 0xC9, 0x08, 0x45, 0x94, 0x60, 0x93,
		0xCA, 0x60, 0x45, 0xD8, 0x2D, 0x10, 0xC8, 0x64, // 0x1050
		0x0A, 0x08, 0x63, 0x94, 0x63, 0xE4, 0x08, 0x20,
		0x40, 0x3B, 0x09, 0x0C, 0x65, 0xD8, 0xB4, 0x41, // 0x1060
		0x40, 0x3B, 0x05, 0x0C, 0x64, 0xD8, 0x54, 0x00,
		0x4C, 0x3B, 0x73, 0x08, 0x77, 0x13, 0x25, 0xD8, // 0x1070
		0xA7, 0x01, 0x40, 0x93, 0x61, 0xE4, 0x07, 0x20,
		0x23, 0x49, 0xC4, 0x60, 0x3F, 0x94, 0x62, 0x43, // 0x1080
		0x1C, 0x21, 0xC4, 0x60, 0xC8, 0x64, 0x03, 0x08,
		0x01, 0x31, 0xC4, 0x07, 0x6F, 0x13, 0x60, 0x93, // 0x1090
		0x65, 0xB4, 0x65, 0xD8, 0x45, 0x20, 0x63, 0xE4,
		0x60, 0x20, 0x43, 0xEB, 0x60, 0x00, 0x06, 0x08, // 0x10A0
		0xFF, 0xE3, 0x77, 0xF9, 0x32, 0x33, 0x64, 0xB4,
		0xC5, 0x07, 0x80, 0x33, 0xE3, 0x94, 0x71, 0x43, // 0x10B0
		0xCC, 0x69, 0x40, 0x3F, 0xF6, 0x0B, 0x66, 0x13,
		0x26, 0x13, 0x60, 0x83, 0x00, 0x23, 0x25, 0x3B, // 0x10C0
		0x67, 0xC4, 0x20, 0x0C, 0x61, 0x43, 0x44, 0x13,
		0x8C, 0x60, 0xC4, 0x60, 0x40, 0x8A, 0xFA, 0x31, // 0x10D0
		0x02, 0xE4, 0x09, 0x00, 0x44, 0xD8, 0x5D, 0x00,
		0x80, 0x60, 0x00, 0x8B, 0x22, 0x41, 0x08, 0x7C, // 0x10E0
		0x40, 0xB8, 0x00, 0xE0, 0x1B, 0x36, 0x40, 0x98,
		0x83, 0x6D, 0x0B, 0x6C, 0x00, 0xE0, 0xE6, 0x26, // 0x10F0
		0x2F, 0x20, 0x01, 0x40, 0x14, 0x60, 0x60, 0x80,
		0x40, 0x98, 0x8C, 0x7D, 0x00, 0xD8, 0x01, 0x40, // 0x1100
		0x32, 0x33, 0x0C, 0x7C, 0xC7, 0x56, 0x80, 0x61,
		0x09, 0x74, 0xDF, 0x3E, 0xC7, 0xC4, 0x40, 0x0C, // 0x1110
		0xFF, 0xE3, 0x70, 0xF8, 0x03, 0xEA, 0xFF, 0xFF,
		0x18, 0x60, 0x00, 0xEB, 0xFF, 0xFF, 0x60, 0xC4, // 0x1120
		0x20, 0x0C, 0x1D, 0xB4, 0x65, 0xDC, 0xB8, 0x10,
		0x01, 0xEA, 0x88, 0x13, 0x07, 0x40, 0x00, 0xE0, // 0x1130
		0xF5, 0x35, 0xFF, 0x33, 0x00, 0xEB, 0xFF, 0x00,
		0x03, 0xC4, 0x40, 0x0C, 0x04, 0x33, 0x04, 0xDC, // 0x1140
		0x25, 0x00, 0x64, 0xDC, 0x24, 0x00, 0x05, 0xDC,
		0xDB, 0x10, 0x00, 0xE0, 0x18, 0x1F, 0xAB, 0x07, // 0x1150
		0x63, 0x94, 0x63, 0xE4, 0x00, 0x22, 0x40, 0x3B,
		0x19, 0x0C, 0x80, 0x30, 0x02, 0x40, 0x00, 0xE0, // 0x1160
		0xD0, 0x2A, 0x80, 0x30, 0x12, 0x40, 0x00, 0xE0,
		0xD2, 0x2A, 0x09, 0x33, 0x64, 0xDC, 0x24, 0x00, // 0x1170
		0x00, 0x33, 0x64, 0xDC, 0x25, 0x00, 0x00, 0xE0,
		0x02, 0x1F, 0x18, 0x11, 0xFF, 0xE3, 0x0F, 0xFB, // 0x1180
		0x0E, 0x33, 0x64, 0xDC, 0x54, 0x00, 0x14, 0x33,
		0x8F, 0x07, 0x63, 0x94, 0x63, 0xE4, 0x00, 0x24, // 0x1190
		0x40, 0x3B, 0x15, 0x0C, 0x80, 0x30, 0x03, 0x40,
		0x00, 0xE0, 0xB3, 0x2A, 0x20, 0x32, 0x30, 0x11, // 0x11A0
		0x01, 0x11, 0xFF, 0xE3, 0x53, 0xFE, 0x00, 0xE0,
		0xEA, 0x1E, 0x80, 0x30, 0x04, 0x40, 0x00, 0xE0, // 0x11B0
		0xAE, 0x2A, 0x80, 0x30, 0x06, 0x40, 0x00, 0xE0,
		0x3A, 0x2A, 0x3C, 0x07, 0x69, 0x11, 0x66, 0xB8, // 0x11C0
		0x40, 0x93, 0x40, 0x3A, 0x08, 0x08, 0x68, 0x11,
		0xC8, 0x11, 0x60, 0x93, 0x62, 0xB8, 0x40, 0x3B, // 0x11D0
		0x7A, 0x08, 0x60, 0xA6, 0xFF, 0xE3, 0x43, 0xFD,
		0xC5, 0x11, 0x0A, 0x31, 0x00, 0xE0, 0x9E, 0x35, // 0x11E0
		0x61, 0x8E, 0xCF, 0x6D, 0x65, 0xDC, 0xB4, 0x10,
		0x62, 0x8E, 0x41, 0x74, 0x65, 0xDC, 0xB0, 0x10, // 0x11F0
		0x60, 0x8E, 0x25, 0xDC, 0xBA, 0x10, 0x65, 0xDC,
		0xB2, 0x10, 0x63, 0x8E, 0x1D, 0x10, 0x65, 0xDC, // 0x1200
		0xBC, 0x10, 0x00, 0x21, 0x00, 0xE0, 0x9C, 0x34,
		0x61, 0x98, 0x25, 0x94, 0x40, 0x93, 0x86, 0x60, // 0x1210
		0x25, 0xD8, 0x2D, 0x10, 0x30, 0x04, 0x00, 0x00,
		0x00, 0xE1, 0x00, 0xE0, 0x30, 0x0C, 0x00, 0x20, // 0x1220
		0x88, 0x74, 0x00, 0x00, 0x2C, 0x02, 0x00, 0x20,
		0x08, 0x02, 0x00, 0x20, 0x00, 0x00, 0x00, 0x20, // 0x1230
		0x04, 0x0F, 0x00, 0x00, 0x93, 0x74, 0x00, 0x00,
		0xA4, 0x01, 0x00, 0x20, 0xAA, 0x74, 0x00, 0x00, // 0x1240
		0x0E, 0x10, 0x00, 0x00, 0xB8, 0x74, 0x00, 0x00,
		0xF0, 0x04, 0x00, 0x20, 0x50, 0x0C, 0x00, 0x20, // 0x1250
		0x5E, 0x0C, 0x00, 0x20, 0x52, 0x0C, 0x00, 0x20,
		0xFC, 0x74, 0x00, 0x00, 0x20, 0x01, 0x00, 0x20, // 0x1260
		0xC8, 0x05, 0x00, 0x20, 0xF4, 0x0A, 0x00, 0x20,
		0xCC, 0x05, 0x00, 0x20, 0xD0, 0x04, 0x00, 0x20, // 0x1270
		0xA0, 0x68, 0x06, 0x00, 0x05, 0xDC, 0xBB, 0x10,
		0x84, 0x64, 0x81, 0x0C, 0x44, 0xD8, 0x54, 0x00, // 0x1280
		0x4C, 0x3A, 0x7D, 0x0C, 0x73, 0x02, 0x43, 0x94,
		0x8C, 0x68, 0xDF, 0x6C, 0x40, 0x3A, 0x5B, 0x0C, // 0x1290
		0xFF, 0xE3, 0xF2, 0xF7, 0xC3, 0x6D, 0x64, 0xD8,
		0x54, 0x00, 0x09, 0x2B, 0xCC, 0x74, 0x01, 0x3B, // 0x12A0
		0x08, 0x08, 0x67, 0xE4, 0x08, 0x00, 0xCC, 0x74,
		0x12, 0x3B, 0x00, 0x33, 0xE3, 0xC4, 0x20, 0x0C, // 0x12B0
		0x51, 0x94, 0x7D, 0x02, 0xCA, 0x64, 0x65, 0x0C,
		0x64, 0xD8, 0x56, 0x00, 0x44, 0x3B, 0x61, 0x0C, // 0x12C0
		0x32, 0x33, 0x68, 0x04, 0x41, 0x03, 0x60, 0x86,
		0x07, 0x37, 0x00, 0x30, 0x44, 0xB8, 0x43, 0xB8, // 0x12D0
		0x45, 0x43, 0x25, 0x43, 0x45, 0xB8, 0x44, 0x98,
		0x84, 0x60, 0x40, 0x92, 0x22, 0x98, 0x48, 0x68, // 0x12E0
		0x40, 0x39, 0x25, 0x0C, 0x40, 0x38, 0x02, 0x0C,
		0x60, 0xA6, 0x66, 0x98, 0x01, 0x31, 0x0A, 0x03, // 0x12F0
		0x8A, 0x6C, 0x20, 0xB3, 0x60, 0x90, 0xC8, 0x68,
		0x60, 0xB0, 0x65, 0xD8, 0x75, 0x20, 0x8C, 0x68, // 0x1300
		0x61, 0x98, 0x45, 0xDC, 0x75, 0x20, 0x40, 0x93,
		0x25, 0x98, 0x70, 0x03, 0x45, 0xB3, 0x63, 0x98, // 0x1310
		0x4C, 0x60, 0x62, 0x91, 0xCD, 0x7B, 0x60, 0x86,
		0x43, 0x98, 0x65, 0x43, 0xC8, 0x60, 0x41, 0x93, // 0x1320
		0x35, 0x03, 0x74, 0x03, 0x14, 0x03, 0xFF, 0xE3,
		0x3A, 0xFA, 0x84, 0x06, 0x00, 0x23, 0xCC, 0x74, // 0x1330
		0x00, 0x32, 0x06, 0x3B, 0x62, 0xC4, 0x40, 0x0C,
		0x43, 0x5F, 0xC8, 0x75, 0x01, 0x30, 0x40, 0x3F, // 0x1340
		0xC8, 0x0B, 0x48, 0x07, 0x58, 0x8D, 0x22, 0xE4,
		0xE7, 0x03, 0xC5, 0x65, 0x11, 0x0C, 0xFF, 0xE3, // 0x1350
		0x93, 0xF7, 0xC3, 0x6D, 0x14, 0x33, 0x45, 0xD8,
		0x44, 0x20, 0x8C, 0x64, 0x9D, 0x0B, 0x1E, 0x31, // 0x1360
		0x1D, 0x13, 0xFF, 0xE3, 0xAA, 0xF8, 0x1D, 0x13,
		0xFF, 0xE3, 0x19, 0xFA, 0x95, 0x07, 0xC8, 0x64, // 0x1370
		0x03, 0x32, 0x14, 0x33, 0x20, 0x37, 0x62, 0xC4,
		0x20, 0x0C, 0xEE, 0x07, 0x00, 0x37, 0x8C, 0x07, // 0x1380
		0xDF, 0x3F, 0xDF, 0x6C, 0x03, 0x0C, 0x00, 0x33,
		0xDE, 0x60, 0x24, 0x3B, 0x9A, 0x0F, 0x65, 0xD8, // 0x1390
		0x2C, 0x10, 0x80, 0x30, 0x64, 0xB4, 0x06, 0x40,
		0x63, 0x94, 0xC0, 0x68, 0x40, 0x3B, 0x19, 0x0C, // 0x13A0
		0x00, 0x33, 0x04, 0x2B, 0xDD, 0x64, 0x51, 0x08,
		0x00, 0xE0, 0xAB, 0x29, 0x00, 0x33, 0x4C, 0x13, // 0x13B0
		0x64, 0xDC, 0x5C, 0x00, 0x00, 0x37, 0x60, 0x92,
		0x88, 0x3B, 0x60, 0xB2, 0x09, 0x2F, 0x04, 0xD8, // 0x13C0
		0x5D, 0x00, 0xFF, 0xE3, 0xA9, 0xFB, 0x24, 0xD8,
		0x5C, 0x00, 0x06, 0x13, 0xFF, 0xE3, 0xE7, 0xF9, // 0x13D0
		0x65, 0xD8, 0x44, 0x20, 0x00, 0x23, 0x65, 0xDC,
		0x44, 0x20, 0x65, 0xD8, 0xB4, 0x41, 0xE3, 0xC4, // 0x13E0
		0x42, 0x24, 0x8A, 0x74, 0xDF, 0x3A, 0x0F, 0x0C,
		0xDC, 0x60, 0x24, 0x3B, 0x0C, 0x0C, 0xDF, 0x3F, // 0x13F0
		0xDF, 0x6C, 0x03, 0x0C, 0x00, 0x33, 0xDE, 0x60,
		0x21, 0x3B, 0x05, 0x08, 0x7F, 0x4F, 0xCC, 0x61, // 0x1400
		0xE1, 0x57, 0xDE, 0x75, 0x03, 0x33, 0xE5, 0xDC,
		0xB4, 0x01, 0x64, 0xDC, 0x24, 0x00, 0xE4, 0xDC, // 0x1410
		0x25, 0x00, 0x00, 0xE0, 0xB4, 0x1D, 0x6B, 0x12,
		0x01, 0x31, 0x60, 0x93, 0x23, 0xC4, 0x22, 0x20, // 0x1420
		0x40, 0x3A, 0x07, 0x08, 0x10, 0x12, 0xC3, 0x6D,
		0x40, 0x90, 0x48, 0x68, 0x40, 0x39, 0x32, 0x0C, // 0x1430
		0x63, 0xE4, 0x00, 0x22, 0x40, 0x3B, 0x4D, 0x08,
		0x80, 0x30, 0x04, 0x40, 0x00, 0xE0, 0x67, 0x29, // 0x1440
		0x6A, 0x12, 0x01, 0x32, 0x40, 0xB3, 0x45, 0x04,
		0x64, 0xD8, 0x5C, 0x00, 0x42, 0x5B, 0x14, 0x3B, // 0x1450
		0x44, 0xDC, 0x5C, 0x00, 0xB9, 0x0F, 0x0B, 0x33,
		0x05, 0x30, 0x65, 0xDC, 0x90, 0x01, 0x65, 0xD8, // 0x1460
		0x40, 0x20, 0x63, 0xEC, 0x00, 0x10, 0x65, 0xDC,
		0x40, 0x20, 0x00, 0xE0, 0xD3, 0x28, 0x00, 0x12, // 0x1470
		0xFF, 0xE3, 0x95, 0xF9, 0xA9, 0x07, 0x14, 0x33,
		0x35, 0x04, 0x7C, 0x11, 0x00, 0x98, 0x60, 0x93, // 0x1480
		0x40, 0x3B, 0x14, 0x33, 0x03, 0xC4, 0x40, 0x0C,
		0x00, 0xB8, 0x7F, 0x33, 0xCA, 0x60, 0xC2, 0x60, // 0x1490
		0x3C, 0x04, 0x25, 0xD8, 0x45, 0x20, 0x01, 0xE4,
		0x08, 0x20, 0x40, 0x38, 0x06, 0x0C, 0x03, 0x94, // 0x14A0
		0x00, 0xE4, 0x18, 0x20, 0x40, 0x38, 0x0E, 0x08,
		0x21, 0xE4, 0x10, 0x20, 0x40, 0x39, 0xC1, 0x0F, // 0x14B0
		0x23, 0x94, 0x21, 0xE4, 0x08, 0x20, 0x40, 0x39,
		0xBC, 0x0F, 0x24, 0xD8, 0x56, 0x00, 0x40, 0x39, // 0x14C0
		0xB8, 0x0B, 0x42, 0xEC, 0x0F, 0x00, 0x21, 0x11,
		0x0A, 0x11, 0x40, 0xB7, 0xFF, 0xE3, 0x67, 0xF9, // 0x14D0
		0x62, 0x8E, 0x03, 0xEB, 0xDF, 0x2E, 0xD0, 0x0B,
		0x60, 0x8E, 0x03, 0xEB, 0xB8, 0x0B, 0xCC, 0x0F, // 0x14E0
		0x00, 0x33, 0x65, 0xDC, 0x29, 0x10, 0x64, 0x11,
		0x4F, 0x6C, 0x40, 0x93, 0x40, 0x3A, 0x40, 0xE8, // 0x14F0
		0xA2, 0xFD, 0x61, 0x98, 0x40, 0x93, 0x74, 0x10,
		0x65, 0x93, 0x8E, 0x60, 0x62, 0xE4, 0x1E, 0x00, // 0x1500
		0x03, 0xEB, 0x96, 0x00, 0xBB, 0x0F, 0x08, 0x33,
		0x64, 0xB4, 0x00, 0x33, 0x60, 0xB1, 0x00, 0xE8, // 0x1510
		0x92, 0xFD, 0xC3, 0x6C, 0x40, 0x81, 0x40, 0x3A,
		0x40, 0xA3, 0x02, 0x08, 0x3C, 0x78, 0x00, 0x21, // 0x1520
		0x00, 0x23, 0xF9, 0x07, 0xC3, 0x6C, 0x40, 0x83,
		0x40, 0x3A, 0x03, 0x08, 0x01, 0x5B, 0x3C, 0x78, // 0x1530
		0x00, 0x23, 0xFA, 0x07, 0x18, 0x00, 0x00, 0x01,
		0x0E, 0x10, 0x00, 0x00, 0x5C, 0x6A, 0x00, 0x00, // 0x1540
		0xD0, 0x05, 0x00, 0x20, 0x6C, 0x0C, 0x00, 0x20,
		0x3C, 0x6B, 0x00, 0x00, 0x05, 0x75, 0x00, 0x00, // 0x1550
		0x0D, 0x75, 0x00, 0x00, 0x10, 0x66, 0x00, 0x00,
		0x19, 0x75, 0x00, 0x00, 0x00, 0x50, 0x01, 0x40, // 0x1560
		0x59, 0x75, 0x00, 0x00, 0xF4, 0x0A, 0x00, 0x20,
		0xC4, 0x05, 0x00, 0x20, 0x32, 0x75, 0x00, 0x00, // 0x1570
		0x67, 0x75, 0x00, 0x00, 0xD8, 0x05, 0x00, 0x20,
		0x00, 0x30, 0x3C, 0x78, 0x74, 0x00, 0x63, 0xD8, // 0x1580
		0x40, 0x01, 0x43, 0xEB, 0x3C, 0x00, 0x13, 0x0C,
		0x03, 0xEB, 0x3C, 0x00, 0x08, 0x08, 0x40, 0x3B, // 0x1590
		0x04, 0x0C, 0x43, 0xEB, 0x33, 0x00, 0x09, 0x08,
		0x01, 0x30, 0x3C, 0x78, 0x43, 0xEB, 0x55, 0x00, // 0x15A0
		0xFC, 0x0F, 0x43, 0xEB, 0xFF, 0x00, 0x03, 0x0C,
		0x02, 0x30, 0xF8, 0x07, 0x00, 0x30, 0xF6, 0x07, // 0x15B0
		0x40, 0x01, 0x00, 0x31, 0x60, 0x92, 0x0F, 0x29,
		0xC4, 0x68, 0x60, 0xB2, 0x3C, 0x78, 0xC1, 0x14, // 0x15C0
		0x65, 0x01, 0x43, 0xD8, 0x40, 0x01, 0x42, 0xEB,
		0x4F, 0x00, 0x8F, 0x6C, 0x2A, 0x08, 0x26, 0x01, // 0x15D0
		0x03, 0xD8, 0x41, 0x01, 0x81, 0xD8, 0x5F, 0x00,
		0x12, 0x64, 0x15, 0x08, 0x81, 0xD8, 0x30, 0x10, // 0x15E0
		0x03, 0xD8, 0xA1, 0x10, 0x12, 0x64, 0x0F, 0x08,
		0x01, 0xD8, 0x62, 0x00, 0x23, 0xD8, 0x44, 0x01, // 0x15F0
		0x42, 0x64, 0x09, 0x08, 0x43, 0xD8, 0x45, 0x20,
		0x42, 0xEC, 0x20, 0x00, 0x43, 0xDC, 0x45, 0x20, // 0x1600
		0x00, 0x30, 0x81, 0x14, 0x62, 0xD8, 0x45, 0x20,
		0x63, 0xEC, 0x20, 0x00, 0x62, 0xDC, 0x45, 0x20, // 0x1610
		0x62, 0xD8, 0x75, 0x20, 0x63, 0xEC, 0x02, 0x00,
		0x62, 0xDC, 0x75, 0x20, 0x01, 0x30, 0xF2, 0x07, // 0x1620
		0x02, 0x30, 0xF0, 0x07, 0x7E, 0x01, 0x43, 0xD8,
		0x41, 0x01, 0x42, 0xEB, 0x3B, 0x00, 0x0E, 0x08, // 0x1630
		0x63, 0xD8, 0xA1, 0x10, 0x43, 0xEB, 0x02, 0xBB,
		0x0B, 0x0C, 0x42, 0x02, 0x00, 0x31, 0x60, 0x92, // 0x1640
		0x0E, 0x29, 0xC4, 0x68, 0x60, 0xB2, 0x01, 0x30,
		0x3C, 0x78, 0x02, 0x30, 0xFE, 0x07, 0x00, 0x30, // 0x1650
		0xFC, 0x07, 0xD0, 0x14, 0x6A, 0x02, 0x43, 0xD8,
		0x40, 0x01, 0x42, 0xEB, 0x3C, 0x00, 0x0C, 0x0C, // 0x1660
		0x5E, 0x3A, 0x08, 0x08, 0x63, 0xD8, 0x41, 0x01,
		0x43, 0xEB, 0xFF, 0x00, 0x05, 0x0C, 0x01, 0x30, // 0x1670
		0x90, 0x14, 0x02, 0x30, 0xFE, 0x07, 0x71, 0x02,
		0x01, 0x32, 0x40, 0x30, 0x41, 0xB3, 0x00, 0xE0, // 0x1680
		0xDE, 0x27, 0x00, 0x30, 0xF6, 0x07, 0xD0, 0x14,
		0x77, 0x02, 0x43, 0xD8, 0xA0, 0x10, 0x42, 0xEB, // 0x1690
		0x5F, 0x4C, 0x16, 0x08, 0x23, 0xD8, 0x42, 0x01,
		0x43, 0xD8, 0x43, 0x01, 0x50, 0x42, 0x38, 0x41, // 0x16A0
		0x48, 0x6C, 0x43, 0xD8, 0x45, 0x01, 0x48, 0x6C,
		0x43, 0xD8, 0x44, 0x01, 0x48, 0x42, 0x48, 0x6C, // 0x16B0
		0x1E, 0x02, 0x23, 0xDC, 0x77, 0x20, 0xFF, 0xE3,
		0x72, 0xF8, 0x00, 0x30, 0x90, 0x14, 0x02, 0x30, // 0x16C0
		0xFE, 0x07, 0xD0, 0x14, 0x66, 0x03, 0x43, 0xD8,
		0xA0, 0x10, 0x42, 0xEB, 0x2F, 0x0B, 0x0A, 0x08, // 0x16D0
		0x23, 0xD8, 0x42, 0x01, 0x06, 0x03, 0x23, 0xDC,
		0xD8, 0x01, 0xFF, 0xE3, 0x60, 0xF8, 0x00, 0x30, // 0x16E0
		0x90, 0x14, 0x02, 0x30, 0xFE, 0x07, 0xD4, 0x14,
		0x23, 0x14, 0x03, 0x6D, 0x22, 0xB8, 0x00, 0xC0, // 0x16F0
		0x26, 0x60, 0x02, 0xC0, 0x25, 0x60, 0x04, 0xC0,
		0x23, 0x60, 0x48, 0x90, 0xE7, 0x90, 0x40, 0xB8, // 0x1700
		0x61, 0xB8, 0x10, 0x03, 0xFF, 0xE3, 0x4B, 0xF8,
		0x22, 0x98, 0x11, 0x03, 0xFF, 0xE3, 0x47, 0xF8, // 0x1710
		0x61, 0x98, 0x4F, 0x6C, 0x13, 0x03, 0xFF, 0xE3,
		0x42, 0xF8, 0x40, 0x98, 0x4B, 0x6C, 0x14, 0x03, // 0x1720
		0xFF, 0xE3, 0x3D, 0xF8, 0x5B, 0x6C, 0x15, 0x03,
		0xD5, 0x03, 0xFF, 0xE3, 0x38, 0xF8, 0x57, 0x6C, // 0x1730
		0x16, 0x03, 0xA4, 0xE4, 0x7F, 0x00, 0xFF, 0xE3,
		0x32, 0xF8, 0x5F, 0x6C, 0x18, 0x03, 0xFF, 0xE3, // 0x1740
		0x2E, 0xF8, 0x78, 0x03, 0x18, 0x03, 0x23, 0xD8,
		0xC0, 0x22, 0xFF, 0xE3, 0x28, 0xF8, 0x19, 0x03, // 0x1750
		0xFF, 0xE3, 0x25, 0xF8, 0x5A, 0x03, 0x39, 0x03,
		0x19, 0x03, 0xFF, 0xE3, 0x20, 0xF8, 0x53, 0x6C, // 0x1760
		0x1A, 0x03, 0xFF, 0xE3, 0x1C, 0xF8, 0x40, 0x94,
		0x53, 0x6C, 0x1B, 0x6C, 0x03, 0x24, 0xFF, 0xE3, // 0x1770
		0x16, 0xF8, 0x52, 0x65, 0xF9, 0x0B, 0x1C, 0x13,
		0x00, 0x34, 0xFF, 0xE3, 0x10, 0xF8, 0x3C, 0x13, // 0x1780
		0x1E, 0x13, 0xB4, 0x13, 0xFF, 0xE3, 0x0B, 0xF8,
		0x39, 0x13, 0x50, 0x60, 0x40, 0x91, 0x17, 0x6C, // 0x1790
		0x03, 0x24, 0xFF, 0xE3, 0x04, 0xF8, 0x44, 0xEB,
		0x40, 0x00, 0xF7, 0x0B, 0x03, 0x14, 0x94, 0x14, // 0x17A0
		0xD1, 0x14, 0x64, 0x13, 0x81, 0x13, 0x09, 0x32,
		0x43, 0xDC, 0x24, 0x00, 0x44, 0xD8, 0xE4, 0x01, // 0x17B0
		0x43, 0xDC, 0x25, 0x00, 0x00, 0xE0, 0xE3, 0x1B,
		0x80, 0x30, 0x04, 0x40, 0x00, 0xE0, 0xA7, 0x27, // 0x17C0
		0x44, 0xD8, 0xE4, 0x01, 0x2E, 0x13, 0x0F, 0x13,
		0xFF, 0xE3, 0xE9, 0xF7, 0x91, 0x14, 0xD0, 0x14, // 0x17D0
		0x78, 0x12, 0x18, 0x32, 0x43, 0xDC, 0x24, 0x00,
		0x4C, 0x32, 0x43, 0xDC, 0x25, 0x00, 0x00, 0xE0, // 0x17E0
		0xCE, 0x1B, 0x80, 0x30, 0x04, 0x40, 0x00, 0xE0,
		0x92, 0x27, 0x90, 0x14, 0xD0, 0x14, 0x71, 0x12, // 0x17F0
		0x18, 0x32, 0x43, 0xDC, 0x24, 0x00, 0x0B, 0x32,
		0x43, 0xDC, 0x25, 0x00, 0x00, 0xE0, 0xBF, 0x1B, // 0x1800
		0x80, 0x30, 0x04, 0x40, 0x00, 0xE0, 0x83, 0x27,
		0x90, 0x14, 0xD0, 0x14, 0x69, 0x12, 0x38, 0x32, // 0x1810
		0x43, 0xDC, 0x24, 0x00, 0x3B, 0x32, 0x43, 0xDC,
		0x25, 0x00, 0x02, 0x32, 0x43, 0xDC, 0x26, 0x00, // 0x1820
		0x00, 0x32, 0x44, 0x2A, 0x43, 0xDC, 0x27, 0x00,
		0x00, 0xE0, 0xA9, 0x1B, 0x80, 0x30, 0x04, 0x40, // 0x1830
		0x00, 0xE0, 0x6D, 0x27, 0x90, 0x14, 0xD1, 0x14,
		0x7D, 0x11, 0x9E, 0x5B, 0x08, 0x83, 0xFF, 0xE3, // 0x1840
		0x98, 0xF7, 0x53, 0x6C, 0x42, 0x58, 0x10, 0x12,
		0xFF, 0xE3, 0x00, 0xFB, 0x00, 0xE0, 0x97, 0x1B, // 0x1850
		0x80, 0x30, 0x04, 0x40, 0x00, 0xE0, 0x5B, 0x27,
		0x91, 0x14, 0xD2, 0x14, 0x6B, 0x12, 0x4C, 0x12, // 0x1860
		0xB3, 0x11, 0x61, 0x8B, 0x74, 0xAD, 0x61, 0x92,
		0x63, 0xEC, 0x00, 0x80, 0x61, 0xB2, 0x80, 0x30, // 0x1870
		0x00, 0x33, 0x8E, 0x11, 0x64, 0xDC, 0x8D, 0x01,
		0x00, 0xE0, 0x49, 0x27, 0x20, 0x12, 0x05, 0x12, // 0x1880
		0xFF, 0xE3, 0x8D, 0xF7, 0x6B, 0x95, 0x40, 0x3B,
		0x6A, 0x11, 0x14, 0x0C, 0x03, 0x32, 0x43, 0xDC, // 0x1890
		0x24, 0x00, 0x00, 0x32, 0x43, 0xDC, 0x25, 0x00,
		0x00, 0xE0, 0x71, 0x1B, 0x21, 0x31, 0x1E, 0x11, // 0x18A0
		0xFF, 0xE3, 0x0B, 0xF6, 0x44, 0xD8, 0xF0, 0x10,
		0x35, 0x11, 0x1C, 0x11, 0xFF, 0xE3, 0x77, 0xF7, // 0x18B0
		0x92, 0x14, 0x38, 0x32, 0x43, 0xDC, 0x24, 0x00,
		0x0A, 0x32, 0x43, 0xDC, 0x25, 0x00, 0x44, 0xD8, // 0x18C0
		0xF0, 0x10, 0x43, 0xDC, 0x26, 0x00, 0x48, 0x4A,
		0x43, 0xDC, 0x27, 0x00, 0x00, 0xE0, 0x57, 0x1B, // 0x18D0
		0x80, 0x30, 0x04, 0x40, 0x00, 0xE0, 0x1B, 0x27,
		0xE2, 0x07, 0xD2, 0x14, 0x21, 0x15, 0x3B, 0x6C, // 0x18E0
		0x09, 0x32, 0x2F, 0x11, 0x00, 0x34, 0x00, 0xE0,
		0xB1, 0x30, 0x08, 0x32, 0x2D, 0x11, 0x03, 0x18, // 0x18F0
		0xFF, 0xE3, 0xAC, 0xFA, 0x08, 0x32, 0x7B, 0x6C,
		0x03, 0x1B, 0x1E, 0x5B, 0xFF, 0xE3, 0xA6, 0xFA, // 0x1900
		0x0C, 0x10, 0x00, 0x33, 0x5B, 0x2B, 0x60, 0xDC,
		0x24, 0x00, 0x0B, 0x32, 0x08, 0x33, 0x03, 0x19, // 0x1910
		0x60, 0xDC, 0x25, 0x00, 0x25, 0x20, 0xFF, 0xE3,
		0x99, 0xFA, 0x00, 0x33, 0x6C, 0xB8, 0x6D, 0xB8, // 0x1920
		0x6E, 0xB8, 0x61, 0x11, 0x67, 0xB8, 0x41, 0x04,
		0x00, 0x00, 0x00, 0x20, 0xF4, 0x0A, 0x00, 0x20, // 0x1930
		0x08, 0x02, 0x00, 0x20, 0x48, 0x72, 0x00, 0x00,
		0x58, 0x72, 0x00, 0x00, 0x6B, 0x72, 0x00, 0x00, // 0x1940
		0x82, 0x72, 0x00, 0x00, 0x8D, 0x72, 0x00, 0x00,
		0x99, 0x72, 0x00, 0x00, 0xA8, 0x72, 0x00, 0x00, // 0x1950
		0x0C, 0x73, 0x00, 0x00, 0xB4, 0x72, 0x00, 0x00,
		0xC1, 0x72, 0x00, 0x00, 0x00, 0xE1, 0x00, 0xE0, // 0x1960
		0xD1, 0x72, 0x00, 0x00, 0xE1, 0x72, 0x00, 0x00,
		0x00, 0x18, 0x00, 0x20, 0x00, 0x10, 0x00, 0x20, // 0x1970
		0xEB, 0x72, 0x00, 0x00, 0x01, 0x73, 0x00, 0x00,
		0x19, 0x73, 0x00, 0x00, 0x3C, 0x6B, 0x00, 0x00, // 0x1980
		0x2D, 0x73, 0x00, 0x00, 0x2C, 0x02, 0x00, 0x20,
		0xD0, 0x04, 0x00, 0x20, 0x00, 0x40, 0x01, 0x40, // 0x1990
		0x44, 0x73, 0x00, 0x00, 0x4C, 0x1F, 0x00, 0x00,
		0x68, 0x73, 0x00, 0x00, 0x94, 0x73, 0x00, 0x00, // 0x19A0
		0x0C, 0x02, 0x00, 0x20, 0x01, 0x23, 0x45, 0x67,
		0x73, 0x00, 0x68, 0xB8, 0x73, 0x00, 0x69, 0xB8, // 0x19B0
		0x73, 0x00, 0x6A, 0xB8, 0x73, 0x00, 0x6B, 0xB8,
		0x00, 0x33, 0x7F, 0xB8, 0x60, 0xB9, 0x60, 0x99, // 0x19C0
		0x40, 0x3B, 0x20, 0x08, 0x6E, 0x98, 0x07, 0x19,
		0x42, 0x5B, 0xC4, 0x60, 0x03, 0x19, 0x50, 0x60, // 0x19D0
		0x20, 0x81, 0x23, 0xDC, 0x20, 0x00, 0x6C, 0x98,
		0x07, 0x23, 0x40, 0x3B, 0x4E, 0xB8, 0x6C, 0xB8, // 0x19E0
		0x08, 0x08, 0x6D, 0x98, 0x00, 0x23, 0x40, 0x3B,
		0x6D, 0xB8, 0x03, 0x08, 0x01, 0x33, 0x60, 0xB9, // 0x19F0
		0x42, 0xEB, 0x40, 0x00, 0x04, 0x08, 0x07, 0x18,
		0xFF, 0xE3, 0xA9, 0xF5, 0x00, 0x24, 0x50, 0x3C, // 0x1A00
		0xDF, 0x0B, 0x80, 0x99, 0x40, 0x3C, 0x09, 0x0C,
		0x00, 0xE0, 0xB9, 0x1A, 0x80, 0x30, 0x04, 0x40, // 0x1A10
		0x00, 0xE0, 0x7D, 0x26, 0x01, 0x15, 0x92, 0x14,
		0xBF, 0x98, 0x40, 0x3D, 0x48, 0x08, 0x4E, 0x98, // 0x1A20
		0x07, 0x19, 0x22, 0xEB, 0x37, 0x00, 0x62, 0x5A,
		0x84, 0x60, 0x00, 0x31, 0x7F, 0x29, 0x22, 0xDC, // 0x1A30
		0x20, 0x00, 0x6E, 0xB8, 0x00, 0x32, 0x61, 0x08,
		0x23, 0xEB, 0x3F, 0x00, 0x4A, 0x08, 0x40, 0x3A, // 0x1A40
		0x02, 0x0C, 0x6E, 0xB8, 0x07, 0x18, 0xFF, 0xE3,
		0x82, 0xF5, 0x6E, 0x98, 0x00, 0x32, 0x23, 0xEB, // 0x1A50
		0x37, 0x00, 0x46, 0x08, 0x40, 0x3A, 0x02, 0x0C,
		0x6E, 0xB8, 0x6D, 0x98, 0x58, 0x4B, 0x6E, 0xDC, // 0x1A60
		0x77, 0x00, 0x4E, 0xDC, 0x74, 0x00, 0x50, 0x4B,
		0x07, 0x18, 0x4E, 0xDC, 0x75, 0x00, 0x48, 0x4B, // 0x1A70
		0x6C, 0x98, 0x4E, 0xDC, 0x76, 0x00, 0x58, 0x4B,
		0x6E, 0xDC, 0x7B, 0x00, 0x4E, 0xDC, 0x78, 0x00, // 0x1A80
		0x50, 0x4B, 0x4E, 0xDC, 0x79, 0x00, 0x48, 0x4B,
		0x4E, 0xDC, 0x7A, 0x00, 0xFF, 0xE3, 0x5F, 0xF5, // 0x1A90
		0x07, 0x1B, 0x00, 0x32, 0xD4, 0x60, 0x00, 0x25,
		0x45, 0xEB, 0x40, 0x00, 0x43, 0xDC, 0x20, 0x00, // 0x1AA0
		0xF8, 0x0B, 0x00, 0x33, 0x6C, 0xB8, 0x6D, 0xB8,
		0x01, 0x33, 0x7F, 0xB8, 0x50, 0x02, 0x03, 0x31, // 0x1AB0
		0x62, 0x54, 0x07, 0x18, 0x62, 0x43, 0xC0, 0x60,
		0x81, 0xC4, 0x40, 0x20, 0x03, 0x40, 0x60, 0x93, // 0x1AC0
		0x00, 0x24, 0x54, 0x3C, 0xC1, 0x70, 0x62, 0xDC,
		0x5F, 0x00, 0x00, 0x22, 0xF2, 0x0B, 0x9D, 0x07, // 0x1AD0
		0x00, 0x31, 0x00, 0x23, 0x07, 0x1A, 0x8C, 0x60,
		0x3F, 0xA2, 0x01, 0x32, 0xAE, 0x07, 0x00, 0x31, // 0x1AE0
		0x00, 0x23, 0x07, 0x1A, 0x8C, 0x60, 0x3F, 0xA2,
		0x01, 0x32, 0xB2, 0x07, 0x00, 0x31, 0x00, 0x23, // 0x1AF0
		0x07, 0x1A, 0x8C, 0x60, 0x3F, 0xA2, 0x01, 0x32,
		0x43, 0xEB, 0x38, 0x00, 0xF8, 0x0B, 0xAB, 0x07, // 0x1B00
		0xD1, 0x14, 0x44, 0x03, 0x62, 0xD8, 0x42, 0x20,
		0x42, 0xD8, 0x41, 0x20, 0xC8, 0x68, 0x40, 0x3B, // 0x1B10
		0x14, 0x0C, 0x89, 0x03, 0x60, 0x94, 0x00, 0x23,
		0x60, 0xB4, 0x63, 0xE4, 0x01, 0x20, 0x40, 0x3B, // 0x1B20
		0x0D, 0x0C, 0x01, 0x31, 0x80, 0x30, 0xFF, 0xE3,
		0x7F, 0xF8, 0x60, 0x94, 0x04, 0x3B, 0x05, 0x08, // 0x1B30
		0x05, 0x31, 0x0F, 0x03, 0xFF, 0xE3, 0xC1, 0xF4,
		0x91, 0x14, 0x00, 0x31, 0x80, 0x30, 0xFF, 0xE3, // 0x1B40
		0x73, 0xF8, 0x96, 0x31, 0xF7, 0x07, 0x73, 0x03,
		0x53, 0x03, 0x60, 0x83, 0x65, 0x43, 0xC8, 0x60, // 0x1B50
		0x20, 0x93, 0x74, 0x03, 0x40, 0x93, 0x85, 0x68,
		0x40, 0xB3, 0x55, 0x03, 0x60, 0x92, 0xC4, 0x6C, // 0x1B60
		0x60, 0xB2, 0x00, 0x32, 0x77, 0x03, 0x40, 0xA3,
		0x00, 0x32, 0x77, 0x03, 0x40, 0xB3, 0x77, 0x03, // 0x1B70
		0x40, 0xB3, 0x3C, 0x78, 0x60, 0x14, 0x62, 0x14,
		0xD0, 0x14, 0x3B, 0x6C, 0x7F, 0x6C, 0xFF, 0xE3, // 0x1B80
		0xB4, 0xFD, 0x00, 0x04, 0x60, 0x14, 0x62, 0x14,
		0x63, 0x14, 0x61, 0x14, 0x60, 0x14, 0x62, 0x14, // 0x1B90
		0x63, 0x14, 0x61, 0x14, 0x60, 0x14, 0x62, 0x14,
		0x63, 0x14, 0x61, 0x14, 0x60, 0x14, 0x62, 0x14, // 0x1BA0
		0x63, 0x14, 0x61, 0x14, 0x60, 0x14, 0x62, 0x14,
		0x63, 0x14, 0x61, 0x14, 0x60, 0x14, 0x62, 0x14, // 0x1BB0
		0x63, 0x14, 0x61, 0x14, 0x60, 0x14, 0x62, 0x14,
		0x63, 0x14, 0x61, 0x14, 0x60, 0x14, 0x62, 0x14, // 0x1BC0
		0x63, 0x14, 0x61, 0x14, 0x60, 0x14, 0x62, 0x14,
		0x52, 0x13, 0x73, 0x13, 0x60, 0x93, 0x60, 0x92, // 0x1BD0
		0x00, 0x23, 0x60, 0xB2, 0x63, 0x14, 0x61, 0x14,
		0x60, 0x14, 0x62, 0x14, 0xD2, 0x14, 0x8F, 0x13, // 0x1BE0
		0xA1, 0x94, 0x65, 0xE4, 0x02, 0x20, 0xA2, 0xB4,
		0x40, 0x3B, 0x05, 0x0C, 0x26, 0x94, 0x00, 0x30, // 0x1BF0
		0x00, 0xE0, 0x96, 0x19, 0xA5, 0xE4, 0x00, 0x22,
		0x40, 0x3D, 0x05, 0x0C, 0x27, 0x94, 0x01, 0x30, // 0x1C00
		0x00, 0xE0, 0x8E, 0x19, 0x6D, 0x94, 0x63, 0xE4,
		0x02, 0x20, 0x40, 0x3B, 0x07, 0x0C, 0x03, 0x33, // 0x1C10
		0x02, 0x30, 0x6E, 0xB4, 0x2F, 0x94, 0x00, 0xE0,
		0x83, 0x19, 0x80, 0x13, 0x74, 0x94, 0x63, 0xE4, // 0x1C20
		0x02, 0x20, 0x40, 0x3B, 0x07, 0x0C, 0x03, 0x33,
		0x03, 0x30, 0x75, 0xB4, 0x36, 0x94, 0x00, 0xE0, // 0x1C30
		0x77, 0x19, 0x7B, 0x94, 0x63, 0xE4, 0x02, 0x20,
		0x40, 0x3B, 0x07, 0x0C, 0x03, 0x33, 0x04, 0x30, // 0x1C40
		0x7C, 0xB4, 0x3D, 0x94, 0x00, 0xE0, 0x6C, 0x19,
		0x74, 0x12, 0x43, 0xD8, 0x22, 0x20, 0x42, 0xE4, // 0x1C50
		0x02, 0x20, 0x40, 0x3A, 0x09, 0x0C, 0x03, 0x32,
		0x05, 0x30, 0x43, 0xDC, 0x23, 0x20, 0x23, 0xD8, // 0x1C60
		0x24, 0x20, 0x00, 0xE0, 0x5D, 0x19, 0xEE, 0xD9,
		0x02, 0x20, 0xA1, 0x98, 0x80, 0x98, 0x03, 0x14, // 0x1C70
		0x63, 0x14, 0x61, 0x14, 0x60, 0x14, 0x62, 0x14,
		0xD3, 0x14, 0x21, 0x14, 0x88, 0x12, 0x01, 0x36, // 0x1C80
		0xA2, 0x94, 0xC5, 0xC4, 0x23, 0x20, 0xA5, 0xB4,
		0x40, 0x3B, 0x1D, 0x0C, 0x60, 0x94, 0x80, 0x3B, // 0x1C90
		0x81, 0x3B, 0x60, 0xB4, 0x02, 0x30, 0x00, 0xE0,
		0x3A, 0x25, 0x74, 0x11, 0x66, 0x93, 0x8C, 0x69, // 0x1CA0
		0x40, 0x3E, 0x11, 0x08, 0x60, 0x94, 0x63, 0xEC,
		0x04, 0x00, 0x60, 0xB4, 0x03, 0xEA, 0x71, 0x02, // 0x1CB0
		0x60, 0xB8, 0x60, 0x98, 0x43, 0x5B, 0x40, 0x3B,
		0x40, 0xB8, 0x14, 0x08, 0x58, 0x11, 0x60, 0x92, // 0x1CC0
		0x82, 0x3B, 0x60, 0xB2, 0xA5, 0xE4, 0x02, 0x20,
		0x40, 0x3D, 0x03, 0x0C, 0x00, 0xE0, 0x88, 0x1F, // 0x1CD0
		0x01, 0x14, 0xEE, 0xD9, 0x03, 0x20, 0xC2, 0x98,
		0xA1, 0x98, 0x80, 0x98, 0x04, 0x14, 0x63, 0x14, // 0x1CE0
		0x61, 0x14, 0x03, 0x6C, 0xE7, 0x07, 0x60, 0x14,
		0x62, 0x14, 0xD2, 0x14, 0x6D, 0x11, 0x4F, 0x6D, // 0x1CF0
		0x82, 0x93, 0xE4, 0xC4, 0x22, 0x28, 0x4B, 0xB3,
		0x44, 0xE4, 0x40, 0x20, 0x40, 0x3A, 0x07, 0x0C, // 0x1D00
		0x00, 0x33, 0x80, 0x30, 0x60, 0xB5, 0x09, 0x40,
		0x00, 0xE0, 0x01, 0x25, 0x64, 0xE4, 0x00, 0x27, // 0x1D10
		0x40, 0x3B, 0x07, 0x0C, 0x00, 0x33, 0x80, 0x30,
		0x60, 0xB5, 0x09, 0x40, 0x00, 0xE0, 0xF7, 0x24, // 0x1D20
		0x64, 0xE4, 0x20, 0x20, 0x40, 0x3B, 0x0E, 0x0C,
		0x7E, 0x10, 0x5F, 0x10, 0x27, 0x93, 0x22, 0xDC, // 0x1D30
		0x9A, 0x00, 0x58, 0x10, 0x20, 0x92, 0x4D, 0x10,
		0x22, 0xDC, 0x20, 0x20, 0x41, 0x93, 0x85, 0x3A, // 0x1D40
		0x41, 0xB3, 0x84, 0xE4, 0x10, 0x20, 0x40, 0x3C,
		0x3A, 0x0C, 0x77, 0x10, 0x43, 0xD8, 0x99, 0x00, // 0x1D50
		0x22, 0x5A, 0x23, 0xDC, 0x99, 0x00, 0x29, 0x04,
		0x89, 0xAB, 0xCD, 0xEF, 0xFE, 0xDC, 0xBA, 0x98, // 0x1D60
		0x76, 0x54, 0x32, 0x10, 0xF0, 0xE1, 0xD2, 0xC3,
		0x08, 0x02, 0x00, 0x20, 0x00, 0x00, 0x00, 0x20, // 0x1D70
		0x10, 0x1B, 0x00, 0x00, 0xCC, 0x05, 0x00, 0x20,
		0x5C, 0x6A, 0x00, 0x00, 0xF4, 0x0A, 0x00, 0x20, // 0x1D80
		0xD0, 0x05, 0x00, 0x20, 0xD4, 0x05, 0x00, 0x20,
		0xD8, 0x05, 0x00, 0x20, 0xC8, 0x05, 0x00, 0x20, // 0x1D90
		0xF0, 0x04, 0x00, 0x20, 0x10, 0xE0, 0x00, 0xE0,
		0x00, 0xD0, 0x01, 0x40, 0x00, 0xC0, 0x01, 0x40, // 0x1DA0
		0x00, 0xB0, 0x01, 0x40, 0x24, 0x0B, 0x00, 0x20,
		0x25, 0x00, 0xC8, 0x60, 0x26, 0x91, 0x23, 0xDC, // 0x1DB0
		0x9C, 0x00, 0x66, 0x00, 0x40, 0x93, 0x66, 0x00,
		0x43, 0xDC, 0x20, 0x20, 0xEE, 0xD9, 0x02, 0x20, // 0x1DC0
		0xA1, 0x98, 0x80, 0x98, 0x03, 0x14, 0x63, 0x14,
		0x61, 0x14, 0x60, 0x14, 0x62, 0x14, 0x63, 0x14, // 0x1DD0
		0x61, 0x14, 0x60, 0x14, 0x62, 0x14, 0x63, 0x14,
		0x61, 0x14, 0x60, 0x14, 0x62, 0x14, 0xD0, 0x14, // 0x1DE0
		0x10, 0x00, 0xFF, 0xE3, 0xDC, 0xF4, 0x00, 0xE0,
		0x0B, 0x30, 0x60, 0x14, 0x62, 0x14, 0xD2, 0x14, // 0x1DF0
		0x93, 0x00, 0x80, 0x32, 0x60, 0x94, 0x48, 0x42,
		0xC8, 0x68, 0x40, 0x3B, 0x24, 0x0C, 0x60, 0x94, // 0x1E00
		0x8F, 0x3B, 0x60, 0xB4, 0x7A, 0x00, 0x4F, 0x6D,
		0x43, 0xD8, 0x4C, 0x11, 0x23, 0xD8, 0x4D, 0x11, // 0x1E10
		0x84, 0x64, 0x5A, 0x00, 0x22, 0x08, 0x65, 0x49,
		0x01, 0xE4, 0x1F, 0x20, 0x8D, 0x23, 0x01, 0x31, // 0x1E20
		0x62, 0x43, 0xD4, 0x60, 0x40, 0x70, 0x60, 0x93,
		0xC4, 0x68, 0x26, 0x82, 0x40, 0x3B, 0x12, 0x0C, // 0x1E30
		0x61, 0x01, 0x03, 0xD8, 0xBB, 0x10, 0x00, 0xE0,
		0x6A, 0x15, 0x65, 0xD8, 0x4D, 0x11, 0x00, 0x23, // 0x1E40
		0x65, 0xDC, 0x4D, 0x11, 0xEE, 0xD9, 0x02, 0x20,
		0xA1, 0x98, 0x80, 0x98, 0x03, 0x14, 0x63, 0x14, // 0x1E50
		0x61, 0x14, 0x05, 0xD8, 0x54, 0x11, 0xF0, 0x07,
		0x03, 0xD8, 0x54, 0x11, 0x26, 0x82, 0x00, 0xE0, // 0x1E60
		0x56, 0x15, 0x10, 0x30, 0x00, 0xE0, 0x4D, 0x24,
		0x60, 0x94, 0x60, 0x94, 0x82, 0x3B, 0x86, 0x3B, // 0x1E70
		0x60, 0xB4, 0x60, 0x94, 0x86, 0x3B, 0x60, 0xB4,
		0xE6, 0x07, 0x60, 0x14, 0x62, 0x14, 0x63, 0x14, // 0x1E80
		0x61, 0x14, 0x60, 0x14, 0x62, 0x14, 0x63, 0x14,
		0x61, 0x14, 0x60, 0x14, 0x62, 0x14, 0x63, 0x14, // 0x1E90
		0x61, 0x14, 0x60, 0x14, 0x62, 0x14, 0x63, 0x14,
		0x61, 0x14, 0x60, 0x14, 0x62, 0x14, 0x63, 0x14, // 0x1EA0
		0x61, 0x14, 0x60, 0x14, 0x62, 0x14, 0x63, 0x14,
		0x61, 0x14, 0x60, 0x14, 0x62, 0x14, 0x63, 0x14, // 0x1EB0
		0x61, 0x14, 0x60, 0x14, 0x62, 0x14, 0x63, 0x14,
		0x61, 0x14, 0x60, 0x14, 0x62, 0x14, 0x63, 0x14, // 0x1EC0
		0x61, 0x14, 0x60, 0x14, 0x62, 0x14, 0x63, 0x14,
		0x61, 0x14, 0x60, 0x14, 0x62, 0x14, 0x63, 0x14, // 0x1ED0
		0x61, 0x14, 0x60, 0x14, 0x62, 0x14, 0x63, 0x14,
		0x61, 0x14, 0x60, 0x14, 0x62, 0x14, 0x63, 0x14, // 0x1EE0
		0x61, 0x14, 0xD0, 0x14, 0x6E, 0x02, 0x43, 0xD8,
		0x42, 0x20, 0x02, 0xC4, 0x40, 0x20, 0x03, 0xDC, // 0x1EF0
		0x42, 0x20, 0x63, 0xD8, 0x41, 0x20, 0x0C, 0x68,
		0x40, 0x38, 0x05, 0x08, 0x01, 0x31, 0x80, 0x30, // 0x1F00
		0xFF, 0xE3, 0x92, 0xF6, 0x90, 0x14, 0xD0, 0x14,
		0x57, 0x02, 0x62, 0xD8, 0x42, 0x20, 0x03, 0xC4, // 0x1F10
		0x21, 0x20, 0x40, 0x39, 0x13, 0x08, 0xC0, 0x6C,
		0x62, 0xDC, 0x42, 0x20, 0x62, 0xD8, 0x41, 0x20, // 0x1F20
		0x0C, 0x68, 0x40, 0x38, 0x0B, 0x0C, 0x80, 0x30,
		0xFF, 0xE3, 0x7E, 0xF6, 0x64, 0x03, 0x00, 0x32, // 0x1F30
		0x96, 0x31, 0x00, 0x03, 0x40, 0xB3, 0xFF, 0xE3,
		0xC0, 0xF2, 0x90, 0x14, 0xD4, 0x14, 0xA2, 0x03, // 0x1F40
		0x10, 0x32, 0x60, 0x95, 0xC8, 0x68, 0x40, 0x3B,
		0x3E, 0x08, 0xE4, 0x03, 0x84, 0x03, 0x60, 0x87, // 0x1F50
		0xC4, 0x03, 0x65, 0x43, 0x20, 0x94, 0xD8, 0x60,
		0x84, 0x68, 0x60, 0x93, 0x8C, 0x68, 0x40, 0x3A, // 0x1F60
		0x32, 0x0C, 0x67, 0x03, 0x41, 0x8B, 0x74, 0x8C,
		0x61, 0x4B, 0x63, 0xE4, 0xB7, 0x0B, 0x8D, 0x64, // 0x1F70
		0x2B, 0x0C, 0x01, 0x33, 0x40, 0x30, 0x61, 0xB4,
		0x00, 0xE0, 0x61, 0x23, 0x34, 0x03, 0x40, 0x87, // 0x1F80
		0x45, 0x42, 0x98, 0x60, 0x61, 0xD8, 0x75, 0x20,
		0x00, 0x92, 0xC0, 0x6C, 0x05, 0x92, 0x61, 0xDC, // 0x1F90
		0x75, 0x20, 0xFF, 0xE3, 0xBA, 0xFF, 0x60, 0x87,
		0x65, 0x43, 0xD8, 0x60, 0x40, 0x93, 0x20, 0x95, // 0x1FA0
		0x48, 0x6C, 0x00, 0x30, 0x20, 0xB5, 0x37, 0x03,
		0x00, 0xA1, 0x00, 0x30, 0x38, 0x03, 0x00, 0xB1, // 0x1FB0
		0x20, 0x94, 0x41, 0xC4, 0x42, 0x20, 0x40, 0xB4,
		0x41, 0x93, 0x3A, 0x03, 0x7A, 0x03, 0x19, 0x03, // 0x1FC0
		0xFF, 0xE3, 0xED, 0xF3, 0x94, 0x14, 0x03, 0x31,
		0x1B, 0x03, 0xFF, 0xE3, 0x76, 0xF2, 0xFB, 0x07, // 0x1FD0
		0x60, 0x14, 0x62, 0x14, 0xD1, 0x14, 0x7D, 0x03,
		0x1D, 0x03, 0x85, 0x93, 0x53, 0x6C, 0x86, 0xB3, // 0x1FE0
		0xFF, 0xE3, 0xDD, 0xF3, 0x64, 0xE4, 0x08, 0x20,
		0x40, 0x3B, 0x1B, 0x08, 0x84, 0xE4, 0x20, 0x20, // 0x1FF0
		0x40, 0x3C, 0x17, 0x0C, 0x69, 0x13, 0x32, 0x32,
		0x07, 0x30, 0x44, 0xB3, 0x05, 0x32, 0x6B, 0x13, // 0x2000
		0x43, 0xDC, 0x90, 0x01, 0x43, 0xD8, 0x40, 0x20,
		0x42, 0xEC, 0x00, 0x10, 0x43, 0xDC, 0x40, 0x20, // 0x2010
		0x00, 0xE0, 0x00, 0x23, 0x01, 0x30, 0xFF, 0xE3,
		0x78, 0xFF, 0x13, 0x13, 0xFF, 0xE3, 0xBF, 0xF3, // 0x2020
		0xEE, 0xD9, 0x01, 0x20, 0x80, 0x98, 0x02, 0x14,
		0x63, 0x14, 0x61, 0x14, 0x60, 0x14, 0x62, 0x14, // 0x2030
		0xD3, 0x14, 0x6E, 0x13, 0xBD, 0x12, 0x82, 0x93,
		0x83, 0xB3, 0x64, 0xE4, 0x01, 0x20, 0x40, 0x3B, // 0x2040
		0x14, 0x0C, 0x65, 0xD8, 0x45, 0x20, 0x43, 0xE4,
		0x04, 0x20, 0x40, 0x3A, 0x2D, 0x0C, 0x73, 0x12, // 0x2050
		0x44, 0x93, 0xB3, 0x3A, 0x44, 0xB3, 0x0A, 0x32,
		0x43, 0xDC, 0xB0, 0x02, 0x09, 0x30, 0x00, 0xE0, // 0x2060
		0xD9, 0x22, 0x40, 0x30, 0xFF, 0xE3, 0x51, 0xFF,
		0x45, 0xD8, 0x45, 0x20, 0x62, 0xE4, 0x04, 0x20, // 0x2070
		0x40, 0x3B, 0x22, 0x0C, 0x84, 0xE4, 0x02, 0x20,
		0x40, 0x3C, 0x0E, 0x0C, 0x67, 0x12, 0x06, 0x30, // 0x2080
		0x44, 0x93, 0xB6, 0x3A, 0x44, 0xB3, 0x0A, 0x32,
		0x43, 0xDC, 0xB0, 0x02, 0x00, 0xE0, 0xC2, 0x22, // 0x2090
		0x04, 0x30, 0xFF, 0xE3, 0x3A, 0xFF, 0xEE, 0xD9,
		0x03, 0x20, 0xC2, 0x98, 0xA1, 0x98, 0x80, 0x98, // 0x20A0
		0x04, 0x14, 0x63, 0x14, 0x61, 0x14, 0x63, 0xE4,
		0x02, 0x20, 0x40, 0x3B, 0xDB, 0x0F, 0x03, 0x30, // 0x20B0
		0x00, 0xE0, 0xE4, 0x1D, 0xD4, 0x07, 0x02, 0x33,
		0x8C, 0x68, 0x40, 0x3A, 0xED, 0x0F, 0xD0, 0x68, // 0x20C0
		0x40, 0x3B, 0x1F, 0x0C, 0x49, 0x12, 0x80, 0x30,
		0x61, 0x92, 0x81, 0x3B, 0x61, 0xB2, 0x06, 0x40, // 0x20D0
		0x32, 0x33, 0xD2, 0x11, 0x64, 0xB6, 0x00, 0xE0,
		0x1A, 0x23, 0x00, 0x33, 0x05, 0xD8, 0x4B, 0x10, // 0x20E0
		0x66, 0xDC, 0x5C, 0x00, 0xFF, 0xE3, 0x18, 0xF5,
		0x04, 0x30, 0xFF, 0xE3, 0x0E, 0xFF, 0x00, 0x33, // 0x20F0
		0x80, 0x30, 0x65, 0xDC, 0x8D, 0x01, 0x00, 0xE0,
		0x0A, 0x23, 0x1D, 0x11, 0xFF, 0xE3, 0x4F, 0xF3, // 0x2100
		0x84, 0xE4, 0x04, 0x20, 0x40, 0x3C, 0xC8, 0x0F,
		0x58, 0x11, 0x0B, 0x30, 0x61, 0x92, 0x82, 0x3B, // 0x2110
		0x61, 0xB2, 0x82, 0x11, 0x00, 0xE0, 0x7E, 0x22,
		0x80, 0x30, 0x32, 0x33, 0x06, 0x40, 0x64, 0xB4, // 0x2120
		0x00, 0xE0, 0xF5, 0x22, 0x00, 0x33, 0x05, 0xD8,
		0x4B, 0x10, 0x64, 0xDC, 0x5C, 0x00, 0xFF, 0xE3, // 0x2130
		0xF3, 0xF4, 0x08, 0x30, 0xFF, 0xE3, 0xE9, 0xFE,
		0x0E, 0x11, 0xFF, 0xE3, 0x30, 0xF3, 0xAC, 0x07, // 0x2140
		0x60, 0x14, 0x62, 0x14, 0xD0, 0x14, 0x6C, 0x11,
		0x40, 0x93, 0x42, 0xE4, 0x80, 0x20, 0x40, 0x3A, // 0x2150
		0x5E, 0x0C, 0x40, 0x93, 0x87, 0x3A, 0x40, 0xB3,
		0x60, 0x93, 0x63, 0xE4, 0x40, 0x20, 0x40, 0x3B, // 0x2160
		0x56, 0x0C, 0x00, 0x31, 0x00, 0x30, 0xFF, 0xE3,
		0x18, 0xF6, 0x80, 0x30, 0x01, 0x40, 0x00, 0xE0, // 0x2170
		0x66, 0x22, 0x4E, 0x10, 0x62, 0xD8, 0x45, 0x20,
		0x63, 0xE4, 0x04, 0x20, 0x40, 0x3B, 0x3D, 0x08, // 0x2180
		0x62, 0xD8, 0x40, 0x20, 0x80, 0x32, 0x4C, 0x42,
		0xC8, 0x68, 0x40, 0x3B, 0x40, 0x0C, 0x35, 0x04, // 0x2190
		0x00, 0xB0, 0x01, 0x40, 0xF0, 0x04, 0x00, 0x20,
		0x08, 0x02, 0x00, 0x20, 0x9D, 0x73, 0x00, 0x00, // 0x21A0
		0x00, 0x30, 0x00, 0x40, 0x00, 0x02, 0x00, 0x20,
		0x00, 0x00, 0x00, 0x20, 0x10, 0x1B, 0x00, 0x00, // 0x21B0
		0xD0, 0x05, 0x00, 0x20, 0xCC, 0x05, 0x00, 0x20,
		0xF4, 0x0A, 0x00, 0x20, 0x5C, 0x6A, 0x00, 0x00, // 0x21C0
		0xD0, 0x04, 0x00, 0x20, 0xD4, 0x05, 0x00, 0x20,
		0xD8, 0x05, 0x00, 0x20, 0x3C, 0x6B, 0x00, 0x00, // 0x21D0
		0xB0, 0x73, 0x00, 0x00, 0x0D, 0x75, 0x00, 0x00,
		0x4C, 0x1F, 0x00, 0x00, 0x00, 0x30, 0x01, 0x40, // 0x21E0
		0xBD, 0x73, 0x00, 0x00, 0xCE, 0x73, 0x00, 0x00,
		0x00, 0x50, 0x01, 0x40, 0xDA, 0x73, 0x00, 0x00, // 0x21F0
		0xE7, 0x73, 0x00, 0x00, 0x00, 0x10, 0x01, 0x40,
		0x40, 0x30, 0x00, 0xE0, 0x88, 0x22, 0x1C, 0x30, // 0x2200
		0x00, 0xE0, 0x08, 0x22, 0x80, 0x30, 0x0B, 0x40,
		0xFF, 0xE3, 0x7F, 0xFE, 0xEE, 0xD9, 0x00, 0x20, // 0x2210
		0x01, 0x14, 0x63, 0x14, 0x61, 0x14, 0x60, 0x14,
		0x62, 0x14, 0xD0, 0x14, 0x53, 0x10, 0x64, 0x92, // 0x2220
		0x65, 0xB2, 0x63, 0xE4, 0x01, 0x20, 0x40, 0x3B,
		0x1A, 0x0C, 0x71, 0x10, 0x63, 0xD8, 0x45, 0x20, // 0x2230
		0x63, 0xE4, 0x04, 0x20, 0x40, 0x3B, 0x13, 0x0C,
		0x6E, 0x10, 0x05, 0x30, 0x44, 0x93, 0x42, 0xEC, // 0x2240
		0x00, 0x80, 0x44, 0xB3, 0x0A, 0x32, 0x43, 0xDC,
		0xB0, 0x02, 0x00, 0xE0, 0xE3, 0x21, 0x80, 0x30, // 0x2250
		0x14, 0x40, 0xFF, 0xE3, 0x5A, 0xFE, 0x08, 0x10,
		0xFF, 0xE3, 0xA1, 0xF2, 0xEE, 0xD9, 0x00, 0x20, // 0x2260
		0x01, 0x14, 0x63, 0x14, 0x61, 0x14, 0x00, 0x00,
		0x00, 0x40, 0x01, 0x40, 0x00, 0x00, 0x00, 0x20, // 0x2270
		0x08, 0x02, 0x00, 0x20, 0xEF, 0x73, 0x00, 0x00,
		0xD2, 0x14, 0x72, 0x10, 0x92, 0x10, 0xB3, 0x10, // 0x2280
		0x63, 0x93, 0x63, 0xE4, 0x00, 0x21, 0x40, 0x3B,
		0x0B, 0x08, 0x11, 0x10, 0x22, 0x8D, 0x00, 0x21, // 0x2290
		0x00, 0xE0, 0x56, 0x2C, 0x66, 0x85, 0x04, 0xDC,
		0xBA, 0x10, 0x64, 0xDC, 0x7C, 0x01, 0x6D, 0x10, // 0x22A0
		0x40, 0x8B, 0x44, 0xDC, 0xB2, 0x10, 0x41, 0x8B,
		0x44, 0xDC, 0xB4, 0x10, 0x42, 0x8B, 0x63, 0x8B, // 0x22B0
		0x64, 0xDC, 0xBC, 0x10, 0x62, 0x8D, 0x44, 0xDC,
		0xB0, 0x10, 0x64, 0xDC, 0xBB, 0x10, 0x92, 0x14, // 0x22C0
		0x08, 0x02, 0x00, 0x20, 0x00, 0x00, 0x00, 0x20,
		0x00, 0x02, 0x00, 0x20, 0xA0, 0x68, 0x06, 0x00, // 0x22D0
		0xD0, 0x04, 0x00, 0x20, 0xD0, 0x14, 0x20, 0x30,
		0x00, 0xE0, 0x19, 0x22, 0x0C, 0x00, 0xC0, 0xC7, // 0x22E0
		0x21, 0x50, 0x02, 0x29, 0xFF, 0xE3, 0xE9, 0xF0,
		0x90, 0x14, 0xD4, 0x14, 0x00, 0x35, 0xEF, 0x00, // 0x22F0
		0xC3, 0x45, 0x9C, 0x61, 0x00, 0x96, 0x00, 0x74,
		0x00, 0xE0, 0xD8, 0x1F, 0x03, 0x6D, 0x40, 0x38, // 0x2300
		0x07, 0x0C, 0x61, 0x96, 0xCD, 0x7B, 0x0E, 0x5C,
		0x00, 0xE0, 0x1E, 0x16, 0x94, 0x14, 0x00, 0x25, // 0x2310
		0x44, 0x3D, 0xEF, 0x0B, 0x00, 0x34, 0xF8, 0x00,
		0xC3, 0x44, 0x9C, 0x61, 0x00, 0x96, 0x00, 0x74, // 0x2320
		0x00, 0xE0, 0xC4, 0x1F, 0x43, 0x6D, 0x40, 0x38,
		0x16, 0x0C, 0x61, 0x96, 0x8E, 0x5D, 0xCD, 0x7B, // 0x2330
		0x20, 0x31, 0x1E, 0x00, 0x00, 0xE0, 0x40, 0x1C,
		0x04, 0x85, 0xFF, 0xE3, 0x1A, 0xF2, 0x83, 0x6C, // 0x2340
		0x53, 0x6C, 0x02, 0x01, 0xFF, 0xE3, 0x82, 0xF5,
		0x80, 0x30, 0x02, 0x40, 0xFF, 0xE3, 0xDD, 0xFD, // 0x2350
		0x13, 0x6C, 0xDB, 0x07, 0x00, 0x24, 0x4D, 0x3C,
		0xE0, 0x0B, 0x01, 0x30, 0x88, 0x01, 0x00, 0xE0, // 0x2360
		0xA5, 0x1F, 0x40, 0x38, 0x08, 0x0C, 0x03, 0x20,
		0x00, 0xE0, 0xEE, 0x15, 0x01, 0x33, 0x64, 0xDC, // 0x2370
		0xB2, 0x02, 0xCD, 0x07, 0x64, 0xD8, 0xB2, 0x02,
		0x41, 0x3B, 0x0F, 0x08, 0x71, 0x30, 0x00, 0xE0, // 0x2380
		0x95, 0x1F, 0x43, 0x6D, 0x40, 0x38, 0xC3, 0x0F,
		0x0A, 0x33, 0x1E, 0x30, 0x64, 0xDC, 0xB0, 0x02, // 0x2390
		0x00, 0xE0, 0x40, 0x21, 0x0E, 0x5D, 0xB9, 0x07,
		0x00, 0x33, 0xEA, 0x07, 0xD1, 0x14, 0x81, 0x30, // 0x23A0
		0x99, 0x01, 0x00, 0xE0, 0x83, 0x1F, 0x40, 0x38,
		0x10, 0x0C, 0x64, 0xD8, 0xB0, 0x02, 0xCC, 0x74, // 0x23B0
		0x64, 0xDC, 0xB1, 0x02, 0x16, 0x30, 0x05, 0x33,
		0x64, 0xDC, 0xB0, 0x02, 0x00, 0xE0, 0x5C, 0x14, // 0x23C0
		0x60, 0x02, 0x64, 0xDC, 0x8D, 0x20, 0x91, 0x14,
		0x64, 0x94, 0x63, 0xEC, 0x10, 0x00, 0x64, 0xB4, // 0x23D0
		0x10, 0x30, 0x0A, 0x33, 0x64, 0xDC, 0xB0, 0x02,
		0x00, 0xE0, 0x1C, 0x21, 0xF5, 0x07, 0xD3, 0x14, // 0x23E0
		0x51, 0x30, 0x00, 0xE0, 0x63, 0x1F, 0x83, 0x6D,
		0x40, 0x38, 0x70, 0x0C, 0x61, 0x88, 0x8C, 0x02, // 0x23F0
		0x40, 0x3B, 0x61, 0x0C, 0x32, 0x58, 0xAC, 0x02,
		0x05, 0x32, 0x0C, 0x02, 0xFF, 0xE3, 0x26, 0xF5, // 0x2400
		0x25, 0xD8, 0xA7, 0x01, 0x65, 0xD8, 0xA4, 0x01,
		0x41, 0xE4, 0x07, 0x20, 0x63, 0xE4, 0x3F, 0x20, // 0x2410
		0x23, 0x49, 0x11, 0x02, 0xFF, 0xE3, 0xC3, 0xF1,
		0x64, 0xD8, 0xB0, 0x02, 0xCC, 0x74, 0x64, 0xDC, // 0x2420
		0xB1, 0x02, 0x65, 0xD8, 0xA6, 0x01, 0x63, 0xE4,
		0x07, 0x20, 0x44, 0xD8, 0xB5, 0x02, 0x8E, 0x64, // 0x2430
		0x11, 0x0C, 0x64, 0x94, 0x63, 0xEC, 0x40, 0x00,
		0x64, 0xB4, 0x18, 0x30, 0x0A, 0x33, 0x64, 0xDC, // 0x2440
		0xB0, 0x02, 0x00, 0xE0, 0xE7, 0x20, 0x00, 0xE0,
		0x53, 0x1C, 0x0E, 0x5E, 0x00, 0xE0, 0x7C, 0x15, // 0x2450
		0x3C, 0x04, 0x65, 0xD8, 0xA4, 0x01, 0x63, 0xE4,
		0x3F, 0x20, 0x65, 0xDC, 0xB2, 0x01, 0x0A, 0x33, // 0x2460
		0x45, 0xD8, 0xA8, 0x01, 0x65, 0xDC, 0xB1, 0x01,
		0x04, 0x33, 0x00, 0xEA, 0xDC, 0x05, 0x65, 0xDC, // 0x2470
		0xB0, 0x01, 0x64, 0x4A, 0x23, 0xE4, 0x04, 0x20,
		0x65, 0xD8, 0xB3, 0x01, 0x5A, 0x42, 0x63, 0xE4, // 0x2480
		0xF8, 0x20, 0x5E, 0x4A, 0xC4, 0x6C, 0xC8, 0x6C,
		0x65, 0xDC, 0xB3, 0x01, 0x65, 0xD8, 0x6C, 0x20, // 0x2490
		0x65, 0xDC, 0x6B, 0x20, 0x71, 0x03, 0x40, 0x93,
		0x60, 0x93, 0x64, 0xDC, 0xB0, 0x20, 0x08, 0x33, // 0x24A0
		0x44, 0xDC, 0xB1, 0x20, 0x64, 0xDC, 0xB0, 0x02,
		0x75, 0x03, 0x64, 0xDC, 0x8D, 0x20, 0x00, 0xE0, // 0x24B0
		0xE3, 0x13, 0xCA, 0x07, 0x64, 0x94, 0x63, 0xEC,
		0x20, 0x00, 0x64, 0xB4, 0x11, 0x30, 0x0A, 0x33, // 0x24C0
		0x64, 0xDC, 0xB0, 0x02, 0x00, 0xE0, 0xA6, 0x20,
		0x93, 0x14, 0x06, 0x30, 0x00, 0xE0, 0xEE, 0x1E, // 0x24D0
		0x03, 0x6D, 0x40, 0x38, 0x1A, 0x08, 0xD7, 0x13,
		0x63, 0x44, 0xD8, 0x60, 0x00, 0x93, 0x00, 0x74, // 0x24E0
		0x00, 0xE0, 0xE4, 0x1E, 0x43, 0x6D, 0x40, 0x38,
		0x0C, 0x0C, 0x54, 0x13, 0x16, 0x30, 0x62, 0xD8, // 0x24F0
		0xB5, 0x02, 0x00, 0x23, 0x62, 0xDC, 0xB5, 0x02,
		0x00, 0xE0, 0xBE, 0x13, 0x0E, 0x5D, 0xA7, 0x07, // 0x2500
		0x00, 0x24, 0x4D, 0x3C, 0xEA, 0x0B, 0xE1, 0x07,
		0x45, 0x80, 0x6E, 0x13, 0x43, 0xDC, 0xA1, 0x01, // 0x2510
		0x04, 0x2A, 0x6A, 0x13, 0x88, 0x74, 0x23, 0xD8,
		0xB0, 0x02, 0x44, 0x74, 0x23, 0xDC, 0xB1, 0x02, // 0x2520
		0xC8, 0x31, 0x84, 0x64, 0x0F, 0x0C, 0x43, 0xD8,
		0xB0, 0x02, 0x45, 0x3A, 0x06, 0x08, 0x43, 0xD8, // 0x2530
		0xB5, 0x02, 0x00, 0x22, 0x43, 0xDC, 0xB5, 0x02,
		0x16, 0x30, 0x00, 0xE0, 0x9D, 0x13, 0x0E, 0x5C, // 0x2540
		0x86, 0x07, 0x44, 0x93, 0x42, 0xEC, 0x80, 0x00,
		0x44, 0xB3, 0x19, 0x30, 0x0A, 0x32, 0x43, 0xDC, // 0x2550
		0xB0, 0x02, 0x00, 0xE0, 0x5F, 0x20, 0xF1, 0x07,
		0xD4, 0x14, 0x30, 0x14, 0x7E, 0x12, 0x5F, 0x12, // 0x2560
		0x42, 0xB3, 0x5F, 0x12, 0x40, 0xB3, 0x00, 0xE0,
		0x8E, 0x1F, 0x76, 0x12, 0xCF, 0x6D, 0x03, 0xD8, // 0x2570
		0x43, 0x20, 0x40, 0x38, 0x06, 0x0C, 0x00, 0x33,
		0x67, 0xDC, 0x43, 0x20, 0xFF, 0xE3, 0xB3, 0xFC, // 0x2580
		0xA7, 0xD8, 0x40, 0x20, 0x8D, 0x12, 0x40, 0x3D,
		0x4A, 0x0D, 0x00, 0x33, 0x57, 0x6C, 0x15, 0x12, // 0x2590
		0x67, 0xDC, 0x40, 0x20, 0xFF, 0xE3, 0x03, 0xF1,
		0x65, 0xE4, 0x02, 0x20, 0x40, 0x3B, 0x05, 0x0C, // 0x25A0
		0x00, 0xE0, 0x60, 0x12, 0x00, 0xE0, 0x2C, 0x2C,
		0x65, 0xE4, 0x04, 0x20, 0x40, 0x3B, 0x27, 0x0C, // 0x25B0
		0x07, 0xD8, 0x40, 0x01, 0xFF, 0xE3, 0xDD, 0xF0,
		0x93, 0x6C, 0x00, 0x33, 0x2C, 0x31, 0xC2, 0xD8, // 0x25C0
		0x96, 0x10, 0x40, 0x3E, 0x0E, 0x09, 0x2C, 0x32,
		0xC8, 0x7C, 0x01, 0x32, 0xCC, 0x5C, 0x46, 0xDC, // 0x25D0
		0x96, 0x10, 0x01, 0x20, 0x24, 0x12, 0x80, 0x74,
		0x68, 0xB8, 0x04, 0x12, 0x0C, 0x60, 0xFF, 0xE3, // 0x25E0
		0x35, 0xF4, 0x43, 0x12, 0x68, 0x98, 0x23, 0x12,
		0xC8, 0x60, 0x44, 0xD8, 0x4A, 0x20, 0x26, 0xDC, // 0x25F0
		0x54, 0x20, 0x64, 0xDC, 0x4A, 0x20, 0x46, 0xDC,
		0x55, 0x20, 0x60, 0xB2, 0x65, 0xE4, 0x08, 0x20, // 0x2600
		0x40, 0x3B, 0x05, 0x0C, 0x67, 0xD8, 0x52, 0x10,
		0x64, 0xDC, 0x4E, 0x11, 0x65, 0xE4, 0x10, 0x20, // 0x2610
		0x40, 0x3B, 0x0D, 0x0C, 0x67, 0xD8, 0x57, 0x10,
		0x07, 0xD8, 0x58, 0x10, 0x64, 0xDC, 0x4F, 0x11, // 0x2620
		0xFF, 0xE3, 0x62, 0xF2, 0x07, 0xD8, 0x59, 0x10,
		0xFF, 0xE3, 0x43, 0xF2, 0x65, 0xE4, 0x20, 0x20, // 0x2630
		0x40, 0x3B, 0x05, 0x0C, 0x67, 0xD8, 0x55, 0x10,
		0x64, 0xDC, 0x50, 0x11, 0x65, 0xE4, 0x80, 0x20, // 0x2640
		0x40, 0x3B, 0x05, 0x0C, 0x67, 0xD8, 0xB4, 0x00,
		0x64, 0xDC, 0xB7, 0x02, 0x65, 0xE4, 0x00, 0x21, // 0x2650
		0x40, 0x3B, 0x04, 0x0C, 0x68, 0x11, 0xDC, 0x32,
		0x40, 0xAB, 0x65, 0xE4, 0x00, 0x24, 0x40, 0x3B, // 0x2660
		0x05, 0x0C, 0x80, 0x30, 0x03, 0x40, 0x00, 0xE0,
		0xE2, 0x1F, 0x65, 0xE4, 0x00, 0x28, 0x40, 0x3B, // 0x2670
		0x05, 0x0C, 0x80, 0x30, 0x03, 0x40, 0x00, 0xE0,
		0xE2, 0x1F, 0x80, 0x33, 0x6B, 0x43, 0xD4, 0x68, // 0x2680
		0x40, 0x3B, 0x3B, 0x0C, 0x0A, 0x33, 0x1F, 0x30,
		0x64, 0xDC, 0xB0, 0x02, 0x64, 0x94, 0x63, 0xEC, // 0x2690
		0x01, 0x00, 0x64, 0xB4, 0x67, 0xD8, 0x40, 0x20,
		0x63, 0xEC, 0x02, 0x00, 0x67, 0xDC, 0x40, 0x20, // 0x26A0
		0x00, 0xE0, 0xB8, 0x1F, 0x2A, 0x04, 0x00, 0x00,
		0x68, 0x25, 0x00, 0x00, 0xD0, 0x79, 0x00, 0x00, // 0x26B0
		0xF0, 0x79, 0x00, 0x00, 0x20, 0x01, 0x00, 0x20,
		0x08, 0x02, 0x00, 0x20, 0xEE, 0x23, 0x00, 0x00, // 0x26C0
		0x00, 0x00, 0x00, 0x20, 0xA4, 0x01, 0x00, 0x20,
		0x7E, 0x75, 0x00, 0x00, 0xF0, 0x04, 0x00, 0x20, // 0x26D0
		0xFA, 0x22, 0x00, 0x00, 0x00, 0x70, 0x00, 0x40,
		0x5F, 0x58, 0x4E, 0x5F, 0x5F, 0x43, 0x53, 0x5F, // 0x26E0
		0x68, 0x71, 0x00, 0x00, 0x40, 0x01, 0x00, 0x20,
		0x38, 0x03, 0x00, 0x20, 0x58, 0x03, 0x00, 0x20, // 0x26F0
		0x2C, 0x03, 0x00, 0x20, 0x00, 0x02, 0x00, 0x20,
		0x80, 0x33, 0x6D, 0x43, 0xD4, 0x68, 0x40, 0x3B, // 0x2700
		0x04, 0x0C, 0x02, 0x30, 0x00, 0xE0, 0x03, 0x20,
		0x80, 0x33, 0x6E, 0x43, 0xD4, 0x68, 0x40, 0x3B, // 0x2710
		0x04, 0x0C, 0x02, 0x30, 0x00, 0xE0, 0xF5, 0x1F,
		0x80, 0x33, 0x6F, 0x43, 0xD4, 0x68, 0x40, 0x3B, // 0x2720
		0x18, 0x0C, 0x1B, 0x00, 0x27, 0xD8, 0x60, 0x10,
		0x00, 0x21, 0x00, 0xE0, 0x09, 0x2A, 0xDD, 0x00, // 0x2730
		0x27, 0xD8, 0x51, 0x10, 0x04, 0xDC, 0x53, 0x11,
		0x01, 0x01, 0x00, 0x21, 0x00, 0xE0, 0x00, 0x2A, // 0x2740
		0x27, 0xD8, 0x50, 0x10, 0x00, 0xAE, 0x04, 0x01,
		0x00, 0x21, 0x00, 0xE0, 0xF9, 0x29, 0x01, 0xAE, // 0x2750
		0x80, 0x33, 0x70, 0x43, 0xD4, 0x68, 0x40, 0x3B,
		0x0D, 0x0C, 0x09, 0x01, 0xC7, 0xD8, 0x7C, 0x01, // 0x2760
		0x27, 0xD8, 0xBA, 0x10, 0x00, 0x21, 0x00, 0xE0,
		0xEB, 0x29, 0x01, 0x74, 0x5B, 0x6C, 0x00, 0xE0, // 0x2770
		0xCE, 0x10, 0x80, 0x33, 0x71, 0x43, 0xD4, 0x68,
		0x40, 0x3B, 0x04, 0x0C, 0x80, 0x30, 0x00, 0xE0, // 0x2780
		0xC6, 0x1F, 0x80, 0x33, 0x72, 0x43, 0xD4, 0x68,
		0x40, 0x3B, 0x04, 0x0C, 0x80, 0x30, 0x00, 0xE0, // 0x2790
		0xB8, 0x1F, 0x80, 0x33, 0x73, 0x43, 0xD4, 0x68,
		0x40, 0x3B, 0x05, 0x0C, 0x67, 0xD8, 0x54, 0x10, // 0x27A0
		0x64, 0xDC, 0x52, 0x11, 0x80, 0x33, 0x74, 0x43,
		0xD4, 0x68, 0x40, 0x3B, 0x05, 0x0C, 0x67, 0xD8, // 0x27B0
		0x56, 0x10, 0x64, 0xDC, 0x51, 0x11, 0x80, 0x33,
		0x75, 0x43, 0xD4, 0x68, 0x40, 0x3B, 0x0D, 0x0C, // 0x27C0
		0x63, 0x94, 0x63, 0xE4, 0x00, 0x21, 0x80, 0x30,
		0x40, 0x3B, 0x01, 0x40, 0x0F, 0x0C, 0x00, 0xE0, // 0x27D0
		0x98, 0x1F, 0x05, 0x02, 0xFF, 0xE3, 0xE3, 0xEF,
		0xDF, 0x3D, 0x21, 0x0C, 0x00, 0xE0, 0x43, 0x1E, // 0x27E0
		0x00, 0x23, 0x46, 0x3B, 0x84, 0x60, 0xEC, 0x0A,
		0x0A, 0x07, 0x00, 0xE0, 0x90, 0x1F, 0x63, 0x94, // 0x27F0
		0x63, 0xE4, 0x01, 0x20, 0x40, 0x3B, 0x11, 0x08,
		0x00, 0x31, 0x00, 0x30, 0xFF, 0xE3, 0xCD, 0xF2, // 0x2800
		0x01, 0x31, 0x00, 0x30, 0xFF, 0xE3, 0xC9, 0xF2,
		0x52, 0x02, 0x62, 0x92, 0x87, 0x3B, 0x62, 0xB2, // 0x2810
		0x00, 0xE0, 0x8D, 0x11, 0x00, 0xE0, 0x8E, 0x0F,
		0x15, 0x02, 0xDD, 0x07, 0x63, 0x94, 0x63, 0xE4, // 0x2820
		0x08, 0x20, 0x40, 0x3B, 0x08, 0x0C, 0x08, 0x30,
		0x00, 0xE0, 0x6B, 0x1F, 0x00, 0x31, 0x19, 0x02, // 0x2830
		0xFF, 0xE3, 0x43, 0xEE, 0x64, 0xD8, 0xB0, 0x02,
		0x4A, 0x3B, 0x7B, 0x02, 0x68, 0xB8, 0xE6, 0x08, // 0x2840
		0x00, 0xE0, 0x10, 0x11, 0x00, 0xEA, 0x01, 0x06,
		0x00, 0xE0, 0x5B, 0x1F, 0x00, 0x33, 0x07, 0xD8, // 0x2850
		0x5E, 0x10, 0x64, 0xDC, 0xB0, 0x02, 0x62, 0x03,
		0x60, 0x93, 0x64, 0xDC, 0xB1, 0x20, 0x00, 0xE0, // 0x2860
		0x0B, 0x12, 0x80, 0x30, 0x08, 0x40, 0x00, 0xE0,
		0xE2, 0x1E, 0x4A, 0x03, 0x00, 0x30, 0x62, 0x92, // 0x2870
		0x63, 0xEC, 0x80, 0x00, 0x62, 0xB2, 0xFF, 0xE3,
		0xD6, 0xF2, 0x00, 0xE0, 0xA5, 0x19, 0x64, 0xD8, // 0x2880
		0xB1, 0x02, 0x48, 0x3B, 0x0B, 0x08, 0x80, 0x30,
		0x08, 0x40, 0xFF, 0xE3, 0x3E, 0xFB, 0x64, 0x94, // 0x2890
		0x67, 0xDC, 0x65, 0x20, 0x01, 0x33, 0x64, 0xDC,
		0xAE, 0x20, 0x24, 0x94, 0x61, 0xE4, 0x02, 0x20, // 0x28A0
		0x40, 0x3B, 0x04, 0x08, 0x15, 0x03, 0xFF, 0xE3,
		0x7A, 0xEF, 0x00, 0x33, 0x64, 0xB4, 0x0A, 0x33, // 0x28B0
		0x64, 0xDC, 0xB1, 0x02, 0x68, 0x98, 0x58, 0x03,
		0x60, 0x93, 0x21, 0x92, 0xC6, 0x60, 0x03, 0xEB, // 0x28C0
		0xE8, 0x03, 0x62, 0x0C, 0x68, 0x98, 0x60, 0x93,
		0x61, 0xB2, 0x64, 0xD8, 0xB0, 0x02, 0xCC, 0x74, // 0x28D0
		0x02, 0x3B, 0x5A, 0x0C, 0x64, 0xD8, 0xB0, 0x02,
		0xCC, 0x74, 0x09, 0x3B, 0x55, 0x08, 0x67, 0xD8, // 0x28E0
		0x45, 0x20, 0x63, 0xE4, 0x10, 0x20, 0xDC, 0x13,
		0x40, 0x3B, 0x7C, 0x13, 0xC3, 0xC4, 0x20, 0x0C, // 0x28F0
		0x67, 0xD8, 0xB9, 0x10, 0x0A, 0x31, 0x69, 0xB8,
		0x79, 0x13, 0x42, 0x8B, 0xA3, 0xD8, 0x03, 0x50, // 0x2900
		0x4A, 0xB8, 0x41, 0x8B, 0x17, 0x6C, 0x4B, 0xB8,
		0x40, 0x8B, 0x4C, 0xB8, 0x00, 0xE0, 0x18, 0x29, // 0x2910
		0xC3, 0x74, 0x0A, 0x31, 0x17, 0x6C, 0x6D, 0xB8,
		0x00, 0xE0, 0xD8, 0x29, 0xC3, 0x74, 0xDF, 0x3B, // 0x2920
		0x03, 0x0C, 0x00, 0x32, 0x6D, 0x5A, 0x43, 0x94,
		0x42, 0xE4, 0x04, 0x20, 0x2D, 0x13, 0x40, 0x3A, // 0x2930
		0x4D, 0x13, 0x07, 0xD8, 0x7C, 0x01, 0x41, 0xC4,
		0x20, 0x0C, 0x32, 0x31, 0x04, 0x7C, 0xFF, 0x31, // 0x2940
		0x6F, 0xB8, 0x4E, 0xB8, 0x00, 0xE0, 0xFC, 0x28,
		0xA7, 0xD8, 0xBA, 0x10, 0x0A, 0x31, 0x07, 0xB8, // 0x2950
		0x17, 0x6C, 0x00, 0xE0, 0x3D, 0x2A, 0x01, 0x74,
		0x06, 0xB8, 0x0A, 0x31, 0x17, 0x6C, 0x00, 0xE0, // 0x2960
		0xDD, 0x29, 0x6F, 0x98, 0x4E, 0x98, 0x63, 0xB8,
		0x6D, 0x98, 0x01, 0x74, 0x62, 0xB8, 0x6C, 0x98, // 0x2970
		0x05, 0xB8, 0x61, 0xB8, 0x6B, 0x98, 0x44, 0xB8,
		0x60, 0xB8, 0x49, 0x98, 0x6A, 0x98, 0x5B, 0x6C, // 0x2980
		0x1A, 0x12, 0xFF, 0xE3, 0x0C, 0xEF, 0x68, 0x98,
		0x39, 0x12, 0x40, 0x93, 0x60, 0x91, 0x8E, 0x60, // 0x2990
		0x02, 0xEB, 0xBC, 0x02, 0x39, 0x0C, 0x44, 0xD8,
		0xB0, 0x02, 0x48, 0x3A, 0x35, 0x08, 0xA6, 0x12, // 0x29A0
		0x63, 0xE4, 0x2B, 0x01, 0x60, 0xB1, 0x66, 0x85,
		0x24, 0xD8, 0xBC, 0x42, 0x68, 0xB8, 0x00, 0x32, // 0x29B0
		0x03, 0x2A, 0x85, 0x64, 0x6E, 0xD8, 0x10, 0x10,
		0x43, 0x94, 0x02, 0x8D, 0xCD, 0x74, 0xC2, 0x58, // 0x29C0
		0x42, 0xE4, 0x04, 0x20, 0xCC, 0x09, 0x40, 0x3A,
		0xA3, 0x09, 0x41, 0x8D, 0x02, 0x2A, 0x80, 0x64, // 0x29D0
		0x9F, 0x0D, 0x43, 0xEB, 0xFF, 0x00, 0xC0, 0x09,
		0x64, 0x33, 0x67, 0xDC, 0xD1, 0x00, 0x00, 0xE0, // 0x29E0
		0xC5, 0x0F, 0x14, 0x11, 0x22, 0x8D, 0x00, 0x21,
		0x00, 0xE0, 0xAA, 0x28, 0x03, 0x6D, 0x5B, 0x6C, // 0x29F0
		0x10, 0x11, 0x00, 0xE0, 0x93, 0x29, 0x66, 0x85,
		0x43, 0x6C, 0x60, 0xB8, 0x93, 0x6C, 0x68, 0x98, // 0x2A00
		0x1C, 0x11, 0xFF, 0xE3, 0xCC, 0xEE, 0x10, 0x14,
		0x94, 0x14, 0x64, 0xD8, 0xB0, 0x02, 0xCC, 0x74, // 0x2A10
		0x05, 0x3B, 0x16, 0x0C, 0x64, 0xD8, 0xB0, 0x02,
		0xCC, 0x74, 0x09, 0x3B, 0x11, 0x08, 0x6B, 0x11, // 0x2A20
		0x44, 0xD8, 0xB1, 0x20, 0x60, 0x93, 0xCA, 0x60,
		0x03, 0xEB, 0xD8, 0x59, 0x1D, 0x08, 0x67, 0x11, // 0x2A30
		0x44, 0xD8, 0xB0, 0x20, 0x60, 0x93, 0xCA, 0x60,
		0x03, 0xEB, 0xDC, 0x05, 0x15, 0x08, 0x4E, 0x11, // 0x2A40
		0x00, 0x33, 0x49, 0xB8, 0x7C, 0x30, 0x0C, 0x35,
		0x48, 0x98, 0xC9, 0x98, 0x20, 0x92, 0x03, 0xC4, // 0x2A50
		0x22, 0x84, 0x98, 0x60, 0xC2, 0x92, 0x94, 0x60,
		0x40, 0x92, 0x5A, 0x60, 0x48, 0x64, 0x2B, 0x0B, // 0x2A60
		0x00, 0x23, 0x46, 0x3B, 0xF2, 0x0B, 0x64, 0xD8,
		0xB0, 0x02, 0xCC, 0x74, 0x40, 0x3B, 0x15, 0x0C, // 0x2A70
		0x41, 0x3B, 0xA9, 0x0C, 0x01, 0x11, 0xFF, 0xE3,
		0x92, 0xEE, 0x04, 0xD8, 0xB0, 0x02, 0x00, 0x74, // 0x2A80
		0x01, 0x28, 0x06, 0x38, 0x3D, 0x09, 0x00, 0xE0,
		0xD7, 0x29, 0x02, 0x01, 0x0D, 0x01, 0x16, 0x01, // 0x2A90
		0x1F, 0x01, 0x28, 0x01, 0x31, 0x01, 0xDE, 0x00,
		0x49, 0x10, 0x01, 0x31, 0x62, 0x92, 0x63, 0xEC, // 0x2AA0
		0x80, 0x00, 0x62, 0xB2, 0x56, 0x10, 0x62, 0x92,
		0x63, 0xEC, 0x01, 0x00, 0x62, 0xB2, 0x29, 0x04, // 0x2AB0
		0xA0, 0x68, 0x06, 0x00, 0x00, 0x02, 0x00, 0x20,
		0x98, 0x75, 0x00, 0x00, 0x00, 0x40, 0x01, 0x40, // 0x2AC0
		0xAA, 0x75, 0x00, 0x00, 0x6C, 0x47, 0x00, 0x00,
		0xF0, 0x04, 0x00, 0x20, 0xBD, 0x75, 0x00, 0x00, // 0x2AD0
		0x84, 0x0C, 0x00, 0x20, 0x88, 0x70, 0x00, 0x00,
		0x8C, 0x70, 0x00, 0x00, 0xD0, 0x04, 0x00, 0x20, // 0x2AE0
		0x95, 0x70, 0x00, 0x00, 0x90, 0x70, 0x00, 0x00,
		0x6F, 0x76, 0x00, 0x00, 0xC4, 0x08, 0x00, 0x20, // 0x2AF0
		0xB1, 0x76, 0x00, 0x00, 0xDC, 0x05, 0x00, 0x20,
		0xD4, 0x75, 0x00, 0x00, 0x00, 0xF0, 0x01, 0x40, // 0x2B00
		0x62, 0x92, 0xC4, 0x68, 0xCC, 0x74, 0x40, 0x3B,
		0xFC, 0x0B, 0x62, 0x92, 0x80, 0x3B, 0x62, 0xB2, // 0x2B10
		0x00, 0x31, 0x7A, 0x00, 0x6C, 0x29, 0x23, 0xDC,
		0x44, 0x00, 0x6B, 0x31, 0x1C, 0x00, 0x23, 0xDC, // 0x2B20
		0x45, 0x00, 0xD9, 0x31, 0x23, 0xDC, 0x21, 0x10,
		0x00, 0x31, 0x73, 0x29, 0x23, 0xDC, 0x46, 0x00, // 0x2B30
		0x03, 0xEA, 0xFF, 0x1F, 0xC0, 0x92, 0x8C, 0x69,
		0xA1, 0x92, 0x61, 0x92, 0x68, 0x4B, 0xFF, 0x32, // 0x2B40
		0xC8, 0x68, 0x48, 0x69, 0x4E, 0x61, 0x03, 0xEA,
		0x2E, 0x04, 0x4C, 0x7D, 0x55, 0x75, 0x9B, 0x6C, // 0x2B50
		0x57, 0x6C, 0xFF, 0xE3, 0x24, 0xEE, 0x49, 0x01,
		0x62, 0x92, 0x87, 0x3B, 0x62, 0xB2, 0x67, 0xD8, // 0x2B60
		0x45, 0x20, 0x63, 0xE4, 0x00, 0x28, 0x40, 0x3B,
		0x05, 0x0C, 0x64, 0x30, 0x00, 0xE0, 0x84, 0x10, // 0x2B70
		0xA2, 0x06, 0x05, 0xEB, 0xCF, 0x07, 0x04, 0x0C,
		0x06, 0xEB, 0x4B, 0x02, 0x05, 0x08, 0x0A, 0x30, // 0x2B80
		0x00, 0xE0, 0x48, 0x1D, 0xF3, 0x07, 0xA5, 0xE4,
		0x9F, 0x1F, 0x55, 0x75, 0x56, 0x01, 0x05, 0xEB, // 0x2B90
		0xD0, 0x07, 0x0C, 0x0C, 0x00, 0x33, 0x60, 0xA2,
		0x64, 0xD8, 0xB0, 0x02, 0xCC, 0x74, 0x64, 0xDC, // 0x2BA0
		0xB1, 0x02, 0x01, 0x33, 0x64, 0xDC, 0xB0, 0x02,
		0x86, 0x06, 0xC6, 0xE4, 0x89, 0x12, 0x99, 0x75, // 0x2BB0
		0x06, 0xEB, 0x2C, 0x01, 0xF0, 0x0B, 0x60, 0x82,
		0x00, 0x23, 0xCC, 0x74, 0x60, 0xA2, 0x04, 0x3B, // 0x2BC0
		0xEA, 0x0B, 0xD4, 0x07, 0x63, 0x02, 0x42, 0x8B,
		0x64, 0xD8, 0x51, 0x11, 0x8C, 0x64, 0x0B, 0x08, // 0x2BD0
		0x64, 0x94, 0xB5, 0x3B, 0x64, 0xB4, 0x01, 0x30,
		0x0A, 0x33, 0x64, 0xDC, 0xB0, 0x02, 0x00, 0xE0, // 0x2BE0
		0x19, 0x1D, 0x69, 0x06, 0x64, 0xD8, 0xB0, 0x02,
		0xCC, 0x74, 0x64, 0xDC, 0xB1, 0x02, 0x02, 0x33, // 0x2BF0
		0x80, 0x30, 0x64, 0xDC, 0xB0, 0x02, 0x07, 0x40,
		0x6F, 0x02, 0x64, 0xDC, 0x8D, 0x20, 0x00, 0xE0, // 0x2C00
		0x1E, 0x1D, 0x64, 0xD8, 0xAE, 0x20, 0x40, 0x3B,
		0x08, 0x0C, 0x80, 0x30, 0x00, 0x33, 0x0E, 0x40, // 0x2C10
		0x64, 0xDC, 0xAE, 0x20, 0xFF, 0xE3, 0x79, 0xF9,
		0xFF, 0xE3, 0x30, 0xFB, 0x00, 0x31, 0x00, 0x30, // 0x2C20
		0xFF, 0xE3, 0xBB, 0xF0, 0x01, 0x31, 0x00, 0x30,
		0xFF, 0xE3, 0xB7, 0xF0, 0x5F, 0x02, 0x62, 0x92, // 0x2C30
		0x87, 0x3B, 0x62, 0xB2, 0x00, 0xE0, 0x7B, 0x0F,
		0x1E, 0x02, 0x05, 0x31, 0xFF, 0xE3, 0x3D, 0xEC, // 0x2C40
		0x07, 0xD8, 0x5F, 0x10, 0x94, 0x07, 0x68, 0x98,
		0x44, 0xD8, 0xB1, 0x20, 0x60, 0x93, 0xCA, 0x60, // 0x2C50
		0x03, 0xEB, 0xD8, 0x59, 0x64, 0x94, 0x10, 0x0C,
		0x05, 0x03, 0x63, 0xEC, 0x00, 0x20, 0x64, 0xB4, // 0x2C60
		0xFF, 0xE3, 0x9D, 0xED, 0x0D, 0x30, 0x00, 0xE0,
		0xD5, 0x1C, 0x80, 0x30, 0x0D, 0x40, 0xFF, 0xE3, // 0x2C70
		0x4C, 0xF9, 0x0A, 0x33, 0x98, 0x07, 0x0B, 0x03,
		0x63, 0xEC, 0x00, 0x10, 0x64, 0xB4, 0xFF, 0xE3, // 0x2C80
		0x8E, 0xED, 0x0C, 0x30, 0x00, 0xE0, 0xC6, 0x1C,
		0x80, 0x30, 0x0C, 0x40, 0xF1, 0x07, 0x64, 0x94, // 0x2C90
		0x63, 0xEC, 0x04, 0x00, 0x12, 0x03, 0x64, 0xB4,
		0xFF, 0xE3, 0x81, 0xED, 0x12, 0x30, 0x00, 0xE0, // 0x2CA0
		0xB9, 0x1C, 0xE8, 0x07, 0x64, 0x94, 0x63, 0xEC,
		0x08, 0x00, 0x16, 0x03, 0x64, 0xB4, 0xFF, 0xE3, // 0x2CB0
		0x76, 0xED, 0x13, 0x30, 0xF5, 0x07, 0x64, 0x94,
		0x63, 0xEC, 0x10, 0x00, 0x1A, 0x03, 0x64, 0xB4, // 0x2CC0
		0xFF, 0xE3, 0x6D, 0xED, 0x14, 0x30, 0xEC, 0x07,
		0x64, 0x94, 0x63, 0xEC, 0x20, 0x00, 0x1D, 0x03, // 0x2CD0
		0x64, 0xB4, 0xFF, 0xE3, 0x64, 0xED, 0x15, 0x30,
		0xE3, 0x07, 0x64, 0x94, 0x63, 0xEC, 0x00, 0x01, // 0x2CE0
		0x1E, 0x13, 0x64, 0xB4, 0xFF, 0xE3, 0x5B, 0xED,
		0x16, 0x30, 0xDA, 0x07, 0x64, 0x94, 0x63, 0xEC, // 0x2CF0
		0x00, 0x02, 0x1B, 0x13, 0x64, 0xB4, 0xFF, 0xE3,
		0x52, 0xED, 0x17, 0x30, 0xD1, 0x07, 0x64, 0x94, // 0x2D00
		0x63, 0xEC, 0x00, 0x08, 0x17, 0x13, 0x64, 0xB4,
		0xFF, 0xE3, 0x49, 0xED, 0xB3, 0x07, 0x43, 0xEB, // 0x2D10
		0xFF, 0x00, 0x22, 0x08, 0x5B, 0x6C, 0x14, 0x13,
		0xCF, 0x6D, 0x00, 0xE0, 0xFF, 0x27, 0x20, 0xE4, // 0x2D20
		0x4E, 0x10, 0x11, 0x13, 0x00, 0xE0, 0xFA, 0x27,
		0xDF, 0x6C, 0x40, 0x8D, 0x80, 0x64, 0x05, 0x0C, // 0x2D30
		0x41, 0x8D, 0x80, 0x64, 0x40, 0xC4, 0x20, 0x0C,
		0x24, 0xD8, 0xB6, 0x02, 0x4C, 0x64, 0x07, 0x0C, // 0x2D40
		0x03, 0xEB, 0xFF, 0x00, 0x4F, 0x6C, 0x02, 0x0C,
		0xFF, 0x31, 0x45, 0x74, 0x44, 0x74, 0x09, 0x74, // 0x2D50
		0x00, 0xE0, 0xDD, 0x0D, 0x47, 0x06, 0x0A, 0x23,
		0xCD, 0x74, 0xE8, 0x07, 0x40, 0x3A, 0x0F, 0x0C, // 0x2D60
		0x40, 0x8D, 0x02, 0x22, 0x08, 0x64, 0x0B, 0x0C,
		0x44, 0xD8, 0xB6, 0x02, 0xC8, 0x64, 0x07, 0x0C, // 0x2D70
		0x32, 0x33, 0x67, 0xDC, 0xD1, 0x00, 0x00, 0xE0,
		0x37, 0x0E, 0x34, 0x06, 0x84, 0xD8, 0xB6, 0x02, // 0x2D80
		0xD0, 0x64, 0x1D, 0x0C, 0x5B, 0x6C, 0x18, 0x12,
		0xCF, 0x6D, 0x00, 0xE0, 0xC7, 0x27, 0x20, 0xE4, // 0x2D90
		0x50, 0x00, 0x15, 0x12, 0x00, 0xE0, 0xC2, 0x27,
		0xDF, 0x6C, 0x40, 0x8D, 0x80, 0x64, 0x05, 0x0C, // 0x2DA0
		0x41, 0x8D, 0x80, 0x64, 0x40, 0xC4, 0x20, 0x0C,
		0x0C, 0x65, 0x07, 0x0C, 0x03, 0xEB, 0xFF, 0x00, // 0x2DB0
		0x0F, 0x6D, 0x02, 0x0C, 0xFF, 0x34, 0x11, 0x75,
		0x50, 0x74, 0xCA, 0x07, 0x0A, 0x2B, 0xCD, 0x74, // 0x2DC0
		0xED, 0x07, 0xD4, 0x14, 0x23, 0x14, 0x68, 0x59,
		0x0D, 0x64, 0x43, 0x6D, 0x20, 0xB8, 0x41, 0xB8, // 0x2DD0
		0x68, 0x0C, 0x39, 0x11, 0x74, 0x11, 0x01, 0x89,
		0x42, 0x89, 0xE0, 0x89, 0xC1, 0xD8, 0x03, 0x50, // 0x2DE0
		0x75, 0x31, 0x08, 0x64, 0x97, 0x8B, 0x69, 0x58,
		0x00, 0x32, 0x06, 0xE4, 0xF9, 0x10, 0x04, 0x7C, // 0x2DF0
		0x01, 0xEA, 0x20, 0x4E, 0x62, 0xC4, 0x40, 0x0C,
		0x62, 0xB8, 0x00, 0xE0, 0xA1, 0x26, 0xFA, 0x31, // 0x2E00
		0x22, 0x41, 0x0D, 0x20, 0x1C, 0x7C, 0x00, 0xE0,
		0x9B, 0x26, 0x38, 0x11, 0x62, 0x98, 0x21, 0xD8, // 0x2E10
		0x45, 0x20, 0x21, 0xE4, 0x02, 0x20, 0x40, 0x39,
		0x04, 0x0C, 0x55, 0x11, 0x02, 0xDC, 0x3C, 0x10, // 0x2E20
		0xC0, 0x64, 0x05, 0x08, 0xC2, 0x60, 0x03, 0xEB,
		0x31, 0x00, 0x22, 0x08, 0x4F, 0x2C, 0x26, 0xEB, // 0x2E30
		0x52, 0x03, 0x11, 0x75, 0x0A, 0x08, 0x06, 0x30,
		0xC6, 0xE4, 0x51, 0x13, 0x64, 0x31, 0x18, 0x7C, // 0x2E40
		0x00, 0xE0, 0x7E, 0x26, 0x00, 0x61, 0x11, 0x75,
		0x69, 0x11, 0x53, 0x6C, 0x63, 0x93, 0x63, 0xE4, // 0x2E50
		0x80, 0x20, 0x40, 0x3B, 0x02, 0x08, 0x3B, 0x29,
		0x00, 0xEA, 0x88, 0x13, 0x60, 0x98, 0x4E, 0x61, // 0x2E60
		0x61, 0x98, 0x4E, 0x61, 0x14, 0x7C, 0x00, 0xE0,
		0x59, 0x27, 0x03, 0x14, 0x94, 0x14, 0x03, 0xEB, // 0x2E70
		0x63, 0x00, 0x62, 0xB8, 0x00, 0xEA, 0x88, 0x13,
		0x0E, 0x08, 0x50, 0x31, 0x1E, 0x60, 0x00, 0xE0, // 0x2E80
		0x5F, 0x26, 0x62, 0x98, 0x4F, 0x2C, 0x05, 0x31,
		0x02, 0x61, 0x0F, 0x6C, 0x00, 0xE0, 0x46, 0x27, // 0x2E90
		0x02, 0x61, 0xCE, 0x07, 0x50, 0x31, 0x68, 0x2C,
		0x1E, 0x60, 0x00, 0xE0, 0x51, 0x26, 0xF9, 0x07, // 0x2EA0
		0x00, 0x30, 0xE4, 0x07, 0xE0, 0x0B, 0x00, 0x20,
		0xC9, 0x75, 0x00, 0x00, 0x00, 0x40, 0x01, 0x40, // 0x2EB0
		0x84, 0x0C, 0x00, 0x20, 0xD0, 0x04, 0x00, 0x20,
		0x5A, 0x63, 0x00, 0x00, 0x40, 0x47, 0x00, 0x00, // 0x2EC0
		0xE0, 0x75, 0x00, 0x00, 0xE7, 0x75, 0x00, 0x00,
		0xEE, 0x75, 0x00, 0x00, 0x01, 0x76, 0x00, 0x00, // 0x2ED0
		0x13, 0x76, 0x00, 0x00, 0x2E, 0x76, 0x00, 0x00,
		0x3F, 0x76, 0x00, 0x00, 0x4E, 0x76, 0x00, 0x00, // 0x2EE0
		0x5D, 0x76, 0x00, 0x00, 0xA0, 0x68, 0x06, 0x00,
		0x00, 0x00, 0x00, 0x20, 0x08, 0x02, 0x00, 0x20, // 0x2EF0
		0xD4, 0x14, 0x2F, 0x14, 0x6E, 0x01, 0x8D, 0x01,
		0x47, 0x93, 0x42, 0xE4, 0x10, 0x20, 0x40, 0x3A, // 0x2F00
		0x35, 0x0C, 0x43, 0x94, 0x42, 0xE4, 0x08, 0x20,
		0x40, 0x3A, 0x30, 0x0C, 0x40, 0x93, 0x32, 0x01, // 0x2F10
		0x84, 0x68, 0x40, 0xB3, 0x33, 0x01, 0x43, 0x93,
		0x84, 0x68, 0x43, 0xB3, 0x08, 0x30, 0x00, 0xE0, // 0x2F20
		0xF0, 0x1B, 0x10, 0x30, 0x00, 0xE0, 0xF3, 0x1B,
		0x80, 0x30, 0x0D, 0x40, 0xFF, 0xE3, 0xED, 0xF7, // 0x2F30
		0x00, 0x31, 0x08, 0x30, 0xFF, 0xE3, 0x78, 0xEE,
		0x1B, 0x01, 0xFF, 0xE3, 0x30, 0xEC, 0x32, 0x33, // 0x2F40
		0x05, 0x32, 0x64, 0xB4, 0x08, 0x30, 0x7D, 0x01,
		0x43, 0xDC, 0x90, 0x01, 0x43, 0xD8, 0x40, 0x20, // 0x2F50
		0x42, 0xEC, 0x00, 0x10, 0x43, 0xDC, 0x40, 0x20,
		0x00, 0xE0, 0x5C, 0x1B, 0x80, 0x30, 0x0F, 0x40, // 0x2F60
		0xFF, 0xE3, 0xD3, 0xF7, 0x04, 0x02, 0xFF, 0xE3,
		0x1A, 0xEC, 0x04, 0x30, 0xFF, 0xE3, 0x47, 0xEE, // 0x2F70
		0x66, 0x02, 0x40, 0x38, 0x67, 0xB8, 0x96, 0x0C,
		0x60, 0x93, 0x00, 0x23, 0x49, 0x02, 0x04, 0x3B, // 0x2F80
		0x60, 0xB2, 0x1D, 0x0C, 0x63, 0x94, 0x63, 0xE4,
		0x20, 0x20, 0x40, 0x3B, 0x8D, 0x0C, 0x80, 0x30, // 0x2F90
		0xCB, 0x6C, 0x02, 0x40, 0x00, 0x32, 0x40, 0xB3,
		0x00, 0xE0, 0x51, 0x1B, 0x73, 0x02, 0x0B, 0x32, // 0x2FA0
		0x0D, 0x30, 0x43, 0xDC, 0x90, 0x01, 0x43, 0xD8,
		0x40, 0x20, 0x42, 0xEC, 0x00, 0x10, 0x43, 0xDC, // 0x2FB0
		0x40, 0x20, 0x00, 0xE0, 0x2F, 0x1B, 0x80, 0x30,
		0xFF, 0xE3, 0xA7, 0xF7, 0xBB, 0x02, 0x80, 0x30, // 0x2FC0
		0x65, 0xD8, 0x90, 0x00, 0x43, 0xE4, 0x01, 0x20,
		0x08, 0x40, 0x40, 0x3A, 0x7A, 0x0C, 0x43, 0x94, // 0x2FD0
		0x80, 0x68, 0x63, 0xE4, 0x02, 0x20, 0x40, 0x3A,
		0x68, 0x0C, 0x40, 0x3B, 0x0C, 0x08, 0x00, 0xE0, // 0x2FE0
		0x90, 0x1B, 0x80, 0x30, 0x00, 0xE0, 0x23, 0x1B,
		0x00, 0x30, 0xFF, 0xE3, 0xB8, 0xED, 0x04, 0x03, // 0x2FF0
		0xFF, 0xE3, 0xD5, 0xEB, 0x00, 0xE0, 0x47, 0x1A,
		0x63, 0x94, 0x63, 0xE4, 0x04, 0x20, 0x40, 0x3B, // 0x3000
		0x40, 0xE8, 0xD6, 0x02, 0x69, 0x03, 0x44, 0xD8,
		0x20, 0x20, 0x60, 0x93, 0xCA, 0x60, 0x03, 0xEB, // 0x3010
		0x39, 0x00, 0x92, 0x08, 0xCC, 0x03, 0x06, 0xD8,
		0x9C, 0x00, 0xFF, 0xE3, 0xAA, 0xEB, 0x66, 0xD8, // 0x3020
		0x99, 0x00, 0x01, 0x20, 0x0C, 0x64, 0x88, 0x08,
		0x70, 0x03, 0x62, 0x93, 0x67, 0x4B, 0x63, 0xE4, // 0x3030
		0x01, 0x20, 0x80, 0x31, 0x43, 0x94, 0x29, 0x41,
		0x84, 0x68, 0x40, 0x3A, 0x7F, 0x0C, 0x44, 0xD8, // 0x3040
		0x54, 0x00, 0x40, 0x3A, 0x0D, 0x0C, 0x80, 0x31,
		0x63, 0x94, 0x37, 0x41, 0xC4, 0x68, 0x40, 0x3B, // 0x3050
		0x09, 0x08, 0x08, 0x3A, 0x07, 0x08, 0x64, 0xD8,
		0x55, 0x00, 0x02, 0x3B, 0x03, 0x0C, 0xFF, 0xE3, // 0x3060
		0x5D, 0xEC, 0x00, 0xE0, 0xC7, 0x16, 0x00, 0xE0,
		0x6B, 0x23, 0x05, 0xD8, 0x43, 0x20, 0x40, 0x38, // 0x3070
		0x06, 0x0C, 0x00, 0x33, 0x65, 0xDC, 0x43, 0x20,
		0xFF, 0xE3, 0x35, 0xF7, 0xC5, 0xD8, 0x40, 0x20, // 0x3080
		0x40, 0x3E, 0x40, 0xE8, 0xF8, 0x03, 0x00, 0x33,
		0x5B, 0x6C, 0x18, 0x13, 0x65, 0xDC, 0x40, 0x20, // 0x3090
		0xFF, 0xE3, 0x85, 0xEB, 0x66, 0xE4, 0x02, 0x20,
		0x40, 0x3B, 0x40, 0xE8, 0xF9, 0x02, 0x00, 0xE0, // 0x30A0
		0xAF, 0x26, 0x00, 0x33, 0x6C, 0x07, 0x00, 0x04,
		0x40, 0x3B, 0xA5, 0x0F, 0x00, 0xE0, 0x2F, 0x1B, // 0x30B0
		0x80, 0x30, 0x00, 0xE0, 0xC4, 0x1A, 0x01, 0x30,
		0xFF, 0xE3, 0x51, 0xED, 0x0C, 0x13, 0x99, 0x07, // 0x30C0
		0xC3, 0x94, 0x80, 0x69, 0x80, 0x30, 0x40, 0x3E,
		0x01, 0x40, 0x1D, 0x0C, 0xFF, 0xE3, 0x97, 0xED, // 0x30D0
		0x40, 0x38, 0x17, 0x08, 0x60, 0x13, 0x61, 0x93,
		0x00, 0x23, 0x5F, 0x12, 0x04, 0x3B, 0x61, 0xB2, // 0x30E0
		0x8A, 0x0F, 0x80, 0x30, 0xCB, 0x6C, 0x08, 0x40,
		0x00, 0x32, 0x41, 0xB3, 0x00, 0xE0, 0x09, 0x1B, // 0x30F0
		0x80, 0x30, 0x00, 0xE0, 0x9C, 0x1A, 0x00, 0x30,
		0xFF, 0xE3, 0x31, 0xED, 0x1D, 0x12, 0x79, 0x07, // 0x3100
		0x00, 0x33, 0xEC, 0x07, 0xFF, 0xE3, 0x7B, 0xED,
		0x40, 0x38, 0x04, 0x0C, 0x72, 0x12, 0xC1, 0x93, // 0x3110
		0x00, 0x26, 0x71, 0x12, 0x04, 0x3E, 0xC1, 0xB3,
		0x6E, 0x0F, 0x80, 0x30, 0x00, 0x32, 0x08, 0x40, // 0x3120
		0x41, 0xB3, 0x00, 0xE0, 0xF4, 0x1A, 0x80, 0x30,
		0x00, 0xE0, 0x89, 0x1A, 0x01, 0x30, 0xFF, 0xE3, // 0x3130
		0x16, 0xED, 0x11, 0x12, 0x5E, 0x07, 0x01, 0x33,
		0x7D, 0x07, 0x40, 0x3B, 0x97, 0x0F, 0xC9, 0x12, // 0x3140
		0x66, 0xD8, 0x99, 0x00, 0x01, 0x3B, 0x2B, 0x0C,
		0x06, 0xE4, 0x9B, 0x00, 0x00, 0xE0, 0x14, 0x0B, // 0x3150
		0x63, 0x94, 0x63, 0xE4, 0x00, 0x28, 0x40, 0x3B,
		0xAA, 0x0C, 0x20, 0x31, 0x07, 0x12, 0x00, 0xE0, // 0x3160
		0x2B, 0x15, 0x46, 0xD8, 0x99, 0x00, 0x01, 0x3A,
		0x26, 0x0C, 0x25, 0x12, 0x03, 0x12, 0xFF, 0xE3, // 0x3170
		0x6D, 0xEE, 0x44, 0x12, 0x60, 0x92, 0x40, 0x3B,
		0x26, 0x08, 0x63, 0x12, 0x60, 0x93, 0x63, 0xE4, // 0x3180
		0x00, 0x22, 0x40, 0x3B, 0x1D, 0x08, 0x61, 0x12,
		0x40, 0x93, 0x40, 0x3A, 0x19, 0x0C, 0x00, 0x32, // 0x3190
		0x80, 0x30, 0x40, 0xB3, 0x13, 0x40, 0xFF, 0xE3,
		0xB8, 0xF6, 0x66, 0x07, 0x72, 0x11, 0x61, 0x93, // 0x31A0
		0x63, 0xE4, 0x20, 0x20, 0x40, 0x3B, 0x5E, 0x0B,
		0x26, 0xD8, 0x9A, 0x00, 0x18, 0x11, 0xFF, 0xE3, // 0x31B0
		0xF6, 0xEA, 0xCF, 0x07, 0x66, 0xD8, 0x9A, 0x00,
		0x65, 0xDC, 0x40, 0x01, 0xDB, 0x07, 0x80, 0x30, // 0x31C0
		0x02, 0x40, 0xEA, 0x07, 0xF3, 0x11, 0x34, 0x11,
		0x60, 0x87, 0xD4, 0x11, 0x65, 0x43, 0xD8, 0x60, // 0x31D0
		0x00, 0x93, 0x20, 0x91, 0x40, 0x68, 0x40, 0x39,
		0x2D, 0x0C, 0x03, 0x93, 0xC1, 0x7B, 0x40, 0x38, // 0x31E0
		0x11, 0x0C, 0x41, 0x38, 0x41, 0x0B, 0x60, 0x87,
		0x65, 0x43, 0xD8, 0x60, 0x06, 0x93, 0xFF, 0xE3, // 0x31F0
		0x8C, 0xF6, 0xFF, 0xE3, 0xAA, 0xF4, 0x60, 0x87,
		0x65, 0x43, 0x8C, 0x61, 0x41, 0x96, 0x68, 0x11, // 0x3200
		0x14, 0x04, 0x60, 0x87, 0x65, 0x43, 0xD8, 0x60,
		0x20, 0x93, 0x45, 0xD8, 0x75, 0x20, 0x05, 0x93, // 0x3210
		0x84, 0x6C, 0x45, 0xDC, 0x75, 0x20, 0xFF, 0xE3,
		0x78, 0xF6, 0xFF, 0xE3, 0x96, 0xF4, 0x60, 0x87, // 0x3220
		0x65, 0x43, 0x8C, 0x61, 0x41, 0x96, 0x7F, 0x10,
		0x3F, 0x10, 0x00, 0x11, 0xFF, 0xE3, 0xB7, 0xEA, // 0x3230
		0x1B, 0x07, 0x00, 0x33, 0x60, 0xB2, 0x18, 0x07,
		0x00, 0x30, 0x01, 0x40, 0x08, 0x02, 0x00, 0x20, // 0x3240
		0xDB, 0xAE, 0xFF, 0xFF, 0xBF, 0xEF, 0xFF, 0xF7,
		0x9A, 0x70, 0x00, 0x00, 0x00, 0x00, 0x00, 0x20, // 0x3250
		0xA5, 0x70, 0x00, 0x00, 0x44, 0x0C, 0x00, 0x20,
		0xBD, 0x70, 0x00, 0x00, 0xF0, 0x04, 0x00, 0x20, // 0x3260
		0x24, 0x0B, 0x00, 0x20, 0x00, 0xB0, 0x01, 0x40,
		0x68, 0x71, 0x00, 0x00, 0xCE, 0x70, 0x00, 0x00, // 0x3270
		0xDE, 0x70, 0x00, 0x00, 0xEE, 0x70, 0x00, 0x00,
		0x40, 0x01, 0x00, 0x20, 0xC0, 0x0B, 0x00, 0x20, // 0x3280
		0xC8, 0x05, 0x00, 0x20, 0xD0, 0x05, 0x00, 0x20,
		0xC4, 0x05, 0x00, 0x20, 0xFD, 0x70, 0x00, 0x00, // 0x3290
		0xCC, 0x05, 0x00, 0x20, 0xF4, 0x0A, 0x00, 0x20,
		0x5C, 0x6A, 0x00, 0x00, 0x0C, 0x71, 0x00, 0x00, // 0x32A0
		0xB5, 0x73, 0x00, 0x00, 0x3C, 0x6B, 0x00, 0x00,
		0x0D, 0x75, 0x00, 0x00, 0x66, 0xD8, 0x99, 0x00, // 0x32B0
		0x40, 0x3B, 0x64, 0xD8, 0x54, 0x00, 0x3F, 0x09,
		0x4C, 0x3B, 0x04, 0x08, 0x0D, 0x33, 0x64, 0xDC, // 0x32C0
		0x54, 0x00, 0x66, 0xD8, 0x9A, 0x00, 0x43, 0xEB,
		0xFF, 0x00, 0xA1, 0x08, 0x04, 0xD8, 0x54, 0x00, // 0x32D0
		0x6F, 0x58, 0xCC, 0x74, 0x03, 0x3B, 0x06, 0x08,
		0x64, 0xD8, 0x58, 0x00, 0x00, 0x23, 0x64, 0xDC, // 0x32E0
		0x58, 0x00, 0x0E, 0x38, 0x16, 0x08, 0x00, 0xE0,
		0xC1, 0x25, 0x08, 0x13, 0x13, 0x13, 0x13, 0x13, // 0x32F0
		0x13, 0x13, 0x1D, 0x13, 0x5C, 0x72, 0x13, 0x13,
		0x84, 0x00, 0x80, 0x30, 0x6A, 0x01, 0x10, 0x40, // 0x3300
		0x71, 0xB4, 0x00, 0xE0, 0x04, 0x1A, 0x00, 0x33,
		0x64, 0xDC, 0x57, 0x00, 0x64, 0xDC, 0x55, 0x00, // 0x3310
		0x64, 0xD8, 0x54, 0x00, 0x08, 0x3B, 0xA8, 0x0A,
		0x47, 0x5B, 0x88, 0x74, 0x01, 0x3A, 0x8D, 0x0C, // 0x3320
		0x00, 0x23, 0x1E, 0x05, 0x65, 0xD8, 0x6B, 0x20,
		0x80, 0x36, 0x65, 0xDC, 0x6C, 0x20, 0xD7, 0x46, // 0x3330
		0x63, 0x94, 0xD8, 0x68, 0x40, 0x3B, 0x2E, 0x08,
		0x65, 0xD8, 0x45, 0x20, 0x63, 0xE4, 0x08, 0x20, // 0x3340
		0x40, 0x3B, 0x28, 0x08, 0x10, 0x30, 0x00, 0xE0,
		0x7A, 0x19, 0x80, 0x30, 0x01, 0x33, 0x11, 0x40, // 0x3350
		0x64, 0xDC, 0x56, 0x00, 0x00, 0xE0, 0xDB, 0x19,
		0x1B, 0x6C, 0x00, 0xE0, 0xD8, 0x19, 0x80, 0x30, // 0x3360
		0x06, 0x40, 0x96, 0x33, 0x61, 0x43, 0x65, 0xDC,
		0x2D, 0x10, 0xFF, 0xE3, 0xCE, 0xF5, 0x03, 0xEA, // 0x3370
		0xF8, 0x2A, 0x06, 0x02, 0x64, 0xDC, 0x26, 0x10,
		0x7A, 0xAD, 0xFF, 0xE3, 0x10, 0xEA, 0x0A, 0x33, // 0x3380
		0x64, 0xDC, 0x54, 0x00, 0x6A, 0x02, 0x00, 0x31,
		0x0A, 0x02, 0x71, 0xB4, 0xFF, 0xE3, 0x07, 0xEA, // 0x3390
		0xC0, 0x07, 0x80, 0x30, 0x0D, 0x33, 0x10, 0x40,
		0x64, 0xDC, 0x54, 0x00, 0xFF, 0xE3, 0xB5, 0xF5, // 0x33A0
		0xF2, 0x07, 0x0B, 0x33, 0x10, 0x02, 0x64, 0xDC,
		0x54, 0x00, 0x02, 0x33, 0x64, 0xDC, 0x56, 0x00, // 0x33B0
		0x96, 0x33, 0x63, 0x43, 0x65, 0xDC, 0x2D, 0x10,
		0xFF, 0xE3, 0xF1, 0xE9, 0x00, 0x31, 0x15, 0x02, // 0x33C0
		0xFF, 0xE3, 0x7B, 0xE8, 0x80, 0x30, 0x0D, 0x40,
		0x00, 0xE0, 0xA1, 0x19, 0xA2, 0x07, 0x80, 0x30, // 0x33D0
		0x0C, 0x33, 0x0D, 0x40, 0x64, 0xDC, 0x54, 0x00,
		0x00, 0xE0, 0x93, 0x19, 0x96, 0x33, 0x63, 0x43, // 0x33E0
		0x65, 0xDC, 0x2D, 0x10, 0x00, 0x33, 0x1E, 0x02,
		0x64, 0xDC, 0x56, 0x00, 0xFF, 0xE3, 0xD7, 0xE9, // 0x33F0
		0x90, 0x07, 0x04, 0x33, 0x64, 0xDC, 0x54, 0x00,
		0x00, 0x33, 0x64, 0xDC, 0x57, 0x00, 0x64, 0xDC, // 0x3400
		0x55, 0x00, 0x64, 0xDC, 0x58, 0x00, 0x6C, 0x03,
		0x71, 0xB4, 0x83, 0x07, 0x43, 0xEB, 0x33, 0x00, // 0x3410
		0x18, 0x08, 0x80, 0x31, 0x43, 0x94, 0x37, 0x41,
		0x84, 0x68, 0x40, 0x3A, 0x12, 0x0C, 0x51, 0x94, // 0x3420
		0x73, 0x03, 0xCA, 0x64, 0x06, 0x08, 0x0D, 0x33,
		0x64, 0xDC, 0x54, 0x00, 0x74, 0x03, 0x71, 0xB4, // 0x3430
		0x64, 0xD8, 0x54, 0x00, 0x08, 0x3B, 0x18, 0x0A,
		0x00, 0x33, 0x64, 0xDC, 0x55, 0x00, 0x14, 0x06, // 0x3440
		0x04, 0xD8, 0x54, 0x00, 0x0E, 0x38, 0x65, 0x0B,
		0x00, 0xE0, 0xE8, 0x24, 0x15, 0x00, 0x15, 0x00, // 0x3450
		0x62, 0xFF, 0x62, 0xFF, 0x36, 0x00, 0x41, 0x00,
		0x59, 0x00, 0x4E, 0x00, 0x0F, 0x00, 0x62, 0xFF, // 0x3460
		0x62, 0xFF, 0x62, 0xFF, 0x62, 0xFF, 0x62, 0xFF,
		0x72, 0x00, 0x43, 0xEB, 0x33, 0x00, 0x04, 0x0C, // 0x3470
		0x43, 0xEB, 0x55, 0x00, 0x04, 0x08, 0xFF, 0xE3,
		0x51, 0xEA, 0x4B, 0x07, 0x80, 0x32, 0x63, 0x94, // 0x3480
		0x57, 0x42, 0xC8, 0x68, 0x40, 0x3B, 0x0A, 0x0C,
		0x80, 0x30, 0x11, 0x40, 0xFF, 0xE3, 0x3D, 0xF5, // 0x3490
		0x72, 0x13, 0x71, 0xB4, 0x08, 0x33, 0x64, 0xB4,
		0x3C, 0x07, 0x64, 0xD8, 0x57, 0x00, 0x00, 0x23, // 0x34A0
		0xCC, 0x74, 0x64, 0xDC, 0x57, 0x00, 0x02, 0x3B,
		0xE7, 0x0B, 0x00, 0x33, 0x64, 0xDC, 0x58, 0x00, // 0x34B0
		0x03, 0x33, 0x64, 0xDC, 0x54, 0x00, 0x2D, 0x07,
		0x43, 0xEB, 0x33, 0x00, 0xDD, 0x0F, 0x43, 0xEB, // 0x34C0
		0x55, 0x00, 0xDA, 0x0F, 0x65, 0xD8, 0xB0, 0x01,
		0x65, 0xDC, 0xAC, 0x01, 0x22, 0x07, 0x40, 0x3B, // 0x34D0
		0xD3, 0x0F, 0x43, 0xEB, 0x33, 0x00, 0xD0, 0x0F,
		0x43, 0xEB, 0x55, 0x00, 0xCD, 0x0F, 0x65, 0xD8, // 0x34E0
		0xB3, 0x01, 0x65, 0xDC, 0xAF, 0x01, 0x15, 0x07,
		0x43, 0xEB, 0x33, 0x00, 0xC5, 0x0F, 0x43, 0xEB, // 0x34F0
		0x55, 0x00, 0xC2, 0x0F, 0x65, 0xD8, 0xB2, 0x01,
		0x65, 0xDC, 0xAE, 0x01, 0x0A, 0x07, 0x43, 0xEB, // 0x3500
		0x33, 0x00, 0xBA, 0x0F, 0x43, 0xEB, 0x55, 0x00,
		0xB7, 0x0F, 0x65, 0xD8, 0xC8, 0x01, 0x63, 0xE4, // 0x3510
		0x3F, 0x20, 0x8C, 0x74, 0x25, 0xD8, 0xAD, 0x01,
		0x49, 0x64, 0x06, 0x0C, 0x65, 0xDC, 0xAD, 0x01, // 0x3520
		0x08, 0x33, 0x64, 0xB4, 0x86, 0x07, 0x65, 0xD8,
		0xB1, 0x01, 0x65, 0xDC, 0xAD, 0x01, 0xF1, 0x06, // 0x3530
		0x0D, 0x33, 0xC0, 0x07, 0xCC, 0x74, 0x42, 0x3B,
		0x16, 0x08, 0x66, 0xD8, 0x9C, 0x00, 0x43, 0xEB, // 0x3540
		0x30, 0x00, 0x7B, 0x0B, 0x66, 0xD8, 0x9D, 0x00,
		0x46, 0xD8, 0x9F, 0x00, 0x65, 0xDC, 0xC6, 0x01, // 0x3550
		0x66, 0xD8, 0x9E, 0x00, 0x68, 0x43, 0xC8, 0x6C,
		0x65, 0xDC, 0xE2, 0x10, 0x03, 0x33, 0x64, 0xDC, // 0x3560
		0x54, 0x00, 0xDF, 0x07, 0x43, 0x3B, 0x65, 0x0B,
		0x66, 0xD8, 0x9C, 0x00, 0x43, 0xEB, 0x31, 0x00, // 0x3570
		0x64, 0x0B, 0x03, 0x32, 0x3E, 0x11, 0x1F, 0x11,
		0xFF, 0xE3, 0x68, 0xEC, 0x45, 0xD8, 0xC9, 0x01, // 0x3580
		0x65, 0xD8, 0xC8, 0x01, 0x42, 0xE4, 0x3F, 0x20,
		0x63, 0xE4, 0x3F, 0x20, 0x0C, 0x74, 0x48, 0x74, // 0x3590
		0x40, 0x64, 0x02, 0x08, 0xCB, 0x6C, 0x4C, 0x74,
		0x1E, 0x39, 0x02, 0x0C, 0x1E, 0x33, 0x65, 0xDC, // 0x35A0
		0xAD, 0x01, 0x45, 0xDC, 0xAE, 0x01, 0x64, 0xD8,
		0x54, 0x00, 0xBB, 0x06, 0x63, 0x94, 0x63, 0xE4, // 0x35B0
		0x02, 0x20, 0x40, 0x3B, 0x40, 0xE8, 0x5B, 0xFD,
		0xCF, 0x11, 0x03, 0x30, 0x60, 0x96, 0x7F, 0xB4, // 0x35C0
		0x00, 0xE0, 0x9F, 0x18, 0x80, 0x32, 0x63, 0x94,
		0x46, 0x42, 0xC8, 0x68, 0x40, 0x3B, 0x05, 0x08, // 0x35D0
		0x04, 0xD8, 0x5D, 0x00, 0xFF, 0xE3, 0xA0, 0xEA,
		0x63, 0x94, 0x48, 0x11, 0xC8, 0x68, 0x40, 0x3B, // 0x35E0
		0x31, 0x0C, 0x64, 0xD8, 0x54, 0x00, 0x09, 0x3B,
		0x09, 0x08, 0x0F, 0x30, 0xFF, 0xE3, 0xB6, 0xEB, // 0x35F0
		0x43, 0x11, 0x60, 0x92, 0x63, 0xEC, 0x04, 0x00,
		0x60, 0xB2, 0x04, 0x30, 0xE1, 0x11, 0x00, 0xE0, // 0x3600
		0x86, 0x18, 0xBC, 0x31, 0x00, 0x11, 0x00, 0xE0,
		0xD7, 0x12, 0x28, 0x33, 0x03, 0x31, 0x63, 0xB7, // 0x3610
		0xFF, 0x33, 0x0D, 0x30, 0x6B, 0xB7, 0x00, 0xE0,
		0x77, 0x20, 0x80, 0x33, 0x5B, 0x10, 0x66, 0x43, // 0x3620
		0x60, 0xB2, 0xFD, 0x33, 0x61, 0xB7, 0x03, 0xEA,
		0x32, 0x3C, 0x64, 0xB7, 0x60, 0x97, 0x63, 0xEC, // 0x3630
		0x21, 0x01, 0x60, 0xB7, 0x60, 0x96, 0x64, 0xDC,
		0x20, 0x20, 0x80, 0x33, 0x6B, 0xB7, 0x00, 0xE8, // 0x3640
		0x16, 0xFD, 0x11, 0x94, 0x24, 0x94, 0xFF, 0xE3,
		0x38, 0xE7, 0x00, 0xE8, 0x10, 0xFD, 0x00, 0x00, // 0x3650
		0x98, 0x09, 0x00, 0x00, 0x13, 0x71, 0x00, 0x00,
		0x0E, 0x10, 0x00, 0x00, 0x28, 0x71, 0x00, 0x00, // 0x3660
		0x36, 0x71, 0x00, 0x00, 0x10, 0x66, 0x00, 0x00,
		0x50, 0x71, 0x00, 0x00, 0xC1, 0x0B, 0x00, 0x20, // 0x3670
		0xC8, 0x01, 0x00, 0x20, 0xF0, 0x04, 0x00, 0x20,
		0x00, 0x08, 0x00, 0x02, 0x00, 0xC0, 0x01, 0x40, // 0x3680
		0x00, 0xB0, 0x01, 0x40, 0x24, 0x0B, 0x00, 0x20,
		0x00, 0xE1, 0x00, 0xE0, 0x66, 0xE4, 0x04, 0x20, // 0x3690
		0x40, 0x3B, 0x0C, 0x0C, 0x80, 0x30, 0x06, 0x40,
		0x00, 0xE0, 0xD1, 0x17, 0x80, 0x30, 0x03, 0x40, // 0x36A0
		0x00, 0xE0, 0x35, 0x18, 0x11, 0x94, 0x00, 0xE0,
		0xCD, 0x12, 0x66, 0xE4, 0x10, 0x20, 0x40, 0x3B, // 0x36B0
		0x0A, 0x0C, 0x74, 0x8D, 0x16, 0x8D, 0x64, 0xDC,
		0x27, 0x10, 0xFF, 0xE3, 0x15, 0xEA, 0x17, 0x8D, // 0x36C0
		0xFF, 0xE3, 0xF7, 0xE9, 0x66, 0xE4, 0x20, 0x20,
		0x40, 0x3B, 0x12, 0x0C, 0x73, 0x8D, 0xF2, 0x8D, // 0x36D0
		0x64, 0xDC, 0x28, 0x10, 0x64, 0x31, 0x1F, 0x6C,
		0x00, 0xE0, 0x20, 0x23, 0x3F, 0x33, 0x00, 0xEB, // 0x36E0
		0x3F, 0x00, 0x03, 0xC4, 0x40, 0x0C, 0x60, 0x01,
		0x02, 0xB3, 0xE4, 0xDC, 0x24, 0x10, 0x66, 0xE4, // 0x36F0
		0x40, 0x20, 0x40, 0x3B, 0x0F, 0x0C, 0xF2, 0x8D,
		0x64, 0x31, 0x1F, 0x6C, 0x00, 0xE0, 0x0E, 0x23, // 0x3700
		0x3F, 0x33, 0x00, 0xEB, 0x3F, 0x00, 0x03, 0xC4,
		0x40, 0x0C, 0x69, 0x01, 0x02, 0xB3, 0xE4, 0xDC, // 0x3710
		0x24, 0x10, 0x66, 0xE4, 0x80, 0x20, 0x40, 0x3B,
		0x05, 0x0C, 0x65, 0xD8, 0x84, 0x00, 0x64, 0xDC, // 0x3720
		0x5E, 0x00, 0x66, 0xE4, 0x00, 0x24, 0x40, 0x3B,
		0x05, 0x0C, 0x80, 0x30, 0x03, 0x40, 0x00, 0xE0, // 0x3730
		0x7E, 0x17, 0x66, 0xE4, 0x00, 0x28, 0x40, 0x3B,
		0x08, 0x0C, 0x80, 0x30, 0x03, 0x40, 0x00, 0xE0, // 0x3740
		0x7E, 0x17, 0x65, 0xD8, 0x47, 0x20, 0x68, 0xB4,
		0x80, 0x33, 0x65, 0x43, 0xD8, 0x68, 0x40, 0x3B, // 0x3750
		0x0F, 0x0C, 0x65, 0xD8, 0x90, 0x01, 0x01, 0x30,
		0x64, 0xDC, 0x5B, 0x00, 0x00, 0xE0, 0x5A, 0x17, // 0x3760
		0x80, 0x30, 0x01, 0x40, 0x00, 0xE0, 0xD3, 0x17,
		0x11, 0x94, 0x00, 0xE0, 0x6B, 0x12, 0x80, 0x33, // 0x3770
		0x66, 0x43, 0xD8, 0x68, 0x40, 0x3B, 0x08, 0x0C,
		0x80, 0x30, 0x02, 0x40, 0x00, 0xE0, 0xC7, 0x17, // 0x3780
		0x11, 0x94, 0x00, 0xE0, 0x5F, 0x12, 0x80, 0x37,
		0xE7, 0x47, 0xE6, 0xC4, 0x23, 0x20, 0x40, 0x3B, // 0x3790
		0x20, 0x0C, 0x5A, 0x8D, 0x24, 0xD8, 0x25, 0x10,
		0x0C, 0x02, 0xFF, 0xE3, 0x00, 0xE8, 0x43, 0x94, // 0x37A0
		0x42, 0xE4, 0x08, 0x20, 0x7A, 0x8D, 0x40, 0x3A,
		0x64, 0xDC, 0x26, 0x10, 0x05, 0x0C, 0x50, 0x02, // 0x37B0
		0x41, 0x8A, 0xC8, 0x64, 0x56, 0x08, 0x80, 0x30,
		0x07, 0x40, 0xCF, 0x6D, 0x00, 0xE0, 0xA1, 0x17, // 0x37C0
		0x1F, 0x6C, 0xFF, 0xE3, 0xE4, 0xE9, 0xE4, 0xDC,
		0x25, 0x10, 0x11, 0x94, 0x00, 0xE0, 0x3A, 0x12, // 0x37D0
		0x80, 0x33, 0x68, 0x43, 0xD8, 0x68, 0x40, 0x3B,
		0x0A, 0x0C, 0x63, 0x94, 0x63, 0xE4, 0x10, 0x20, // 0x37E0
		0x40, 0x3B, 0x03, 0x0C, 0x00, 0xE0, 0x19, 0x16,
		0x32, 0x33, 0x64, 0xB4, 0x80, 0x33, 0x69, 0x43, // 0x37F0
		0xD8, 0x68, 0x40, 0x3B, 0x22, 0x0C, 0x63, 0x94,
		0x63, 0xE4, 0x08, 0x20, 0x40, 0x3B, 0x1B, 0x0C, // 0x3800
		0x67, 0x03, 0x24, 0x03, 0x40, 0x93, 0x84, 0x68,
		0x40, 0xB3, 0x25, 0x03, 0x43, 0x93, 0x84, 0x68, // 0x3810
		0x43, 0xB3, 0x08, 0x30, 0x00, 0xE0, 0x75, 0x17,
		0x10, 0x30, 0x00, 0xE0, 0x78, 0x17, 0x80, 0x30, // 0x3820
		0x0D, 0x40, 0xFF, 0xE3, 0x72, 0xF3, 0x08, 0x30,
		0x00, 0x31, 0xFF, 0xE3, 0xFD, 0xE9, 0x0D, 0x03, // 0x3830
		0xFF, 0xE3, 0xB5, 0xE7, 0x32, 0x33, 0x64, 0xB4,
		0x80, 0x33, 0x6A, 0x43, 0xD8, 0x68, 0x40, 0x3B, // 0x3840
		0x04, 0x0C, 0x40, 0x30, 0x00, 0xE0, 0xF3, 0x16,
		0x80, 0x33, 0x6B, 0x43, 0xD8, 0x68, 0x40, 0x3B, // 0x3850
		0x04, 0x0C, 0x40, 0x30, 0x00, 0xE0, 0xF3, 0x16,
		0xDF, 0x3E, 0x0C, 0x0C, 0x00, 0xE0, 0x03, 0x16, // 0x3860
		0x1F, 0x6C, 0x00, 0xE0, 0x54, 0x17, 0xFA, 0x31,
		0x21, 0x41, 0x1B, 0x03, 0xFF, 0xE3, 0x25, 0xE6, // 0x3870
		0xAD, 0x07, 0xC5, 0xD8, 0x74, 0x20, 0x40, 0x3E,
		0x70, 0x0C, 0x00, 0x33, 0x5B, 0x6C, 0x1F, 0x03, // 0x3880
		0x65, 0xDC, 0x74, 0x20, 0xFF, 0xE3, 0x8B, 0xE7,
		0x66, 0xE4, 0x01, 0x20, 0x40, 0x3B, 0x05, 0x0C, // 0x3890
		0x80, 0x30, 0x0E, 0x40, 0x00, 0xE0, 0x3B, 0x17,
		0x80, 0x33, 0x77, 0x43, 0xD8, 0x68, 0x40, 0x3B, // 0x38A0
		0x16, 0x0C, 0x80, 0x30, 0x02, 0x40, 0x00, 0xE0,
		0x32, 0x17, 0x65, 0xD8, 0x6C, 0x20, 0x11, 0x94, // 0x38B0
		0x65, 0xDC, 0x6B, 0x20, 0x65, 0xD8, 0xE4, 0x01,
		0x65, 0xDC, 0xAE, 0x01, 0x00, 0xE0, 0xC2, 0x11, // 0x38C0
		0x45, 0xD8, 0xE4, 0x01, 0x2F, 0x13, 0x10, 0x13,
		0xFF, 0xE3, 0x69, 0xE7, 0x80, 0x33, 0x6B, 0x43, // 0x38D0
		0xD8, 0x68, 0x40, 0x3B, 0x0D, 0x0C, 0x6D, 0x13,
		0x01, 0x32, 0x2A, 0x13, 0x0C, 0x13, 0x40, 0xB3, // 0x38E0
		0x4C, 0x13, 0x60, 0x92, 0x63, 0xEC, 0x10, 0x00,
		0x60, 0xB2, 0xFF, 0xE3, 0x58, 0xE7, 0x80, 0x33, // 0x38F0
		0x6C, 0x43, 0xD8, 0x68, 0x40, 0x3B, 0x0D, 0x0C,
		0x64, 0x13, 0x00, 0x32, 0x21, 0x13, 0x06, 0x13, // 0x3900
		0x40, 0xB3, 0x44, 0x13, 0x60, 0x92, 0x63, 0xEC,
		0x10, 0x00, 0x60, 0xB2, 0xFF, 0xE3, 0x47, 0xE7, // 0x3910
		0x80, 0x33, 0x75, 0x43, 0x8C, 0x69, 0x40, 0x3E,
		0x20, 0x0C, 0x05, 0xD8, 0x20, 0x01, 0x00, 0x37, // 0x3920
		0xFF, 0xE3, 0x27, 0xE7, 0x3D, 0x12, 0x42, 0x58,
		0x1D, 0x12, 0xDD, 0x12, 0xFF, 0xE3, 0x8E, 0xEA, // 0x3930
		0x58, 0x12, 0x34, 0x12, 0x1B, 0x12, 0x60, 0x92,
		0x63, 0xEC, 0x00, 0x01, 0x60, 0xB2, 0xFF, 0xE3, // 0x3940
		0x2E, 0xE7, 0x79, 0x12, 0x68, 0xB8, 0x00, 0x86,
		0xFF, 0xE3, 0x13, 0xE7, 0x00, 0x20, 0x1C, 0x64, // 0x3950
		0xCB, 0x0C, 0x16, 0x12, 0xFF, 0xE3, 0x23, 0xE7,
		0x80, 0x32, 0x63, 0x94, 0x46, 0x42, 0xC8, 0x68, // 0x3960
		0x40, 0x3B, 0x0C, 0x08, 0x72, 0x12, 0x00, 0x32,
		0x40, 0xB3, 0x52, 0x12, 0x60, 0x92, 0x88, 0x3B, // 0x3970
		0x60, 0xB2, 0x51, 0x12, 0x60, 0x92, 0x87, 0x3B,
		0x60, 0xB2, 0xF0, 0x12, 0x47, 0x98, 0x60, 0x97, // 0x3980
		0x42, 0x92, 0xCA, 0x60, 0x03, 0xEB, 0xE8, 0x03,
		0x50, 0x0C, 0x60, 0x97, 0x47, 0x98, 0x62, 0xB2, // 0x3990
		0xFF, 0xE3, 0x65, 0xE9, 0x65, 0xD8, 0x45, 0x20,
		0x63, 0xE4, 0x10, 0x20, 0x48, 0x12, 0x40, 0x3B, // 0x39A0
		0x68, 0x12, 0x62, 0xC4, 0x40, 0x0C, 0x6D, 0xB8,
		0x7D, 0x94, 0x0A, 0x31, 0x68, 0xB8, 0x83, 0x6D, // 0x39B0
		0x6E, 0x11, 0x41, 0x8B, 0x49, 0xB8, 0x42, 0x8B,
		0x4A, 0xB8, 0x40, 0x8B, 0x63, 0xD8, 0x03, 0x50, // 0x39C0
		0x0F, 0x6C, 0x4B, 0xB8, 0x6E, 0xB8, 0x00, 0xE0,
		0xBB, 0x20, 0xC3, 0x74, 0x0A, 0x31, 0x6C, 0xB8, // 0x39D0
		0x6E, 0x98, 0x0F, 0x6C, 0x00, 0xE0, 0x7A, 0x21,
		0xC3, 0x74, 0xDF, 0x3B, 0x03, 0x0C, 0x00, 0x32, // 0x39E0
		0x6D, 0x5A, 0x45, 0xD8, 0x8D, 0x01, 0x64, 0x31,
		0x1B, 0x6C, 0x40, 0x3A, 0xB6, 0x11, 0x57, 0x11, // 0x39F0
		0xA2, 0xC4, 0x40, 0x0C, 0x6E, 0xB8, 0x00, 0xE0,
		0xEB, 0x21, 0x01, 0x74, 0x06, 0xB8, 0x64, 0x31, // 0x3A00
		0x1B, 0x6C, 0x00, 0xE0, 0x8B, 0x21, 0x6E, 0x98,
		0x01, 0x74, 0x63, 0xB8, 0x6C, 0x98, 0x05, 0xB8, // 0x3A10
		0x62, 0xB8, 0x6B, 0x98, 0xA4, 0xB8, 0x61, 0xB8,
		0x6A, 0x98, 0x48, 0x98, 0x60, 0xB8, 0x2D, 0x98, // 0x3A20
		0x69, 0x98, 0x0B, 0x11, 0xFF, 0xE3, 0xBB, 0xE6,
		0x44, 0xD8, 0x54, 0x00, 0x60, 0x97, 0x09, 0x3A, // 0x3A30
		0x69, 0x0C, 0x24, 0xD8, 0x22, 0x20, 0xC6, 0x60,
		0x04, 0x3B, 0x54, 0x0C, 0x60, 0x97, 0x4B, 0x3A, // 0x3A40
		0x64, 0xDC, 0x22, 0x20, 0x69, 0x10, 0x58, 0x08,
		0x42, 0x11, 0x00, 0x8A, 0x21, 0x8B, 0x67, 0x98, // 0x3A50
		0x6C, 0x83, 0x00, 0x23, 0xCC, 0x74, 0x05, 0x3B,
		0x51, 0x08, 0x47, 0x98, 0x6C, 0xA2, 0x3B, 0x04, // 0x3A60
		0x00, 0x30, 0x01, 0x40, 0x79, 0x71, 0x00, 0x00,
		0xD0, 0x04, 0x00, 0x20, 0xDB, 0xAE, 0xFF, 0xFF, // 0x3A70
		0xBF, 0xEF, 0xFF, 0xF7, 0x9A, 0x70, 0x00, 0x00,
		0xCA, 0x0B, 0x00, 0x00, 0x94, 0x71, 0x00, 0x00, // 0x3A80
		0x3C, 0x6B, 0x00, 0x00, 0xA3, 0x71, 0x00, 0x00,
		0x20, 0x0B, 0x00, 0x20, 0xB9, 0x71, 0x00, 0x00, // 0x3A90
		0xF4, 0x0A, 0x00, 0x20, 0xD4, 0x71, 0x00, 0x00,
		0x20, 0x01, 0x00, 0x20, 0xFC, 0x0A, 0x00, 0x20, // 0x3AA0
		0xEA, 0x71, 0x00, 0x00, 0x07, 0x72, 0x00, 0x00,
		0x1A, 0x7C, 0x00, 0x00, 0xC0, 0x05, 0x00, 0x20, // 0x3AB0
		0x00, 0x50, 0x01, 0x40, 0x00, 0xC0, 0x01, 0x40,
		0xF0, 0x04, 0x00, 0x20, 0x88, 0x70, 0x00, 0x00, // 0x3AC0
		0x8C, 0x70, 0x00, 0x00, 0x90, 0x70, 0x00, 0x00,
		0x95, 0x70, 0x00, 0x00, 0x0B, 0x72, 0x00, 0x00, // 0x3AD0
		0x30, 0x0C, 0x00, 0x20, 0x67, 0x98, 0x4C, 0x83,
		0x41, 0x42, 0x6C, 0x10, 0x88, 0x5B, 0x00, 0xAC, // 0x3AE0
		0x26, 0xAC, 0x0F, 0x14, 0x94, 0x14, 0x5C, 0x5E,
		0x20, 0x82, 0x08, 0x98, 0xFF, 0xE3, 0x57, 0xE6, // 0x3AF0
		0x62, 0x5F, 0xCC, 0x75, 0x29, 0x07, 0x00, 0x8B,
		0xAA, 0x07, 0x67, 0x98, 0x00, 0x32, 0x4C, 0xA3, // 0x3B00
		0xEA, 0x07, 0x64, 0xDC, 0x22, 0x20, 0xEE, 0x07,
		0x52, 0x0C, 0x00, 0x20, 0xD4, 0x14, 0x26, 0x14, // 0x3B10
		0x6F, 0x00, 0x42, 0x93, 0x42, 0xE4, 0x01, 0x20,
		0x40, 0x3A, 0x60, 0xE8, 0x2C, 0x02, 0xB1, 0x00, // 0x3B20
		0x00, 0x85, 0x07, 0x38, 0x25, 0x08, 0x00, 0xE0,
		0x87, 0x21, 0x08, 0x00, 0x48, 0x02, 0x26, 0x02, // 0x3B30
		0x82, 0x02, 0x98, 0x02, 0x22, 0x00, 0xCA, 0x02,
		0xEC, 0x02, 0x77, 0x00, 0x63, 0xD8, 0x45, 0x20, // 0x3B40
		0x63, 0xE4, 0x06, 0x20, 0x40, 0x3B, 0x14, 0x0C,
		0x7A, 0x00, 0x61, 0x8B, 0x03, 0xEB, 0xA0, 0x0F, // 0x3B50
		0x0F, 0x0C, 0x5B, 0x00, 0x60, 0x92, 0x63, 0xEC,
		0x40, 0x00, 0x60, 0xB2, 0x02, 0x33, 0x00, 0x32, // 0x3B60
		0x60, 0xA5, 0x7E, 0x00, 0x42, 0xA3, 0x40, 0xA3,
		0x41, 0xA3, 0x00, 0x32, 0x41, 0xB3, 0x64, 0x01, // 0x3B70
		0x63, 0xD8, 0x45, 0x20, 0x43, 0xE4, 0x02, 0x20,
		0x40, 0x3A, 0x0D, 0x0C, 0x24, 0x01, 0x43, 0x91, // 0x3B80
		0x42, 0xE4, 0x05, 0x20, 0x40, 0x3A, 0x07, 0x08,
		0x46, 0x01, 0x3F, 0x91, 0x40, 0x92, 0x86, 0x60, // 0x3B90
		0x02, 0x3A, 0x0F, 0x08, 0x43, 0xE4, 0x04, 0x20,
		0x40, 0x3A, 0x07, 0x0C, 0x4C, 0x01, 0x43, 0x92, // 0x3BA0
		0x42, 0xE4, 0x10, 0x20, 0x40, 0x3A, 0x05, 0x0C,
		0x63, 0xE4, 0x01, 0x20, 0x40, 0x3B, 0x2D, 0x0D, // 0x3BB0
		0x17, 0x01, 0x2F, 0x01, 0xEF, 0x01, 0x86, 0x90,
		0x60, 0x81, 0x43, 0xE4, 0x13, 0x00, 0x41, 0x42, // 0x3BC0
		0x9C, 0x60, 0x80, 0xAA, 0x43, 0xE4, 0x27, 0x00,
		0x00, 0x23, 0xCC, 0x74, 0x07, 0x90, 0x13, 0x3B, // 0x3BD0
		0x41, 0x42, 0x9C, 0x60, 0x00, 0xAA, 0x60, 0xE8,
		0x32, 0x05, 0xD7, 0x01, 0x07, 0xE4, 0x27, 0x00, // 0x3BE0
		0x60, 0xA1, 0x00, 0xE0, 0x17, 0x10, 0x79, 0x8E,
		0x46, 0xD8, 0x18, 0x50, 0xC8, 0x31, 0x0A, 0x60, // 0x3BF0
		0x0C, 0x7C, 0x43, 0xB8, 0x00, 0x35, 0x85, 0x02,
		0x62, 0xB8, 0x00, 0xE0, 0xA1, 0x1F, 0x03, 0xEA, // 0x3C00
		0x88, 0x13, 0x0C, 0x60, 0xDF, 0x38, 0x05, 0xC4,
		0x40, 0x0C, 0x01, 0xAC, 0x07, 0xE4, 0x4F, 0x00, // 0x3C10
		0x00, 0xE0, 0x00, 0x10, 0xE6, 0xD8, 0x1A, 0x50,
		0xDB, 0x8E, 0xC8, 0x31, 0x1E, 0x60, 0x18, 0x7C, // 0x3C20
		0x00, 0xE0, 0x8E, 0x1F, 0x03, 0xEA, 0x88, 0x13,
		0x0C, 0x60, 0xDF, 0x38, 0x05, 0xC4, 0x40, 0x0C, // 0x3C30
		0x02, 0xAC, 0x97, 0x02, 0x62, 0x98, 0x06, 0x94,
		0x43, 0x98, 0xC8, 0x31, 0x01, 0x74, 0x0A, 0x60, // 0x3C40
		0x0C, 0x7C, 0x00, 0xE0, 0x7D, 0x1F, 0x03, 0xEA,
		0x88, 0x13, 0x0C, 0x60, 0xDF, 0x38, 0x05, 0xC4, // 0x3C50
		0x40, 0x0C, 0x81, 0x74, 0x75, 0x02, 0xC8, 0x31,
		0x41, 0xAB, 0x43, 0xB8, 0x07, 0x94, 0x01, 0x74, // 0x3C60
		0x1E, 0x60, 0x18, 0x7C, 0x62, 0xB8, 0x00, 0xE0,
		0x6B, 0x1F, 0x43, 0x98, 0x03, 0xEA, 0x88, 0x13, // 0x3C70
		0x0C, 0x60, 0xDF, 0x38, 0x05, 0xC4, 0x40, 0x0C,
		0x62, 0x98, 0x02, 0xEB, 0xA8, 0x61, 0x02, 0xAB, // 0x3C80
		0x0F, 0x6D, 0x0A, 0x0C, 0x04, 0x30, 0x00, 0xE0,
		0xF9, 0x0F, 0x11, 0x30, 0x00, 0xE0, 0xC2, 0x14, // 0x3C90
		0x03, 0x03, 0xFF, 0xE3, 0x84, 0xE5, 0x6A, 0x03,
		0x63, 0x93, 0x63, 0xE4, 0x08, 0x20, 0x40, 0x3B, // 0x3CA0
		0xB4, 0x0C, 0x4C, 0x03, 0xAF, 0x03, 0x60, 0x92,
		0x25, 0xD8, 0x81, 0x20, 0xC6, 0x60, 0x18, 0x3B, // 0x3CB0
		0x42, 0x0C, 0x60, 0x92, 0x01, 0x8C, 0x65, 0xDC,
		0x81, 0x20, 0x62, 0x8C, 0x0C, 0x64, 0x60, 0xE8, // 0x3CC0
		0xC1, 0x04, 0x0E, 0x60, 0xFA, 0x31, 0x60, 0x8C,
		0x0C, 0x7C, 0x22, 0x41, 0x00, 0xE0, 0x38, 0x1F, // 0x3CD0
		0x83, 0x6D, 0x06, 0xEB, 0xB0, 0x04, 0xF3, 0x03,
		0x00, 0xC4, 0x01, 0x05, 0x12, 0x33, 0x14, 0x32, // 0x3CE0
		0x1F, 0x6C, 0xFF, 0xE3, 0x20, 0xE5, 0x40, 0x38,
		0x40, 0xE8, 0xAF, 0x04, 0x11, 0x30, 0x00, 0xE0, // 0x3CF0
		0xC5, 0x0F, 0x0C, 0x30, 0x00, 0xE0, 0x8E, 0x14,
		0x1B, 0x03, 0xFF, 0xE3, 0x50, 0xE5, 0x06, 0xEB, // 0x3D00
		0x40, 0x06, 0x00, 0xC4, 0x01, 0x05, 0x04, 0x33,
		0x04, 0x32, 0x07, 0xE4, 0x17, 0x00, 0xFF, 0xE3, // 0x3D10
		0x0A, 0xE5, 0x40, 0x38, 0x10, 0x0C, 0x10, 0x30,
		0x00, 0xE0, 0xB0, 0x0F, 0x10, 0x30, 0x00, 0xE0, // 0x3D20
		0x79, 0x14, 0x21, 0x8C, 0x42, 0x8C, 0xC1, 0xB8,
		0x69, 0x59, 0x00, 0x8C, 0x00, 0xB8, 0x18, 0x13, // 0x3D30
		0xFF, 0xE3, 0x35, 0xE5, 0x61, 0x8C, 0x42, 0x8C,
		0x49, 0x5B, 0x22, 0xEB, 0xA0, 0x0F, 0x1C, 0x08, // 0x3D40
		0x45, 0xD8, 0x14, 0x11, 0xCA, 0x60, 0x23, 0xEB,
		0xA0, 0x0F, 0x16, 0x08, 0x60, 0x8C, 0x03, 0xEB, // 0x3D50
		0xEE, 0x02, 0x12, 0x0C, 0x10, 0x30, 0x00, 0xE0,
		0x91, 0x0F, 0x0E, 0x30, 0x00, 0xE0, 0x5A, 0x14, // 0x3D60
		0x00, 0x8C, 0x21, 0x8C, 0x42, 0x8C, 0x01, 0xB8,
		0x69, 0x59, 0x05, 0xD8, 0x14, 0x11, 0x00, 0xB8, // 0x3D70
		0x08, 0x13, 0xFF, 0xE3, 0x14, 0xE5, 0x61, 0x8C,
		0x42, 0x8C, 0x49, 0x5B, 0x22, 0xEB, 0xE0, 0x2E, // 0x3D80
		0x1E, 0x08, 0x45, 0xD8, 0x14, 0x11, 0xCA, 0x60,
		0x23, 0xEB, 0xE0, 0x2E, 0x18, 0x08, 0x60, 0x8C, // 0x3D90
		0x03, 0xEB, 0x90, 0x01, 0x14, 0x0C, 0x10, 0x30,
		0x00, 0xE0, 0x70, 0x0F, 0x5E, 0x12, 0x0F, 0x30, // 0x3DA0
		0x60, 0x92, 0x63, 0xEC, 0x80, 0x00, 0x60, 0xB2,
		0x00, 0xE0, 0x34, 0x14, 0x00, 0x8C, 0x21, 0x8C, // 0x3DB0
		0x42, 0x8C, 0x00, 0xB8, 0x69, 0x59, 0x19, 0x12,
		0xFF, 0xE3, 0xF1, 0xE4, 0x64, 0xD8, 0x03, 0x50, // 0x3DC0
		0x23, 0xEB, 0xE2, 0x04, 0x07, 0x08, 0x03, 0x30,
		0x00, 0xE0, 0x58, 0x0F, 0x14, 0x12, 0xFF, 0xE3, // 0x3DD0
		0xE6, 0xE4, 0x64, 0x12, 0x67, 0x93, 0x63, 0xE4,
		0x10, 0x20, 0x40, 0x3B, 0x13, 0x0C, 0x06, 0x30, // 0x3DE0
		0x00, 0xE0, 0x4C, 0x0F, 0x4C, 0x12, 0x08, 0x30,
		0x60, 0x92, 0x63, 0xEC, 0x80, 0x00, 0x60, 0xB2, // 0x3DF0
		0x00, 0xE0, 0x10, 0x14, 0x80, 0x30, 0x0F, 0x40,
		0xFF, 0xE3, 0x87, 0xF0, 0x09, 0x12, 0xFF, 0xE3, // 0x3E00
		0xCE, 0xE4, 0x62, 0x8C, 0x65, 0xDC, 0x14, 0x11,
		0x07, 0x12, 0xBB, 0x11, 0x40, 0x80, 0xC1, 0x42, // 0x3E10
		0x03, 0x31, 0x17, 0x6D, 0x72, 0x59, 0xEF, 0x11,
		0x62, 0x43, 0xDC, 0x60, 0x60, 0x93, 0xCF, 0x6D, // 0x3E20
		0x62, 0x41, 0xC4, 0x60, 0x00, 0x21, 0x48, 0x39,
		0x63, 0x43, 0xD8, 0x60, 0xD4, 0x60, 0xE0, 0xAB, // 0x3E30
		0xF2, 0x0B, 0x00, 0x22, 0x88, 0x74, 0x13, 0x3A,
		0x60, 0xE8, 0x22, 0x04, 0x40, 0xA0, 0x04, 0xE4, // 0x3E40
		0x77, 0x00, 0x00, 0xE0, 0xE7, 0x0E, 0xFA, 0x31,
		0x22, 0x41, 0xA5, 0x11, 0x65, 0x40, 0xC2, 0x60, // 0x3E50
		0x63, 0x43, 0x01, 0x5B, 0x62, 0x40, 0x0E, 0x60,
		0x00, 0xE0, 0x72, 0x1E, 0x00, 0xE4, 0x09, 0x0A, // 0x3E60
		0x03, 0xAD, 0x04, 0xE4, 0x9F, 0x00, 0x00, 0xE0,
		0xD5, 0x0E, 0x7F, 0x48, 0x0C, 0x60, 0x01, 0x50, // 0x3E70
		0x07, 0xAD, 0x04, 0xE4, 0xC7, 0x00, 0x00, 0xE0,
		0xCD, 0x0E, 0x01, 0x40, 0x04, 0xAD, 0x04, 0xE4, // 0x3E80
		0xEF, 0x00, 0x00, 0xE0, 0xC7, 0x0E, 0x01, 0x40,
		0x06, 0xAD, 0x08, 0x11, 0x9C, 0x10, 0x00, 0xE0, // 0x3E90
		0xC1, 0x0E, 0x7F, 0x48, 0x0C, 0x60, 0x01, 0x50,
		0x05, 0xAD, 0xAE, 0x10, 0xFA, 0x31, 0x68, 0x95, // 0x3EA0
		0x22, 0x41, 0xCD, 0x74, 0x05, 0x43, 0x0E, 0x60,
		0x03, 0x40, 0x0E, 0x60, 0x62, 0x40, 0x0E, 0x60, // 0x3EB0
		0x00, 0xE0, 0x46, 0x1E, 0x69, 0x95, 0xCD, 0x74,
		0x61, 0x4B, 0x67, 0xAC, 0x6A, 0x95, 0x61, 0x43, // 0x3EC0
		0x64, 0xAC, 0x6B, 0x95, 0x61, 0x43, 0x66, 0xAC,
		0x6C, 0x95, 0xCD, 0x74, 0x61, 0x4B, 0x2F, 0x04, // 0x3ED0
		0x00, 0x90, 0x00, 0x40, 0x2E, 0x0C, 0x00, 0x20,
		0x00, 0x00, 0x00, 0x20, 0xD0, 0x04, 0x00, 0x20, // 0x3EE0
		0x00, 0x30, 0x01, 0x40, 0xC8, 0x08, 0x00, 0x20,
		0x08, 0x02, 0x00, 0x20, 0xF0, 0x04, 0x00, 0x20, // 0x3EF0
		0x2D, 0x0C, 0x00, 0x20, 0xFA, 0x08, 0x00, 0x20,
		0xE0, 0x0B, 0x00, 0x20, 0x30, 0x0C, 0x00, 0x20, // 0x3F00
		0xAF, 0x78, 0x00, 0x00, 0xD0, 0x0A, 0x00, 0x20,
		0x50, 0x78, 0x00, 0x00, 0xBC, 0x78, 0x00, 0x00, // 0x3F10
		0xD9, 0x78, 0x00, 0x00, 0x00, 0xC0, 0x01, 0x40,
		0xFA, 0x78, 0x00, 0x00, 0x12, 0x79, 0x00, 0x00, // 0x3F20
		0x1D, 0x79, 0x00, 0x00, 0x2C, 0x0C, 0x00, 0x20,
		0x12, 0x0A, 0x00, 0x20, 0x65, 0xAC, 0x00, 0xE4, // 0x3F30
		0x09, 0x0A, 0x6A, 0x01, 0x03, 0xAC, 0x63, 0xD8,
		0x45, 0x20, 0x43, 0xE4, 0x02, 0x20, 0x40, 0x3A, // 0x3F40
		0x07, 0x0C, 0x4D, 0x01, 0x43, 0x92, 0x42, 0xE4,
		0x05, 0x20, 0x40, 0x3A, 0x10, 0x0C, 0x43, 0xE4, // 0x3F50
		0x04, 0x20, 0x40, 0x3A, 0x07, 0x0C, 0x52, 0x01,
		0x43, 0x92, 0x42, 0xE4, 0x10, 0x20, 0x40, 0x3A, // 0x3F60
		0x06, 0x0C, 0x63, 0xE4, 0x01, 0x20, 0x40, 0x3B,
		0x40, 0xE8, 0x8E, 0x03, 0xFF, 0x30, 0xFF, 0xE3, // 0x3F70
		0x00, 0xE7, 0x06, 0x14, 0x94, 0x14, 0x79, 0x01,
		0x61, 0x8B, 0x03, 0xEB, 0xA0, 0x0F, 0x40, 0xE8, // 0x3F80
		0xF8, 0xFD, 0x9B, 0x01, 0x5B, 0x01, 0x61, 0x84,
		0x25, 0x92, 0x41, 0x43, 0x00, 0x23, 0xCC, 0x74, // 0x3F90
		0x1E, 0x5C, 0x13, 0x3B, 0x80, 0x60, 0x20, 0xAA,
		0x61, 0xA4, 0x40, 0xE8, 0xEA, 0xFD, 0x40, 0x02, // 0x3FA0
		0x60, 0x92, 0x86, 0x3B, 0x60, 0xB2, 0x00, 0xE0,
		0x35, 0x0E, 0x00, 0x33, 0x18, 0xAC, 0x60, 0xA4, // 0x3FB0
		0x61, 0xA4, 0x01, 0x33, 0x60, 0xA5, 0x00, 0xE8,
		0xDC, 0xFD, 0x89, 0x02, 0x25, 0x93, 0x45, 0x74, // 0x3FC0
		0x61, 0x94, 0x4C, 0x60, 0x60, 0x84, 0x00, 0x23,
		0xCC, 0x74, 0x21, 0xB4, 0x13, 0x3B, 0x60, 0xA4, // 0x3FD0
		0x40, 0xE8, 0xCF, 0xFD, 0x00, 0x33, 0x00, 0x36,
		0x1E, 0x5C, 0x4C, 0x58, 0x01, 0x23, 0x43, 0xEB, // 0x3FE0
		0x28, 0x00, 0x40, 0x8A, 0x88, 0x61, 0xFA, 0x0B,
		0x9B, 0x6C, 0x12, 0x02, 0xFF, 0xE3, 0xD7, 0xE3, // 0x3FF0
		0x7A, 0x02, 0xE3, 0xD8, 0x45, 0x20, 0x67, 0xE4,
		0x02, 0x20, 0xE7, 0xE4, 0x04, 0x20, 0x40, 0x3B, // 0x4000
		0x11, 0x0C, 0x61, 0x94, 0xDA, 0x60, 0x61, 0xB4,
		0x01, 0x94, 0x14, 0x31, 0x00, 0xE0, 0x98, 0x1D, // 0x4010
		0x00, 0x33, 0x40, 0x3F, 0x60, 0xA4, 0x07, 0x32,
		0x03, 0x33, 0x01, 0xB4, 0x62, 0xC4, 0x40, 0x0C, // 0x4020
		0xCA, 0x07, 0x40, 0x3F, 0xF2, 0x0F, 0x61, 0x94,
		0x4D, 0x5E, 0x41, 0xB4, 0xEE, 0x07, 0x69, 0x03, // 0x4030
		0x63, 0xD8, 0x45, 0x20, 0x43, 0xE4, 0x02, 0x20,
		0x40, 0x3A, 0x40, 0xE8, 0xAD, 0xFD, 0x4C, 0x03, // 0x4040
		0x43, 0x92, 0x42, 0xE4, 0x08, 0x20, 0x40, 0x3A,
		0x40, 0xE8, 0x9A, 0xFD, 0x4C, 0x03, 0x60, 0x92, // 0x4050
		0x63, 0xEC, 0x40, 0x00, 0x60, 0xB2, 0x04, 0x33,
		0xAE, 0x07, 0x11, 0x03, 0x5E, 0x58, 0x85, 0x93, // 0x4060
		0x21, 0x80, 0x61, 0x41, 0xC8, 0x60, 0x80, 0xAB,
		0x62, 0x59, 0xCC, 0x74, 0x61, 0xA0, 0x13, 0x3B, // 0x4070
		0x03, 0x6D, 0x0E, 0x08, 0xC3, 0x5B, 0xC1, 0x46,
		0x88, 0x61, 0x61, 0x43, 0xC0, 0x8E, 0xC8, 0x60, // 0x4080
		0xC0, 0xAB, 0x66, 0x59, 0xCC, 0x74, 0x54, 0x3B,
		0x10, 0x08, 0x14, 0x33, 0x61, 0xA0, 0x5C, 0x03, // 0x4090
		0x1B, 0x03, 0x60, 0x92, 0x86, 0x3B, 0x60, 0xB2,
		0x00, 0xE0, 0xBC, 0x0D, 0x00, 0x33, 0x18, 0xAC, // 0x40A0
		0x60, 0xA4, 0x61, 0xA4, 0x07, 0x33, 0x87, 0x07,
		0x83, 0x5B, 0x81, 0x44, 0x08, 0x61, 0x61, 0x43, // 0x40B0
		0xC8, 0x60, 0x40, 0x8C, 0x40, 0xAB, 0x6A, 0x59,
		0x61, 0xA0, 0x00, 0xE8, 0x5A, 0xFD, 0x35, 0x13, // 0x40C0
		0x1E, 0x59, 0x45, 0x93, 0xC1, 0x81, 0x61, 0x46,
		0xC0, 0x60, 0x40, 0xAB, 0x40, 0x81, 0x00, 0x22, // 0x40D0
		0x88, 0x74, 0x40, 0xA1, 0x02, 0x3A, 0x07, 0x6D,
		0x0C, 0x0C, 0x50, 0x13, 0x60, 0x92, 0x86, 0x3B, // 0x40E0
		0x60, 0xB2, 0x00, 0xE0, 0x97, 0x0D, 0x07, 0x33,
		0x18, 0xAC, 0x60, 0xA5, 0x00, 0x33, 0x60, 0xA4, // 0x40F0
		0x62, 0x5E, 0xCC, 0x74, 0x13, 0x3B, 0x04, 0x08,
		0x61, 0xA4, 0x00, 0xE8, 0x3A, 0xFD, 0x00, 0x33, // 0x4100
		0xFC, 0x07, 0x81, 0x13, 0x04, 0xD8, 0x45, 0x20,
		0xC0, 0xE4, 0x02, 0x20, 0x40, 0x3E, 0x07, 0x0C, // 0x4110
		0x7E, 0x12, 0x63, 0x93, 0x63, 0xE4, 0x05, 0x20,
		0x40, 0x3B, 0x0C, 0x0C, 0x60, 0xE4, 0x04, 0x20, // 0x4120
		0x40, 0x3B, 0x26, 0x0C, 0x79, 0x12, 0x63, 0x93,
		0x63, 0xE4, 0x10, 0x20, 0x40, 0x3B, 0x60, 0xE8, // 0x4130
		0xAE, 0x02, 0x78, 0x12, 0x38, 0x12, 0x42, 0x83,
		0xE5, 0x91, 0x21, 0x42, 0x00, 0x22, 0x88, 0x74, // 0x4140
		0x4C, 0x60, 0x13, 0x3A, 0xF9, 0xA9, 0x20, 0x83,
		0x00, 0x21, 0x44, 0x74, 0x42, 0xA3, 0x20, 0xA3, // 0x4150
		0x03, 0x0C, 0x00, 0x32, 0x42, 0xA3, 0x01, 0xEB,
		0x63, 0x00, 0x0A, 0x0C, 0x00, 0x32, 0x40, 0xA3, // 0x4160
		0x06, 0x33, 0x4E, 0x12, 0x60, 0xA5, 0x60, 0x92,
		0x63, 0xEC, 0x40, 0x00, 0x60, 0xB2, 0x40, 0x3E, // 0x4170
		0xBD, 0x0D, 0x46, 0x12, 0xC6, 0x12, 0x42, 0xB8,
		0x63, 0x92, 0x63, 0xE4, 0x08, 0x20, 0x40, 0x3B, // 0x4180
		0xAE, 0x0D, 0xE4, 0x12, 0x07, 0xE4, 0x31, 0x00,
		0x00, 0xE0, 0x44, 0x0D, 0x01, 0x74, 0x47, 0xD8, // 0x4190
		0x02, 0x50, 0x38, 0x8F, 0x00, 0x35, 0xFF, 0xE3,
		0x16, 0xF6, 0x7F, 0x11, 0xDF, 0x38, 0x05, 0xC4, // 0x41A0
		0x40, 0x0C, 0x00, 0xAE, 0x47, 0xD8, 0x02, 0x50,
		0x05, 0x93, 0x38, 0x8F, 0x01, 0x74, 0xFF, 0xE3, // 0x41B0
		0x0A, 0xF6, 0x5D, 0x11, 0xDF, 0x38, 0x05, 0xC4,
		0x40, 0x0C, 0xC1, 0x74, 0xE3, 0xB8, 0x60, 0xAA, // 0x41C0
		0x42, 0x98, 0xA3, 0x92, 0xA5, 0xE4, 0x05, 0x20,
		0x40, 0x3D, 0x39, 0x08, 0x57, 0x11, 0x41, 0x92, // 0x41D0
		0x45, 0xB8, 0x44, 0xD8, 0x22, 0x10, 0xC8, 0x64,
		0x44, 0xB8, 0x08, 0x08, 0x42, 0x98, 0x80, 0x37, // 0x41E0
		0x43, 0x92, 0xE6, 0x47, 0x9C, 0x68, 0x40, 0x3A,
		0x2E, 0x0D, 0x01, 0x74, 0xE4, 0xD8, 0x23, 0x10, // 0x41F0
		0x44, 0xD8, 0x24, 0x10, 0x29, 0x5F, 0x41, 0x64,
		0x09, 0x08, 0x25, 0x98, 0xA6, 0x49, 0xA5, 0xE4, // 0x4200
		0x03, 0x20, 0x40, 0x3D, 0x17, 0x09, 0xDC, 0x64,
		0x43, 0x65, 0x64, 0xD8, 0x8C, 0x01, 0x4E, 0x65, // 0x4210
		0x16, 0x0C, 0x26, 0x11, 0x66, 0x45, 0x41, 0x91,
		0x86, 0x3A, 0x87, 0x3A, 0x63, 0xE4, 0xC0, 0x20, // 0x4220
		0xC8, 0x6C, 0x61, 0xB1, 0x62, 0x98, 0xA4, 0xDC,
		0x8C, 0x01, 0x11, 0x93, 0x00, 0xE0, 0x0A, 0x0D, // 0x4230
		0x7D, 0x10, 0x57, 0x6C, 0x40, 0x8B, 0x1E, 0x10,
		0xFF, 0xE3, 0xB1, 0xE2, 0x62, 0x98, 0xA0, 0x8E, // 0x4240
		0x63, 0xD8, 0x28, 0x10, 0x08, 0x32, 0x4C, 0x65,
		0x43, 0x64, 0x04, 0x33, 0x19, 0x10, 0xFF, 0xE3, // 0x4250
		0x6A, 0xE2, 0x40, 0x38, 0x0A, 0x08, 0x05, 0xEB,
		0xB3, 0x14, 0x2F, 0x0C, 0x6F, 0x10, 0x67, 0x93, // 0x4260
		0x63, 0xE4, 0x04, 0x20, 0x40, 0x3B, 0x29, 0x0C,
		0x05, 0x30, 0x00, 0xE0, 0x07, 0x0D, 0x01, 0x30, // 0x4270
		0xFF, 0xE3, 0x4B, 0xEE, 0x06, 0x30, 0x00, 0xE0,
		0xCD, 0x11, 0x0F, 0x10, 0xFF, 0xE3, 0x8F, 0xE2, // 0x4280
		0x1C, 0x04, 0x00, 0x00, 0x00, 0x00, 0x00, 0x20,
		0x08, 0x02, 0x00, 0x20, 0xD0, 0x04, 0x00, 0x20, // 0x4290
		0xC8, 0x08, 0x00, 0x20, 0x00, 0x90, 0x00, 0x40,
		0x00, 0x30, 0x01, 0x40, 0x14, 0x78, 0x00, 0x00, // 0x42A0
		0xD0, 0x08, 0x00, 0x20, 0x30, 0x0C, 0x00, 0x20,
		0x00, 0x40, 0x01, 0x40, 0x31, 0x78, 0x00, 0x00, // 0x42B0
		0x3C, 0x0A, 0x00, 0x20, 0x46, 0x78, 0x00, 0x00,
		0x01, 0x8E, 0x62, 0x8E, 0x0C, 0x64, 0xC5, 0x08, // 0x42C0
		0x0E, 0x60, 0xFA, 0x31, 0x60, 0x8E, 0x0C, 0x7C,
		0x22, 0x41, 0x00, 0xE0, 0x39, 0x1C, 0xC3, 0x6D, // 0x42D0
		0x75, 0x8C, 0x43, 0x98, 0x64, 0xB8, 0x63, 0x98,
		0x32, 0x31, 0x03, 0xD8, 0x5F, 0x20, 0x62, 0x58, // 0x42E0
		0x62, 0xDC, 0x5F, 0x20, 0x00, 0xE0, 0x74, 0x1D,
		0x40, 0x38, 0x23, 0x08, 0x07, 0xEB, 0xD0, 0x07, // 0x42F0
		0x00, 0xC4, 0x01, 0x05, 0x0A, 0x33, 0x0C, 0x32,
		0xB8, 0x00, 0x1E, 0x5D, 0xFF, 0xE3, 0x13, 0xE2, // 0x4300
		0x40, 0x38, 0xA5, 0x0C, 0x62, 0x98, 0x32, 0x32,
		0x80, 0x30, 0x44, 0xB3, 0x0B, 0x33, 0x0E, 0x40, // 0x4310
		0x64, 0xDC, 0x90, 0x01, 0x64, 0xD8, 0x40, 0x20,
		0x63, 0xEC, 0x00, 0x10, 0x64, 0xDC, 0x40, 0x20, // 0x4320
		0xFF, 0xE3, 0xF3, 0xED, 0x0C, 0x30, 0x00, 0xE0,
		0x75, 0x11, 0x03, 0x01, 0xFF, 0xE3, 0x37, 0xE2, // 0x4330
		0x62, 0x98, 0x63, 0x93, 0x63, 0xE4, 0x20, 0x20,
		0x40, 0x3B, 0x12, 0x0C, 0x62, 0x8E, 0x08, 0x32, // 0x4340
		0x03, 0xEB, 0xAB, 0x0D, 0x43, 0x64, 0x04, 0x33,
		0x0A, 0x01, 0xFF, 0xE3, 0xEC, 0xE1, 0x40, 0x38, // 0x4350
		0x07, 0x0C, 0x10, 0x30, 0xFF, 0xE3, 0xD9, 0xED,
		0x0D, 0x01, 0xFF, 0xE3, 0x20, 0xE2, 0x62, 0x98, // 0x4360
		0x42, 0x8E, 0x63, 0xD8, 0x27, 0x10, 0x0F, 0x01,
		0x8C, 0x64, 0x43, 0x64, 0x04, 0x33, 0x08, 0x32, // 0x4370
		0xFF, 0xE3, 0xD9, 0xE1, 0x40, 0x38, 0x13, 0x0C,
		0x62, 0x98, 0x32, 0x32, 0x04, 0x30, 0x44, 0xB3, // 0x4380
		0x0B, 0x33, 0x64, 0xDC, 0x90, 0x01, 0x64, 0xD8,
		0x40, 0x20, 0x63, 0xEC, 0x00, 0x10, 0x64, 0xDC, // 0x4390
		0x40, 0x20, 0x00, 0xE0, 0x3F, 0x11, 0x02, 0x30,
		0xFF, 0xE3, 0xB7, 0xED, 0xE6, 0xD8, 0x03, 0x50, // 0x43A0
		0x62, 0x98, 0x27, 0xEB, 0x4C, 0x04, 0xA3, 0xD8,
		0x5E, 0x00, 0x43, 0x64, 0x04, 0x33, 0x08, 0x32, // 0x43B0
		0x01, 0x02, 0xFF, 0xE3, 0xB8, 0xE1, 0x40, 0x38,
		0x15, 0x0C, 0x02, 0x02, 0x26, 0xD8, 0x03, 0x50, // 0x43C0
		0xFF, 0xE3, 0xED, 0xE1, 0x62, 0x98, 0x32, 0x32,
		0x0A, 0x30, 0x44, 0xB3, 0x03, 0x33, 0x64, 0xDC, // 0x43D0
		0x90, 0x01, 0x64, 0xD8, 0x40, 0x20, 0x63, 0xEC,
		0x00, 0x10, 0x64, 0xDC, 0x40, 0x20, 0x00, 0xE0, // 0x43E0
		0x19, 0x11, 0x0A, 0x33, 0x4C, 0x7D, 0x08, 0x32,
		0xD5, 0x65, 0x00, 0xC4, 0x01, 0x05, 0x04, 0x33, // 0x43F0
		0x0F, 0x02, 0xFF, 0xE3, 0x98, 0xE1, 0x40, 0x38,
		0x09, 0x0C, 0x12, 0x02, 0x26, 0xD8, 0x03, 0x50, // 0x4400
		0xFF, 0xE3, 0xCD, 0xE1, 0x20, 0x30, 0xFF, 0xE3,
		0x80, 0xED, 0x43, 0x98, 0x60, 0x8E, 0x42, 0xD8, // 0x4410
		0x76, 0x20, 0x40, 0x3A, 0x58, 0x08, 0x03, 0xEB,
		0xE8, 0x03, 0x40, 0xE8, 0xAA, 0xFB, 0x63, 0x98, // 0x4420
		0x01, 0x32, 0x43, 0xDC, 0x76, 0x20, 0x5B, 0x02,
		0x61, 0x92, 0x04, 0x23, 0x61, 0xB2, 0x00, 0xE8, // 0x4430
		0xA0, 0xFB, 0x43, 0x3D, 0xEB, 0x0A, 0x64, 0x98,
		0xCA, 0x60, 0xC1, 0x64, 0x01, 0x33, 0xA3, 0xC4, // 0x4440
		0x40, 0x0C, 0xE4, 0x06, 0x03, 0x35, 0xE2, 0x06,
		0x00, 0x37, 0x43, 0x07, 0x07, 0xEB, 0xB8, 0x0B, // 0x4450
		0x00, 0xC4, 0x01, 0x05, 0x06, 0x33, 0x08, 0x32,
		0x05, 0xE4, 0x0F, 0x00, 0xFF, 0xE3, 0x63, 0xE1, // 0x4460
		0x40, 0x38, 0x51, 0x0B, 0x07, 0xEB, 0xA0, 0x0F,
		0x00, 0xC4, 0x01, 0x05, 0x04, 0x33, 0x06, 0x32, // 0x4470
		0x05, 0xE4, 0x17, 0x00, 0xFF, 0xE3, 0x57, 0xE1,
		0x40, 0x38, 0x45, 0x0B, 0x07, 0xEB, 0x88, 0x13, // 0x4480
		0x00, 0xC4, 0x01, 0x05, 0x03, 0x33, 0x05, 0x32,
		0x05, 0xE4, 0x1F, 0x00, 0xFF, 0xE3, 0x4B, 0xE1, // 0x4490
		0x40, 0x38, 0x39, 0x0B, 0x07, 0xEB, 0x70, 0x17,
		0x00, 0xC4, 0x01, 0x05, 0x02, 0x33, 0x04, 0x32, // 0x44A0
		0x05, 0xE4, 0x27, 0x00, 0xFF, 0xE3, 0x3F, 0xE1,
		0x40, 0x38, 0x2D, 0x0B, 0x64, 0x98, 0x04, 0x32, // 0x44B0
		0xCC, 0x65, 0x43, 0x64, 0x02, 0x33, 0x05, 0xE4,
		0x2F, 0x00, 0xFF, 0xE3, 0x34, 0xE1, 0x40, 0x38, // 0x44C0
		0x22, 0x0B, 0x37, 0x07, 0x03, 0xEB, 0x1F, 0x03,
		0x60, 0xE8, 0x53, 0xFB, 0x63, 0x98, 0x00, 0x32, // 0x44D0
		0x43, 0xDC, 0x76, 0x20, 0x58, 0x13, 0x61, 0x92,
		0x04, 0x2B, 0xA9, 0x07, 0x00, 0x33, 0x00, 0x32, // 0x44E0
		0x60, 0xAE, 0x76, 0x13, 0x40, 0xAB, 0x00, 0xE8,
		0x44, 0xFB, 0x00, 0xE4, 0x04, 0x20, 0x40, 0x38, // 0x44F0
		0x40, 0xE8, 0x3F, 0xFB, 0xD2, 0x13, 0x06, 0xE4,
		0x31, 0x00, 0x00, 0xE0, 0x8B, 0x0B, 0x01, 0x74, // 0x4500
		0x46, 0xD8, 0x02, 0x50, 0x38, 0x8E, 0x00, 0x34,
		0xFF, 0xE3, 0x5D, 0xF4, 0xAD, 0x13, 0xDF, 0x38, // 0x4510
		0x04, 0xC4, 0x40, 0x0C, 0x6C, 0x13, 0x00, 0xAD,
		0x46, 0xD8, 0x02, 0x50, 0x05, 0x93, 0x38, 0x8E, // 0x4520
		0x01, 0x74, 0xFF, 0xE3, 0x50, 0xF4, 0x65, 0x13,
		0xDF, 0x38, 0x04, 0xC4, 0x40, 0x0C, 0x87, 0x13, // 0x4530
		0x00, 0xAB, 0x63, 0x94, 0x63, 0xE4, 0x20, 0x20,
		0x40, 0x3B, 0x40, 0xE8, 0x1A, 0xFB, 0x40, 0x8D, // 0x4540
		0x64, 0xD8, 0x50, 0x11, 0x06, 0xE4, 0xDB, 0x01,
		0x8C, 0x64, 0x43, 0x64, 0x04, 0x33, 0x08, 0x32, // 0x4550
		0xFF, 0xE3, 0xE9, 0xE0, 0x40, 0x38, 0x13, 0x0C,
		0x00, 0xE0, 0x84, 0x02, 0x64, 0x94, 0x63, 0xEC, // 0x4560
		0x00, 0x80, 0x64, 0xB4, 0x01, 0x30, 0x0A, 0x33,
		0x64, 0xDC, 0xB0, 0x02, 0xFF, 0xE3, 0xCD, 0xEC, // 0x4570
		0x04, 0x30, 0x00, 0xE0, 0x4F, 0x10, 0x16, 0x12,
		0xFF, 0xE3, 0x11, 0xE1, 0x42, 0x8D, 0x64, 0xD8, // 0x4580
		0x4E, 0x11, 0x14, 0x12, 0xC8, 0x64, 0x43, 0x64,
		0x04, 0x33, 0x08, 0x32, 0xFF, 0xE3, 0xCB, 0xE0, // 0x4590
		0x40, 0x38, 0x10, 0x0C, 0x64, 0x94, 0xB1, 0x3B,
		0x64, 0xB4, 0x10, 0x30, 0x0A, 0x33, 0x64, 0xDC, // 0x45A0
		0xB0, 0x02, 0xFF, 0xE3, 0xB2, 0xEC, 0x07, 0x30,
		0x00, 0xE0, 0x34, 0x10, 0x0A, 0x12, 0xFF, 0xE3, // 0x45B0
		0xF6, 0xE0, 0x42, 0x8D, 0x64, 0xD8, 0x4F, 0x11,
		0x08, 0x12, 0x8C, 0x64, 0x43, 0x64, 0x04, 0x33, // 0x45C0
		0x08, 0x32, 0xFF, 0xE3, 0xB0, 0xE0, 0x40, 0x38,
		0x0D, 0x0C, 0x64, 0x94, 0xB0, 0x3B, 0x64, 0xB4, // 0x45D0
		0x02, 0x30, 0x0A, 0x33, 0x64, 0xDC, 0xB0, 0x02,
		0xFF, 0xE3, 0x97, 0xEC, 0x03, 0x30, 0x00, 0xE0, // 0x45E0
		0x19, 0x10, 0xC5, 0xD8, 0x03, 0x50, 0x04, 0x33,
		0x26, 0xEB, 0x40, 0x06, 0x43, 0x64, 0x08, 0x32, // 0x45F0
		0x1B, 0x11, 0xA4, 0xD8, 0xB7, 0x02, 0xFF, 0xE3,
		0x96, 0xE0, 0x40, 0x38, 0x0D, 0x0C, 0x64, 0x94, // 0x4600
		0xB3, 0x3B, 0x64, 0xB4, 0x40, 0x30, 0x0A, 0x33,
		0x64, 0xDC, 0xB0, 0x02, 0xFF, 0xE3, 0x7D, 0xEC, // 0x4610
		0x08, 0x30, 0x00, 0xE0, 0xFF, 0x0F, 0x0A, 0x33,
		0x4C, 0x7D, 0x08, 0x32, 0x95, 0x65, 0x00, 0xC4, // 0x4620
		0x01, 0x05, 0x04, 0x33, 0x0F, 0x11, 0xFF, 0xE3,
		0x7E, 0xE0, 0x40, 0x38, 0x40, 0xE8, 0xA1, 0xFA, // 0x4630
		0x20, 0x30, 0xFF, 0xE3, 0x6A, 0xEC, 0x00, 0xE8,
		0x9C, 0xFA, 0x00, 0x33, 0x00, 0xE8, 0xCF, 0xFA, // 0x4640
		0x00, 0x36, 0x00, 0xE8, 0x48, 0xFB, 0x06, 0xEB,
		0xD0, 0x07, 0x00, 0xC4, 0x01, 0x05, 0x09, 0x33, // 0x4650
		0x0B, 0x32, 0x1E, 0x5F, 0xFF, 0xE3, 0x67, 0xE0,
		0x40, 0x38, 0x60, 0xE8, 0x49, 0xFB, 0x06, 0xEB, // 0x4660
		0xC4, 0x09, 0x00, 0xC4, 0x01, 0x05, 0x06, 0x33,
		0x08, 0x32, 0x07, 0xE4, 0x0F, 0x00, 0xFF, 0xE3, // 0x4670
		0x5A, 0xE0, 0x40, 0x38, 0x60, 0xE8, 0x3C, 0xFB,
		0x00, 0xE8, 0x43, 0xFB, 0x00, 0x33, 0x60, 0xA0, // 0x4680
		0x00, 0xE8, 0xDF, 0xFB, 0xF9, 0x30, 0x00, 0xE8,
		0x74, 0xFC, 0x40, 0x3E, 0x34, 0x0F, 0x00, 0xE8, // 0x4690
		0x72, 0xFD, 0x00, 0x00, 0x48, 0x0A, 0x00, 0x20,
		0x50, 0x78, 0x00, 0x00, 0x80, 0x0A, 0x00, 0x20, // 0x46A0
		0x6A, 0x78, 0x00, 0x00, 0x88, 0x0A, 0x00, 0x20,
		0x90, 0x0A, 0x00, 0x20, 0x79, 0x78, 0x00, 0x00, // 0x46B0
		0x98, 0x0A, 0x00, 0x20, 0x00, 0x30, 0x01, 0x40,
		0x30, 0x0C, 0x00, 0x20, 0xC8, 0x08, 0x00, 0x20, // 0x46C0
		0xD0, 0x04, 0x00, 0x20, 0x00, 0x90, 0x00, 0x40,
		0x08, 0x02, 0x00, 0x20, 0x83, 0x78, 0x00, 0x00, // 0x46D0
		0xAC, 0x0A, 0x00, 0x20, 0x99, 0x78, 0x00, 0x00,
		0xB4, 0x0A, 0x00, 0x20, 0xBC, 0x0A, 0x00, 0x20, // 0x46E0
		0xC4, 0x0A, 0x00, 0x20, 0xC1, 0x14, 0x71, 0x10,
		0x06, 0x32, 0x7C, 0x31, 0x00, 0x30, 0x00, 0x2A, // 0x46F0
		0x03, 0xDC, 0x74, 0x00, 0x40, 0x3A, 0x00, 0x30,
		0x04, 0xB3, 0xC4, 0x60, 0xF8, 0x0B, 0x4C, 0x10, // 0x4700
		0x13, 0x22, 0x60, 0x92, 0x20, 0x93, 0x8E, 0x64,
		0x02, 0x08, 0x81, 0x14, 0x00, 0x34, 0x03, 0xE4, // 0x4710
		0x23, 0x10, 0x80, 0xA8, 0x01, 0x93, 0x80, 0x93,
		0x01, 0xB4, 0x80, 0xB0, 0x00, 0x30, 0x00, 0xB3, // 0x4720
		0x01, 0xB3, 0xC7, 0x6C, 0x20, 0x91, 0xF0, 0x07,
		0xDC, 0x05, 0x00, 0x20, 0x08, 0x02, 0x00, 0x20, // 0x4730
		0x7C, 0x00, 0x44, 0x93, 0x42, 0xEC, 0x04, 0x04,
		0x44, 0xB3, 0x4A, 0x93, 0x42, 0xEC, 0x00, 0x01, // 0x4740
		0x4A, 0xB3, 0x51, 0x93, 0x42, 0xEC, 0x00, 0x01,
		0x51, 0xB3, 0x58, 0x93, 0x42, 0xEC, 0x00, 0x01, // 0x4750
		0x58, 0xB3, 0x5F, 0x93, 0x42, 0xEC, 0x00, 0x01,
		0x5F, 0xB3, 0x3C, 0x78, 0xD0, 0x14, 0x66, 0x01, // 0x4760
		0x63, 0xD8, 0x8D, 0x20, 0xCD, 0x7B, 0xFF, 0xE3,
		0xBF, 0xFF, 0x03, 0x31, 0x09, 0x01, 0xFF, 0xE3, // 0x4770
		0xA4, 0xDE, 0x90, 0x14, 0xD3, 0x14, 0x03, 0x6D,
		0xA0, 0x80, 0x17, 0x6C, 0xFF, 0xE3, 0xF9, 0xDF, // 0x4780
		0x83, 0x6D, 0x57, 0x6C, 0x0E, 0x01, 0x01, 0x26,
		0xA2, 0x5C, 0xFF, 0xE3, 0x08, 0xE0, 0x18, 0x61, // 0x4790
		0xD0, 0x01, 0x16, 0x65, 0x05, 0x08, 0x10, 0x01,
		0xFF, 0xE3, 0x01, 0xE0, 0x93, 0x14, 0x20, 0x85, // 0x47A0
		0x1B, 0x6C, 0x00, 0x25, 0xFF, 0xE3, 0xFB, 0xDF,
		0xF5, 0x07, 0xD4, 0x14, 0x28, 0x14, 0x9A, 0x01, // 0x47B0
		0x64, 0xE4, 0x23, 0x01, 0xE4, 0xD8, 0x49, 0x20,
		0xDE, 0x64, 0x76, 0x0C, 0xB9, 0x01, 0x67, 0xE4, // 0x47C0
		0x23, 0x10, 0xC5, 0xD8, 0xA8, 0x01, 0x63, 0xB8,
		0x62, 0x4E, 0x5B, 0x01, 0x63, 0xE4, 0x0C, 0x20, // 0x47D0
		0xC8, 0x60, 0x60, 0x93, 0x2A, 0x30, 0x0C, 0x7C,
		0x3E, 0x01, 0xC6, 0xE4, 0x40, 0x20, 0x00, 0xE0, // 0x47E0
		0x9D, 0x1A, 0x7F, 0x01, 0x40, 0x3E, 0x62, 0x8B,
		0x64, 0xDC, 0x54, 0x11, 0x5F, 0x0C, 0xC0, 0x60, // 0x47F0
		0xCD, 0x74, 0x65, 0xDC, 0xBB, 0x10, 0x67, 0xE4,
		0x23, 0x10, 0x04, 0x83, 0xCE, 0x5B, 0xFF, 0xE3, // 0x4800
		0xB8, 0xDF, 0x00, 0x33, 0x00, 0xB8, 0x22, 0x58,
		0x1B, 0x6C, 0x00, 0x32, 0x00, 0x2A, 0x00, 0x29, // 0x4810
		0x86, 0x64, 0x4E, 0x08, 0x20, 0x98, 0x47, 0xE4,
		0x1F, 0x10, 0x84, 0x60, 0x61, 0xA2, 0x16, 0x33, // 0x4820
		0xC4, 0x7C, 0x2B, 0x23, 0x64, 0xDC, 0x4C, 0x11,
		0x00, 0x33, 0x5B, 0x6D, 0x64, 0xDC, 0x4D, 0x11, // 0x4830
		0x72, 0x02, 0x67, 0xB8, 0x00, 0x33, 0x65, 0xB8,
		0x66, 0xB8, 0xC7, 0x6C, 0x01, 0x23, 0xD8, 0x60, // 0x4840
		0x64, 0xB8, 0x64, 0x98, 0x05, 0x1A, 0x4E, 0x65,
		0x06, 0x1B, 0x36, 0x08, 0x01, 0x31, 0x07, 0x18, // 0x4850
		0x00, 0xE0, 0x99, 0x17, 0x10, 0x30, 0x00, 0xE0,
		0x5A, 0x0F, 0x7B, 0x02, 0x40, 0x93, 0x84, 0x3A, // 0x4860
		0x85, 0x3A, 0x42, 0xEC, 0x0C, 0x00, 0x40, 0xB3,
		0x40, 0x93, 0x42, 0xE4, 0x00, 0x21, 0x40, 0x3A, // 0x4870
		0xFC, 0x0B, 0x40, 0x93, 0x42, 0xEC, 0x40, 0x00,
		0x40, 0xB3, 0x20, 0x31, 0x03, 0x03, 0x00, 0xE0, // 0x4880
		0x9B, 0x09, 0x40, 0x98, 0x5B, 0x6C, 0x05, 0x03,
		0xFF, 0xE3, 0xE0, 0xE2, 0x1B, 0x6C, 0xFF, 0xE3, // 0x4890
		0x73, 0xFF, 0x61, 0x97, 0x40, 0x97, 0x61, 0xB2,
		0x40, 0xB3, 0x00, 0x33, 0x00, 0x32, 0x60, 0xB7, // 0x48A0
		0x61, 0xB7, 0x63, 0x98, 0x40, 0xAB, 0x08, 0x14,
		0x94, 0x14, 0xC2, 0x60, 0xA2, 0x07, 0xA0, 0x80, // 0x48B0
		0xD5, 0x6C, 0x00, 0x20, 0xAD, 0x07, 0x00, 0x31,
		0x07, 0x18, 0x00, 0xE0, 0x64, 0x17, 0x00, 0x33, // 0x48C0
		0x62, 0xB8, 0x61, 0xB8, 0x61, 0x98, 0x80, 0x85,
		0x0E, 0x71, 0x84, 0xE4, 0x01, 0x20, 0x53, 0x6C, // 0x48D0
		0x06, 0x1B, 0x05, 0x1A, 0x07, 0x18, 0x00, 0xE0,
		0x56, 0x17, 0x62, 0x98, 0xD0, 0x60, 0x62, 0xB8, // 0x48E0
		0x61, 0x98, 0x00, 0x23, 0x48, 0x3B, 0x61, 0xB8,
		0xEE, 0x0B, 0x62, 0x98, 0x23, 0xE4, 0x01, 0x20, // 0x48F0
		0x05, 0x1A, 0x06, 0x1B, 0x07, 0x18, 0x00, 0xE0,
		0x46, 0x17, 0x01, 0x31, 0x06, 0x1B, 0x05, 0x1A, // 0x4900
		0x07, 0x18, 0x00, 0x25, 0x00, 0xE0, 0x3F, 0x17,
		0x9D, 0x07, 0xD3, 0x14, 0x6D, 0x13, 0x81, 0x48, // 0x4910
		0x63, 0x93, 0x63, 0xE4, 0x04, 0x20, 0x11, 0x75,
		0x40, 0x3B, 0x43, 0x6D, 0x87, 0x6D, 0x81, 0xC4, // 0x4920
		0x20, 0x84, 0x15, 0x0C, 0xFF, 0x31, 0x00, 0xE0,
		0x0B, 0x19, 0x70, 0x13, 0x00, 0x32, 0x42, 0xB3, // 0x4930
		0x81, 0xB3, 0x00, 0x61, 0x11, 0x75, 0x04, 0xB3,
		0x83, 0xB3, 0xA5, 0xB3, 0x40, 0x93, 0x42, 0xEC, // 0x4940
		0x08, 0x00, 0x40, 0xB3, 0x67, 0x13, 0xC6, 0xA3,
		0xA2, 0xAB, 0x93, 0x14, 0x00, 0x31, 0xFE, 0x29, // 0x4950
		0x00, 0xE0, 0xF6, 0x18, 0x65, 0x13, 0x10, 0x60,
		0x01, 0x74, 0x02, 0xB3, 0x81, 0xB3, 0x00, 0x61, // 0x4960
		0x11, 0x75, 0x84, 0xB3, 0xA3, 0xB3, 0xEA, 0x07,
		0xD4, 0x14, 0x23, 0x14, 0xBA, 0x12, 0x01, 0x13, // 0x4970
		0x25, 0xD8, 0x6E, 0x10, 0x00, 0x21, 0x00, 0xE0,
		0xE3, 0x18, 0x7A, 0x12, 0xC2, 0x8B, 0x80, 0x8B, // 0x4980
		0x50, 0x58, 0x98, 0x64, 0x97, 0x6C, 0x03, 0x0C,
		0x81, 0x5E, 0x11, 0x75, 0xE6, 0x83, 0xA2, 0xD8, // 0x4990
		0xD1, 0x00, 0x62, 0xD8, 0xDE, 0x00, 0x4C, 0x5D,
		0xC9, 0x65, 0x03, 0x0C, 0xAD, 0x5F, 0x54, 0x75, // 0x49A0
		0x14, 0x12, 0x22, 0x5C, 0x00, 0xE0, 0xCC, 0x18,
		0x22, 0x5E, 0x02, 0xB8, 0x11, 0x12, 0x00, 0xE0, // 0x49B0
		0xC7, 0x18, 0x31, 0x12, 0x83, 0x6C, 0x20, 0x89,
		0x62, 0x98, 0xA1, 0xB8, 0xE0, 0xB8, 0x0F, 0x12, // 0x49C0
		0xFF, 0xE3, 0xED, 0xDE, 0x80, 0x30, 0x05, 0x40,
		0x00, 0xE0, 0x31, 0x0E, 0x04, 0x30, 0x00, 0xE0, // 0x49D0
		0x9E, 0x0E, 0x57, 0x6C, 0x13, 0x6C, 0xFF, 0xE3,
		0x9A, 0xFF, 0x01, 0x30, 0xFF, 0xE3, 0xA8, 0xE1, // 0x49E0
		0x03, 0x14, 0x94, 0x14, 0xD4, 0x14, 0x23, 0x14,
		0xFE, 0x11, 0x9B, 0x11, 0x01, 0x12, 0x24, 0xD8, // 0x49F0
		0x6E, 0x10, 0x00, 0x21, 0x00, 0xE0, 0xA4, 0x18,
		0x21, 0x8F, 0xA2, 0x8F, 0xE6, 0x87, 0x14, 0x60, // 0x4A00
		0x04, 0x64, 0x01, 0xC4, 0x20, 0x0C, 0x84, 0xD8,
		0xDE, 0x00, 0xFF, 0x33, 0xD2, 0x60, 0xCD, 0x65, // 0x4A10
		0x81, 0x75, 0x25, 0x08, 0x1C, 0x61, 0x10, 0x75,
		0x22, 0x58, 0x16, 0x11, 0x00, 0xE0, 0x90, 0x18, // 0x4A20
		0x22, 0x5D, 0x02, 0xB8, 0x13, 0x11, 0x00, 0xE0,
		0x8B, 0x18, 0x33, 0x11, 0x83, 0x6C, 0x20, 0x89, // 0x4A30
		0x62, 0x98, 0x81, 0xB8, 0xE0, 0xB8, 0x12, 0x11,
		0xFF, 0xE3, 0xB1, 0xDE, 0x80, 0x30, 0x05, 0x40, // 0x4A40
		0x00, 0xE0, 0xFD, 0x0D, 0x04, 0x30, 0x00, 0xE0,
		0x5C, 0x0E, 0x53, 0x6C, 0x1B, 0x6C, 0xFF, 0xE3, // 0x4A50
		0x5E, 0xFF, 0x00, 0x30, 0xFF, 0xE3, 0x6C, 0xE1,
		0x03, 0x14, 0x94, 0x14, 0xFF, 0x34, 0xDD, 0x07, // 0x4A60
		0xD2, 0x14, 0x21, 0x14, 0x67, 0x11, 0x28, 0x11,
		0x40, 0x93, 0x84, 0x68, 0x40, 0xB3, 0x27, 0x11, // 0x4A70
		0x43, 0x93, 0x84, 0x68, 0x43, 0xB3, 0x9B, 0x10,
		0xB7, 0x10, 0x43, 0x93, 0x97, 0x3A, 0x43, 0xB3, // 0x4A80
		0x6F, 0x10, 0x44, 0x93, 0x82, 0x3A, 0x8A, 0x3A,
		0x44, 0xB3, 0x4A, 0x93, 0x88, 0x3A, 0x4A, 0xB3, // 0x4A90
		0x51, 0x93, 0x88, 0x3A, 0x51, 0xB3, 0x58, 0x93,
		0x88, 0x3A, 0x58, 0xB3, 0x5F, 0x93, 0x88, 0x3A, // 0x4AA0
		0x5F, 0xB3, 0xFF, 0xE3, 0x21, 0xFE, 0x26, 0x84,
		0x65, 0xD8, 0xD1, 0x00, 0x4C, 0x64, 0x2F, 0x0C, // 0x4AB0
		0x4E, 0x10, 0x60, 0x92, 0x87, 0x3B, 0x60, 0xB2,
		0x01, 0x14, 0x92, 0x14, 0x00, 0xD0, 0x01, 0x40, // 0x4AC0
		0x08, 0x02, 0x00, 0x20, 0xBA, 0x47, 0x00, 0x00,
		0xD6, 0x7A, 0x00, 0x00, 0xDF, 0x7A, 0x00, 0x00, // 0x4AD0
		0x1A, 0x7C, 0x00, 0x00, 0x00, 0x00, 0x00, 0x20,
		0x74, 0x7D, 0x00, 0x00, 0xA0, 0x86, 0x01, 0x00, // 0x4AE0
		0x00, 0x02, 0x00, 0x20, 0x40, 0x04, 0x00, 0x20,
		0x00, 0x30, 0x00, 0x40, 0x40, 0x01, 0x00, 0x20, // 0x4AF0
		0xA0, 0x68, 0x06, 0x00, 0xD0, 0x04, 0x00, 0x20,
		0xE3, 0x7A, 0x00, 0x00, 0xFE, 0x7A, 0x00, 0x00, // 0x4B00
		0x00, 0x30, 0x01, 0x40, 0xDB, 0xAE, 0xFF, 0xFF,
		0xBF, 0xEF, 0xFF, 0xF7, 0x04, 0x29, 0x02, 0x8C, // 0x4B10
		0x44, 0x74, 0x26, 0xA4, 0xFF, 0xE3, 0xFB, 0xFE,
		0x19, 0x33, 0x60, 0xB8, 0x60, 0x98, 0x43, 0x5B, // 0x4B20
		0x40, 0x3B, 0x40, 0xB8, 0xC1, 0x0F, 0x03, 0x6C,
		0xFA, 0x07, 0xD4, 0x14, 0x2D, 0x14, 0x01, 0x30, // 0x4B30
		0xBD, 0x00, 0x00, 0xE0, 0xEC, 0x0D, 0x00, 0x33,
		0x9E, 0x00, 0x28, 0x32, 0x65, 0xDC, 0xB2, 0x02, // 0x4B40
		0x65, 0xDC, 0xB5, 0x02, 0x20, 0x01, 0x7F, 0x00,
		0x03, 0x18, 0x60, 0x93, 0x65, 0xDC, 0xB1, 0x20, // 0x4B50
		0x00, 0x33, 0xC1, 0x01, 0x64, 0xDC, 0x44, 0x20,
		0x05, 0x33, 0x64, 0xDC, 0xA1, 0x01, 0x00, 0xE0, // 0x4B60
		0x75, 0x17, 0x63, 0x95, 0x63, 0xE4, 0x02, 0x20,
		0x40, 0x3B, 0x5F, 0x0C, 0x42, 0x8E, 0x64, 0xD8, // 0x4B70
		0x6B, 0x10, 0x8C, 0x64, 0x60, 0x08, 0x04, 0x30,
		0x00, 0xE0, 0xC3, 0x0D, 0x00, 0x30, 0xFF, 0xE3, // 0x4B80
		0xD7, 0xE0, 0x80, 0x30, 0x05, 0x40, 0x00, 0xE0,
		0x5A, 0x0D, 0x0A, 0x33, 0xE2, 0x8E, 0x00, 0x36, // 0x4B90
		0x64, 0xDC, 0xD1, 0x00, 0x03, 0x1B, 0x40, 0x8B,
		0x9C, 0x64, 0x04, 0x0C, 0x41, 0x8B, 0xC8, 0x65, // 0x4BA0
		0x06, 0x08, 0x00, 0x26, 0x98, 0x75, 0x07, 0x23,
		0x44, 0x3E, 0xF6, 0x0B, 0x03, 0x46, 0x03, 0x1A, // 0x4BB0
		0x80, 0x60, 0x60, 0x8A, 0x21, 0x8A, 0xDC, 0x64,
		0x49, 0x0C, 0xC4, 0x65, 0x87, 0x6C, 0x47, 0xC4, // 0x4BC0
		0x40, 0x0C, 0x8E, 0x60, 0x42, 0xB8, 0x03, 0x1A,
		0x08, 0x60, 0x43, 0x88, 0x02, 0x88, 0x41, 0xB8, // 0x4BD0
		0x0A, 0x60, 0x42, 0x98, 0x08, 0x7C, 0x4E, 0x60,
		0x00, 0xE0, 0xB2, 0x17, 0x02, 0xEA, 0x21, 0x01, // 0x4BE0
		0x61, 0x98, 0x45, 0xDC, 0x53, 0x11, 0xB5, 0x32,
		0x5F, 0x6C, 0x0C, 0x60, 0xC0, 0xB8, 0xC0, 0x74, // 0x4BF0
		0x43, 0x42, 0x08, 0x02, 0xC8, 0x02, 0x64, 0xDC,
		0xC2, 0x00, 0xFF, 0xE3, 0xD0, 0xDD, 0x49, 0x02, // 0x4C00
		0x09, 0x02, 0x60, 0x92, 0x63, 0xEC, 0x80, 0x00,
		0x60, 0xB2, 0xFF, 0xE3, 0xC8, 0xDD, 0x24, 0xD8, // 0x4C10
		0xD1, 0x00, 0x05, 0xD8, 0x53, 0x11, 0xFF, 0xE3,
		0x7A, 0xFE, 0x66, 0x86, 0x24, 0xD8, 0xC2, 0x00, // 0x4C20
		0x4C, 0x64, 0x16, 0x0C, 0x0D, 0x14, 0x94, 0x14,
		0x64, 0xD8, 0xD4, 0x00, 0x63, 0xE4, 0x01, 0x20, // 0x4C30
		0x40, 0x3B, 0xA2, 0x0B, 0x04, 0x30, 0x00, 0xE0,
		0x6A, 0x0D, 0x01, 0x30, 0xFF, 0xE3, 0x78, 0xE0, // 0x4C40
		0x80, 0x30, 0x05, 0x40, 0x00, 0xE0, 0xF3, 0x0C,
		0xA1, 0x07, 0x00, 0x32, 0xBC, 0x07, 0x04, 0x23, // 0x4C50
		0xC5, 0x64, 0x61, 0xC4, 0x40, 0x0C, 0x4C, 0x74,
		0x05, 0xD8, 0x53, 0x11, 0x26, 0xA6, 0xFF, 0xE3, // 0x4C60
		0x56, 0xFE, 0x19, 0x33, 0x63, 0xB8, 0x63, 0x98,
		0x43, 0x5B, 0x40, 0x3B, 0x43, 0xB8, 0xD6, 0x0F, // 0x4C70
		0x03, 0x6C, 0xFA, 0x07, 0xC3, 0x14, 0x00, 0x32,
		0xAC, 0x03, 0x26, 0x03, 0x7C, 0x34, 0xC0, 0x95, // 0x4C80
		0x82, 0xC4, 0x23, 0x84, 0x00, 0x22, 0x46, 0x3A,
		0xC4, 0x60, 0xC2, 0xB3, 0x03, 0xB3, 0xF8, 0x0B, // 0x4C90
		0x83, 0x14, 0xD4, 0x14, 0x24, 0x14, 0x8D, 0x03,
		0xF7, 0x03, 0x00, 0x36, 0x67, 0xE4, 0x13, 0x00, // 0x4CA0
		0x80, 0xB8, 0x63, 0xB8, 0x7C, 0x32, 0x60, 0x98,
		0x98, 0x7C, 0x8C, 0x60, 0x20, 0x92, 0x61, 0x92, // 0x4CB0
		0xC6, 0x64, 0x27, 0x0C, 0x3E, 0x33, 0x20, 0x92,
		0xD8, 0x7C, 0xC4, 0x60, 0x20, 0x98, 0x09, 0x23, // 0x4CC0
		0x61, 0x43, 0xC4, 0x60, 0x20, 0x8B, 0x60, 0x92,
		0x00, 0x23, 0x63, 0xE4, 0x1F, 0x20, 0x60, 0xB2, // 0x4CD0
		0x61, 0xE4, 0x7C, 0x10, 0x03, 0xEB, 0xF9, 0x00,
		0x14, 0x0D, 0x21, 0xE4, 0x76, 0x11, 0x01, 0xEB, // 0x4CE0
		0x77, 0x01, 0x1B, 0x0D, 0x00, 0x33, 0x64, 0xDC,
		0x74, 0x00, 0x00, 0x33, 0x5E, 0x04, 0x0F, 0x0C, // 0x4CF0
		0x64, 0xD8, 0x74, 0x00, 0x00, 0x23, 0xCC, 0x74,
		0x04, 0x3B, 0x0B, 0x08, 0x64, 0xDC, 0x74, 0x00, // 0x4D00
		0x00, 0x26, 0x46, 0x3E, 0x7B, 0x24, 0xCF, 0x0B,
		0x04, 0x14, 0x94, 0x14, 0x00, 0x33, 0xF7, 0x07, // 0x4D10
		0x00, 0x33, 0x64, 0xDC, 0x74, 0x00, 0x64, 0xDC,
		0x78, 0x00, 0x64, 0xDC, 0x7A, 0x00, 0x01, 0x33, // 0x4D20
		0x44, 0x04, 0xEF, 0x0B, 0x64, 0xDC, 0x75, 0x00,
		0x64, 0xDC, 0x76, 0x00, 0x64, 0xDC, 0x77, 0x00, // 0x4D30
		0x64, 0xDC, 0x79, 0x00, 0x04, 0x32, 0x02, 0x33,
		0x64, 0xB4, 0x67, 0xD8, 0xB0, 0x02, 0x01, 0x2B, // 0x4D40
		0xC8, 0x64, 0x0B, 0x0C, 0x60, 0x13, 0x20, 0x98,
		0x40, 0x93, 0x7C, 0x33, 0xD8, 0x7C, 0xC4, 0x60, // 0x4D50
		0x42, 0xB3, 0x07, 0x32, 0x43, 0xB3, 0xD5, 0x07,
		0x00, 0xEA, 0xDC, 0x05, 0xFF, 0xE3, 0x8C, 0xFF, // 0x4D60
		0xD0, 0x07, 0x64, 0xD8, 0x75, 0x00, 0x03, 0x0C,
		0x40, 0x3B, 0x21, 0x0C, 0x40, 0x3B, 0x44, 0xD8, // 0x4D70
		0x76, 0x00, 0x10, 0x0C, 0x00, 0x33, 0x24, 0xD8,
		0x77, 0x00, 0x64, 0xDC, 0x75, 0x00, 0x01, 0x33, // 0x4D80
		0xC8, 0x70, 0xC4, 0x6C, 0x64, 0xDC, 0x77, 0x00,
		0x64, 0xD8, 0x79, 0x00, 0x00, 0x23, 0x64, 0xDC, // 0x4D90
		0x79, 0x00, 0x00, 0x22, 0x44, 0xDC, 0x76, 0x00,
		0x64, 0xD8, 0x76, 0x00, 0x48, 0x3B, 0xB1, 0x0B, // 0x4DA0
		0x00, 0x33, 0x64, 0xDC, 0x76, 0x00, 0x03, 0x33,
		0x64, 0xB4, 0xAB, 0x07, 0x01, 0x33, 0x64, 0xDC, // 0x4DB0
		0x75, 0x00, 0xF3, 0x07, 0x64, 0xD8, 0x75, 0x00,
		0x03, 0x0C, 0x40, 0x3B, 0x9E, 0x0C, 0x40, 0x3B, // 0x4DC0
		0x09, 0x0C, 0x00, 0x33, 0x64, 0xDC, 0x75, 0x00,
		0x64, 0xD8, 0x79, 0x00, 0x00, 0x23, 0x64, 0xDC, // 0x4DD0
		0x79, 0x00, 0x64, 0xD8, 0x79, 0x00, 0x63, 0xE4,
		0x01, 0x20, 0x40, 0x3B, 0x5F, 0x0C, 0xA4, 0xD8, // 0x4DE0
		0x78, 0x00, 0x04, 0x33, 0x1F, 0x3D, 0x64, 0xB4,
		0x51, 0x08, 0x40, 0x3D, 0x24, 0xD8, 0x77, 0x00, // 0x4DF0
		0x09, 0x08, 0x07, 0x6C, 0x21, 0xB8, 0xFF, 0xE3,
		0xBC, 0xDC, 0x01, 0x20, 0x04, 0xDC, 0x7B, 0x00, // 0x4E00
		0x21, 0x98, 0x42, 0x5D, 0xC8, 0x74, 0x40, 0x98,
		0x61, 0xB8, 0x6E, 0xD8, 0x04, 0x00, 0x64, 0xDC, // 0x4E10
		0x78, 0x00, 0x7C, 0x33, 0xD8, 0x7C, 0xC8, 0x60,
		0x4C, 0x61, 0x25, 0xDC, 0x54, 0x00, 0x41, 0x98, // 0x4E20
		0x64, 0xD8, 0x7A, 0x00, 0x62, 0xB8, 0xC5, 0x6C,
		0x64, 0xDC, 0x7A, 0x00, 0x64, 0xD8, 0x7B, 0x00, // 0x4E30
		0x8E, 0x64, 0x2C, 0x08, 0x64, 0x11, 0x40, 0x98,
		0x60, 0x93, 0x62, 0xDC, 0xBA, 0x20, 0x01, 0x33, // 0x4E40
		0x2C, 0x32, 0x8C, 0x7C, 0x07, 0x11, 0x80, 0x60,
		0x40, 0x8A, 0xA3, 0x5B, 0x40, 0x3A, 0x22, 0x08, // 0x4E50
		0x2C, 0x33, 0x01, 0x32, 0x4C, 0x7D, 0x74, 0x5F,
		0x4E, 0xAB, 0x42, 0x98, 0x2F, 0x20, 0x86, 0x64, // 0x4E60
		0x83, 0x64, 0x62, 0xB8, 0x4F, 0xAB, 0x41, 0x98,
		0x24, 0xE4, 0x53, 0x00, 0x14, 0x60, 0xFF, 0xE3, // 0x4E70
		0xED, 0xDF, 0x46, 0x97, 0x7C, 0x10, 0x23, 0x98,
		0x4C, 0x61, 0x62, 0x98, 0xA6, 0xB7, 0x30, 0xB3, // 0x4E80
		0x51, 0xB3, 0xA0, 0xB2, 0x08, 0x30, 0x00, 0xE0,
		0x42, 0x0C, 0x00, 0x33, 0x64, 0xDC, 0x79, 0x00, // 0x4E90
		0x38, 0x07, 0x00, 0x23, 0x47, 0x3B, 0xD5, 0x0B,
		0xF6, 0x07, 0x00, 0x33, 0x64, 0xB4, 0xF6, 0x07, // 0x4EA0
		0x64, 0xD8, 0x75, 0x00, 0x03, 0x0C, 0x40, 0x3B,
		0x28, 0x0C, 0x40, 0x3B, 0x00, 0x33, 0x1D, 0x0C, // 0x4EB0
		0x64, 0xDC, 0x75, 0x00, 0x35, 0x07, 0x00, 0x00,
		0x08, 0x02, 0x00, 0x20, 0x00, 0x00, 0x00, 0x20, // 0x4EC0
		0x84, 0x7D, 0x00, 0x00, 0xF0, 0x04, 0x00, 0x20,
		0xD0, 0x04, 0x00, 0x20, 0x19, 0x7B, 0x00, 0x00, // 0x4ED0
		0x00, 0x02, 0x00, 0x20, 0x00, 0x30, 0x00, 0x40,
		0x34, 0x7B, 0x00, 0x00, 0xDC, 0x05, 0x00, 0x20, // 0x4EE0
		0xF8, 0x01, 0x00, 0x20, 0x48, 0x02, 0x00, 0x20,
		0x64, 0xDC, 0x76, 0x00, 0x64, 0xDC, 0x77, 0x00, // 0x4EF0
		0x64, 0xDC, 0x79, 0x00, 0x02, 0x33, 0x59, 0x07,
		0x01, 0x33, 0x64, 0xDC, 0x75, 0x00, 0x01, 0x07, // 0x4F00
		0x01, 0x33, 0x04, 0x94, 0x04, 0x38, 0xFD, 0x0A,
		0x40, 0x3B, 0x00, 0xE0, 0x87, 0x17, 0xF0, 0xFE, // 0x4F10
		0x0A, 0xFF, 0x2A, 0xFF, 0x53, 0xFF, 0xC9, 0xFF,
		0x00, 0x33, 0xF4, 0x07, 0xC2, 0x14, 0x7C, 0x32, // 0x4F20
		0x9B, 0x13, 0x80, 0x7C, 0x3E, 0x35, 0x90, 0x60,
		0x61, 0x92, 0x14, 0x7C, 0x0C, 0x60, 0x60, 0xE4, // 0x4F30
		0x09, 0x00, 0x01, 0x43, 0x61, 0x92, 0x10, 0x60,
		0x00, 0x23, 0x63, 0xE4, 0x1F, 0x20, 0x20, 0xA8, // 0x4F40
		0x61, 0xB2, 0x82, 0x14, 0xD3, 0x14, 0x03, 0x6D,
		0xA0, 0x80, 0x17, 0x6C, 0xFF, 0xE3, 0x11, 0xDC, // 0x4F50
		0x83, 0x6D, 0x57, 0x6C, 0x0F, 0x13, 0x01, 0x26,
		0xA2, 0x5C, 0xFF, 0xE3, 0x20, 0xDC, 0x18, 0x61, // 0x4F60
		0xCD, 0x13, 0x16, 0x65, 0x05, 0x08, 0x0D, 0x13,
		0xFF, 0xE3, 0x19, 0xDC, 0x93, 0x14, 0x20, 0x85, // 0x4F70
		0x1B, 0x6C, 0x00, 0x25, 0xFF, 0xE3, 0x13, 0xDC,
		0xF5, 0x07, 0xD4, 0x14, 0xC8, 0x13, 0xA9, 0x13, // 0x4F80
		0x20, 0x8E, 0x45, 0xD8, 0x4A, 0x10, 0x88, 0x13,
		0x84, 0x64, 0x75, 0x0C, 0x00, 0x33, 0x64, 0xDC, // 0x4F90
		0x5D, 0x00, 0x65, 0xD8, 0x8C, 0x00, 0x43, 0xE4,
		0x01, 0x20, 0x40, 0x3A, 0x79, 0x0C, 0x43, 0xE4, // 0x4FA0
		0x02, 0x20, 0x00, 0x30, 0x40, 0x3A, 0x03, 0x32,
		0x02, 0xC4, 0x40, 0x0C, 0x43, 0xE4, 0x04, 0x20, // 0x4FB0
		0x40, 0x3A, 0x03, 0x0C, 0x00, 0xEC, 0x0C, 0x00,
		0x63, 0xE4, 0x08, 0x20, 0x40, 0x3B, 0x03, 0x0C, // 0x4FC0
		0x00, 0xEC, 0x60, 0x00, 0xFF, 0xE3, 0xCA, 0xDE,
		0x65, 0xD8, 0x8C, 0x00, 0x23, 0xE4, 0xF1, 0x20, // 0x4FD0
		0x76, 0x12, 0x02, 0x30, 0x41, 0x93, 0x62, 0xE4,
		0x03, 0x20, 0x40, 0x3B, 0x60, 0xC4, 0x40, 0x0C, // 0x4FE0
		0x02, 0xE4, 0x0C, 0x20, 0x40, 0x38, 0x03, 0x0C,
		0x63, 0xEC, 0x04, 0x00, 0x42, 0xE4, 0x60, 0x20, // 0x4FF0
		0x40, 0x3A, 0x03, 0x0C, 0x63, 0xEC, 0x08, 0x00,
		0xC4, 0x6C, 0x80, 0x32, 0x65, 0xDC, 0x8C, 0x00, // 0x5000
		0x46, 0x42, 0x63, 0x94, 0xC8, 0x68, 0x40, 0x3B,
		0x06, 0x08, 0x63, 0x94, 0x63, 0xE4, 0x00, 0x21, // 0x5010
		0x40, 0x3B, 0x07, 0x0C, 0x64, 0x33, 0x64, 0x30,
		0x64, 0xDC, 0x5D, 0x00, 0xFF, 0xE3, 0x7C, 0xDD, // 0x5020
		0xC4, 0xD8, 0x24, 0x00, 0x1B, 0x6C, 0xFF, 0xE3,
		0xA4, 0xDB, 0x40, 0x75, 0x3E, 0x11, 0x00, 0x30, // 0x5030
		0x00, 0x33, 0x42, 0x5D, 0x00, 0x2B, 0x00, 0x2A,
		0xCA, 0x64, 0x00, 0x21, 0x64, 0x08, 0x74, 0x5C, // 0x5040
		0x03, 0xDC, 0x25, 0x00, 0x01, 0x30, 0xC4, 0xDC,
		0x59, 0x00, 0x00, 0xE0, 0x60, 0x0B, 0x00, 0x33, // 0x5050
		0x03, 0x32, 0x67, 0xB4, 0x75, 0x11, 0x01, 0x25,
		0xA6, 0xB4, 0x45, 0xB3, 0x40, 0x93, 0x42, 0xEC, // 0x5060
		0x03, 0x00, 0x40, 0xB3, 0x0C, 0x32, 0x43, 0xB3,
		0x00, 0xE0, 0xBA, 0x05, 0x10, 0x11, 0xFF, 0xE3, // 0x5070
		0x6B, 0xFF, 0x94, 0x14, 0x64, 0xD8, 0x5D, 0x00,
		0x86, 0x60, 0xCA, 0x60, 0xDF, 0x3B, 0x03, 0x0C, // 0x5080
		0x00, 0x30, 0x6D, 0x58, 0x2A, 0x3B, 0x86, 0x0B,
		0x44, 0xDC, 0x5D, 0x00, 0x83, 0x07, 0x01, 0xEB, // 0x5090
		0xC7, 0x00, 0x19, 0x08, 0x62, 0x8E, 0x03, 0xEB,
		0x57, 0x1B, 0x0E, 0x08, 0x3C, 0x33, 0x64, 0xDC, // 0x50A0
		0x5D, 0x00, 0x04, 0xD8, 0x5D, 0x00, 0xFF, 0xE3,
		0x37, 0xDD, 0x64, 0xD8, 0x54, 0x00, 0x0A, 0x3B, // 0x50B0
		0x0C, 0x08, 0x0C, 0x30, 0x88, 0x07, 0x03, 0xEB,
		0xC7, 0x32, 0x03, 0x08, 0x32, 0x33, 0xF0, 0x07, // 0x50C0
		0x1E, 0x33, 0xEE, 0x07, 0x00, 0x33, 0xEC, 0x07,
		0x61, 0x8E, 0x03, 0xEB, 0x27, 0x23, 0x12, 0x08, // 0x50D0
		0x60, 0x8E, 0x03, 0xEB, 0xDB, 0x05, 0x12, 0x08,
		0x0F, 0x30, 0xFF, 0xE3, 0x3F, 0xDE, 0x63, 0x94, // 0x50E0
		0x63, 0xE4, 0x00, 0x21, 0x40, 0x3B, 0x71, 0x0F,
		0x80, 0x30, 0x04, 0x40, 0x6C, 0x07, 0x03, 0x30, // 0x50F0
		0xF5, 0x07, 0x03, 0xEB, 0x97, 0x3A, 0xFC, 0x0B,
		0x60, 0x8E, 0x03, 0xEB, 0xB7, 0x0B, 0xF8, 0x0B, // 0x5100
		0x0C, 0x30, 0xEC, 0x07, 0xE1, 0xD8, 0x23, 0x00,
		0x1D, 0x6C, 0x96, 0x07, 0xDC, 0x05, 0x00, 0x20, // 0x5110
		0x42, 0x7B, 0x00, 0x00, 0xDF, 0x7A, 0x00, 0x00,
		0x1A, 0x7C, 0x00, 0x00, 0xD0, 0x04, 0x00, 0x20, // 0x5120
		0x00, 0x00, 0x00, 0x20, 0x08, 0x02, 0x00, 0x20,
		0x00, 0xC0, 0x01, 0x40, 0x2C, 0x02, 0x00, 0x20, // 0x5130
		0xD4, 0x14, 0x22, 0x14, 0x80, 0x01, 0x64, 0xD8,
		0x45, 0x20, 0x43, 0xE4, 0x01, 0x20, 0x40, 0x3A, // 0x5140
		0x46, 0x0D, 0x63, 0xE4, 0x00, 0x21, 0x40, 0x3B,
		0x80, 0x33, 0x6C, 0x43, 0x51, 0x0D, 0x44, 0xD8, // 0x5150
		0x40, 0x20, 0x8C, 0x68, 0x40, 0x3A, 0x4C, 0x09,
		0xC8, 0x01, 0xA7, 0x01, 0x68, 0x96, 0x88, 0x3B, // 0x5160
		0x68, 0xB6, 0x01, 0x30, 0x62, 0x95, 0x87, 0x3B,
		0x62, 0xB5, 0xEA, 0x01, 0x00, 0xE0, 0x5F, 0x0A, // 0x5170
		0x02, 0x30, 0x00, 0xE0, 0x64, 0x0A, 0x62, 0x96,
		0x63, 0xEC, 0x80, 0x18, 0x62, 0xB6, 0x02, 0x30, // 0x5180
		0x00, 0xE0, 0x5D, 0x0A, 0x70, 0x01, 0x08, 0x32,
		0x16, 0x8C, 0x44, 0xB3, 0x5A, 0x8C, 0x43, 0xDC, // 0x5190
		0x26, 0x10, 0x53, 0x8C, 0x43, 0xDC, 0x28, 0x10,
		0x54, 0x8C, 0x43, 0xDC, 0x27, 0x10, 0x44, 0xD8, // 0x51A0
		0x84, 0x00, 0x43, 0xDC, 0x5E, 0x00, 0x44, 0xD8,
		0x94, 0x00, 0x43, 0xDC, 0x5D, 0x00, 0x00, 0x32, // 0x51B0
		0x43, 0xDC, 0x73, 0x00, 0x57, 0x8C, 0x60, 0x97,
		0x83, 0x3B, 0x84, 0x3B, 0x63, 0xEC, 0x10, 0x00, // 0x51C0
		0x40, 0xB8, 0x60, 0xB7, 0xFF, 0xE3, 0x90, 0xDC,
		0x40, 0x98, 0x0B, 0x6C, 0xFF, 0xE3, 0x71, 0xDC, // 0x51D0
		0x63, 0x96, 0x63, 0xEC, 0x02, 0x00, 0x63, 0xB6,
		0x01, 0x31, 0x61, 0x97, 0x63, 0xEC, 0x07, 0x00, // 0x51E0
		0x61, 0xB7, 0x0C, 0x30, 0xC7, 0x02, 0x00, 0xE0,
		0x8F, 0x12, 0x80, 0x33, 0x65, 0x43, 0x60, 0xB6, // 0x51F0
		0x69, 0x02, 0x30, 0x30, 0x44, 0x93, 0x80, 0x6C,
		0x44, 0xB3, 0xEA, 0x02, 0x48, 0x93, 0xFE, 0x31, // 0x5200
		0x40, 0xB8, 0x27, 0x41, 0x47, 0xD8, 0x25, 0x00,
		0x48, 0x42, 0x84, 0x68, 0x41, 0xB8, 0x40, 0x98, // 0x5210
		0x22, 0xC4, 0x41, 0x20, 0x41, 0x98, 0x48, 0x6C,
		0x28, 0xB3, 0x28, 0x93, 0x47, 0xD8, 0x24, 0x00, // 0x5220
		0x42, 0xE4, 0x7F, 0x20, 0x00, 0x37, 0x7F, 0x2F,
		0x5C, 0x68, 0x84, 0x6C, 0x48, 0xB3, 0x80, 0x37, // 0x5230
		0x43, 0x93, 0x97, 0x3A, 0x43, 0xB3, 0x20, 0x93,
		0x5C, 0x6C, 0x20, 0xB3, 0x01, 0x31, 0x43, 0x93, // 0x5240
		0x9C, 0x6C, 0x43, 0xB3, 0x44, 0x93, 0x08, 0x6C,
		0x04, 0xB3, 0x1C, 0x30, 0x00, 0xE0, 0x5C, 0x12, // 0x5250
		0x80, 0x33, 0x75, 0x43, 0x60, 0xB6, 0x04, 0xD8,
		0x4A, 0x10, 0xFF, 0xE3, 0x5D, 0xDC, 0x61, 0x95, // 0x5260
		0x43, 0x03, 0xC8, 0x68, 0x63, 0xEC, 0x00, 0x02,
		0x61, 0xB5, 0x42, 0xE4, 0xF8, 0x06, 0x61, 0x95, // 0x5270
		0xC8, 0x68, 0x61, 0xB5, 0x00, 0x32, 0x61, 0x95,
		0x38, 0x2A, 0xC8, 0x68, 0x61, 0xB5, 0x22, 0xEA, // 0x5280
		0x04, 0xFF, 0x61, 0x95, 0x00, 0x2A, 0xC8, 0x68,
		0xE0, 0x32, 0x4F, 0x42, 0xC8, 0x6C, 0x61, 0xB5, // 0x5290
		0x82, 0x32, 0x61, 0x95, 0x58, 0x42, 0x00, 0x2A,
		0xC8, 0x68, 0xE0, 0x32, 0x56, 0x42, 0xC8, 0x6C, // 0x52A0
		0x61, 0xB5, 0x12, 0x03, 0x61, 0x95, 0xB0, 0x3B,
		0xB8, 0x3B, 0x61, 0xB5, 0x60, 0x95, 0x60, 0xB5, // 0x52B0
		0x60, 0x95, 0x83, 0x3B, 0x84, 0x3B, 0x60, 0xB5,
		0x60, 0x95, 0x85, 0x3B, 0x86, 0x3B, 0x60, 0xB5, // 0x52C0
		0x61, 0x95, 0x86, 0x3B, 0x87, 0x3B, 0x61, 0xB5,
		0x61, 0x95, 0x63, 0xEC, 0x00, 0x40, 0x61, 0xB5, // 0x52D0
		0x60, 0x95, 0xB1, 0x3B, 0x60, 0xB5, 0x61, 0x95,
		0x8F, 0x3B, 0x61, 0xB5, 0x60, 0x95, 0x91, 0x3B, // 0x52E0
		0x60, 0xB5, 0x01, 0x33, 0xBD, 0x13, 0x64, 0xDC,
		0x8D, 0x01, 0xFF, 0xE3, 0x58, 0xDA, 0x7C, 0x13, // 0x52F0
		0x03, 0x31, 0x41, 0x93, 0x89, 0x3A, 0x41, 0xB3,
		0x07, 0x30, 0x41, 0x93, 0x42, 0xEC, 0x00, 0x01, // 0x5300
		0x41, 0xB3, 0x00, 0xE0, 0x01, 0x12, 0x80, 0x33,
		0x0F, 0x30, 0x60, 0xB6, 0xFF, 0xE3, 0x26, 0xDD, // 0x5310
		0x74, 0x13, 0x24, 0xD8, 0x44, 0x10, 0x62, 0x8B,
		0x45, 0x74, 0x03, 0xEB, 0xB8, 0x0B, 0x5E, 0x0C, // 0x5320
		0x11, 0x13, 0xFF, 0xE3, 0xCA, 0xD8, 0x00, 0x30,
		0xFF, 0xE3, 0x19, 0xDC, 0x6F, 0x13, 0x55, 0x32, // 0x5330
		0x0F, 0x13, 0xC0, 0xC7, 0x21, 0x50, 0x40, 0xB3,
		0x4E, 0x13, 0x02, 0x29, 0x60, 0x92, 0x63, 0xEC, // 0x5340
		0x00, 0x01, 0x60, 0xB2, 0x4C, 0x13, 0x64, 0xD8,
		0x41, 0x20, 0xC8, 0x6C, 0x64, 0xDC, 0x41, 0x20, // 0x5350
		0x00, 0x32, 0x6A, 0x13, 0x40, 0xB3, 0x6A, 0x13,
		0x40, 0xB3, 0x6A, 0x13, 0x40, 0xA3, 0x01, 0x32, // 0x5360
		0x69, 0x13, 0x40, 0xB3, 0x00, 0x32, 0x69, 0x13,
		0x40, 0xB3, 0x69, 0x13, 0x40, 0xA3, 0x00, 0x32, // 0x5370
		0x68, 0x13, 0x40, 0xB3, 0x00, 0x33, 0x64, 0xDC,
		0x75, 0x20, 0x67, 0x13, 0x40, 0xB3, 0x60, 0x95, // 0x5380
		0x66, 0x13, 0x40, 0xB3, 0x66, 0x13, 0x40, 0xB3,
		0x4B, 0x12, 0x62, 0x92, 0x63, 0xEC, 0x02, 0x00, // 0x5390
		0x62, 0xB2, 0x64, 0x13, 0x00, 0x32, 0x40, 0xB3,
		0x40, 0x93, 0xBD, 0x3A, 0x40, 0xB3, 0x02, 0xEA, // 0x53A0
		0xCF, 0x07, 0x42, 0xB3, 0x02, 0xEA, 0xE7, 0x03,
		0x43, 0xB3, 0x40, 0x93, 0xBF, 0x3A, 0x40, 0xB3, // 0x53B0
		0x40, 0x93, 0xB6, 0x3A, 0x40, 0xB3, 0x00, 0x33,
		0x63, 0xB5, 0xFF, 0xE3, 0x7E, 0xD8, 0x1A, 0x12, // 0x53C0
		0x0A, 0x31, 0xFF, 0xE3, 0x7A, 0xD8, 0x19, 0x12,
		0xFF, 0xE3, 0xE9, 0xD9, 0x64, 0xD8, 0x40, 0x20, // 0x53D0
		0xDF, 0x3B, 0x40, 0xE8, 0x20, 0x02, 0x00, 0xE0,
		0x46, 0x08, 0x60, 0x95, 0x00, 0x23, 0x4C, 0x64, // 0x53E0
		0x05, 0x08, 0x60, 0x95, 0x4E, 0x60, 0x00, 0x29,
		0x9C, 0x07, 0x00, 0x31, 0x9A, 0x07, 0x44, 0xD8, // 0x53F0
		0x40, 0x20, 0xC8, 0x68, 0x40, 0x3B, 0xEB, 0x0F,
		0xAF, 0x11, 0x01, 0x30, 0x68, 0x95, 0x88, 0x3B, // 0x5400
		0x68, 0xB5, 0x93, 0x3A, 0x44, 0xDC, 0x40, 0x20,
		0x00, 0xE0, 0x11, 0x09, 0x04, 0x30, 0xCD, 0x11, // 0x5410
		0x00, 0xE0, 0x15, 0x09, 0x62, 0x95, 0x63, 0xEC,
		0x09, 0x41, 0x62, 0xB5, 0x0C, 0x30, 0x66, 0xE4, // 0x5420
		0x13, 0x00, 0x65, 0xB6, 0x66, 0xB6, 0x66, 0xE4,
		0x23, 0x01, 0x66, 0xDC, 0x49, 0x20, 0x66, 0xDC, // 0x5430
		0x4A, 0x20, 0xBF, 0x11, 0x00, 0xE0, 0x03, 0x09,
		0x1E, 0x33, 0x1E, 0x11, 0x66, 0xDC, 0x55, 0x11, // 0x5440
		0x24, 0xD8, 0x60, 0x10, 0x00, 0x21, 0x00, 0xE0,
		0x7B, 0x13, 0x24, 0xD8, 0x51, 0x10, 0x06, 0xDC, // 0x5450
		0x53, 0x11, 0x18, 0x11, 0x00, 0x21, 0x00, 0xE0,
		0x73, 0x13, 0x24, 0xD8, 0x50, 0x10, 0x00, 0xAD, // 0x5460
		0x14, 0x11, 0x00, 0x21, 0x00, 0xE0, 0x6C, 0x13,
		0x64, 0xD8, 0xD1, 0x00, 0x01, 0xAD, 0x66, 0xDC, // 0x5470
		0xB6, 0x02, 0x64, 0xD8, 0x56, 0x10, 0x02, 0x30,
		0x66, 0xDC, 0x51, 0x11, 0x64, 0xD8, 0x54, 0x10, // 0x5480
		0x01, 0x35, 0x66, 0xDC, 0x52, 0x11, 0x64, 0xD8,
		0x55, 0x10, 0x66, 0xDC, 0x50, 0x11, 0x64, 0xD8, // 0x5490
		0x57, 0x10, 0x66, 0xDC, 0x4F, 0x11, 0x64, 0xD8,
		0x52, 0x10, 0x66, 0xDC, 0x4E, 0x11, 0x64, 0xD8, // 0x54A0
		0xB4, 0x00, 0x66, 0xDC, 0xB7, 0x02, 0x68, 0x8C,
		0x64, 0xDC, 0xE2, 0x10, 0x44, 0x04, 0x00, 0x00, // 0x54B0
		0x00, 0x00, 0x00, 0x20, 0x00, 0xD0, 0x00, 0x40,
		0x00, 0x40, 0x01, 0x40, 0x00, 0x50, 0x01, 0x40, // 0x54C0
		0x08, 0x02, 0x00, 0x20, 0x00, 0xE1, 0x00, 0xE0,
		0x00, 0x30, 0x01, 0x40, 0x30, 0x00, 0x01, 0x50, // 0x54D0
		0xFF, 0xF8, 0xFF, 0xFF, 0x7C, 0x7C, 0x00, 0x00,
		0xF0, 0x04, 0x00, 0x20, 0x00, 0xC0, 0x01, 0x40, // 0x54E0
		0xD0, 0x04, 0x00, 0x20, 0x86, 0x0C, 0x00, 0x00,
		0x00, 0x20, 0x01, 0x40, 0x00, 0x2F, 0x00, 0x00, // 0x54F0
		0x00, 0xB0, 0x01, 0x40, 0x67, 0x2E, 0xF8, 0x7D,
		0xF4, 0x0A, 0x00, 0x20, 0xD0, 0x05, 0x00, 0x20, // 0x5500
		0xD4, 0x05, 0x00, 0x20, 0xD8, 0x05, 0x00, 0x20,
		0xC8, 0x05, 0x00, 0x20, 0xCC, 0x05, 0x00, 0x20, // 0x5510
		0xF8, 0x0A, 0x00, 0x20, 0xC0, 0x05, 0x00, 0x20,
		0xC4, 0x05, 0x00, 0x20, 0x20, 0x0B, 0x00, 0x20, // 0x5520
		0x00, 0x10, 0x00, 0x40, 0x04, 0x66, 0x00, 0x00,
		0x9B, 0x7C, 0x00, 0x00, 0x00, 0x02, 0x00, 0x20, // 0x5530
		0xA0, 0x68, 0x06, 0x00, 0x12, 0x33, 0x64, 0xDC,
		0xC6, 0x01, 0x00, 0xE0, 0xE8, 0x08, 0x01, 0x33, // 0x5540
		0xE4, 0xD8, 0x59, 0x10, 0x66, 0xDC, 0xAE, 0x20,
		0x03, 0xEA, 0xF3, 0x01, 0xCE, 0x6C, 0x04, 0xD8, // 0x5550
		0x58, 0x10, 0x66, 0xDC, 0x5F, 0x11, 0xDA, 0x01,
		0x60, 0x96, 0x83, 0x3B, 0x84, 0x3B, 0x63, 0xEC, // 0x5560
		0x10, 0x00, 0x60, 0xB6, 0xFF, 0xE3, 0xC0, 0xDA,
		0x1F, 0x6C, 0xFE, 0x01, 0xFF, 0xE3, 0xA1, 0xDA, // 0x5570
		0x61, 0x96, 0x63, 0xEC, 0x03, 0x00, 0x61, 0xB6,
		0x01, 0x31, 0x0C, 0x30, 0xC2, 0x02, 0x00, 0xE0, // 0x5580
		0xC3, 0x10, 0x80, 0x33, 0x65, 0x43, 0x60, 0xB6,
		0x08, 0x30, 0xFF, 0xE3, 0x4C, 0xDC, 0x05, 0x02, // 0x5590
		0xFE, 0x32, 0x60, 0xD8, 0x25, 0x00, 0x28, 0x97,
		0x47, 0x42, 0x68, 0x43, 0x49, 0x68, 0xC8, 0x68, // 0x55A0
		0xC4, 0x6C, 0x41, 0xB8, 0x68, 0xB7, 0x00, 0x32,
		0x28, 0x97, 0x60, 0xD8, 0x24, 0x00, 0x7F, 0x2A, // 0x55B0
		0x63, 0xE4, 0x7F, 0x20, 0x48, 0x68, 0xC4, 0x6C,
		0x68, 0xB7, 0x1C, 0x30, 0x63, 0x97, 0x97, 0x3B, // 0x55C0
		0x63, 0xB7, 0x60, 0x97, 0x63, 0xEC, 0x84, 0x41,
		0x60, 0xB7, 0x80, 0x33, 0x23, 0x97, 0x4C, 0x6C, // 0x55D0
		0x60, 0xB8, 0x23, 0xB7, 0x01, 0x31, 0x00, 0xE0,
		0x97, 0x10, 0x80, 0x31, 0x35, 0x41, 0x20, 0xB6, // 0x55E0
		0x39, 0x02, 0x03, 0xEA, 0x37, 0xE1, 0x00, 0x91,
		0x14, 0x6C, 0x00, 0xB1, 0x01, 0x91, 0xB0, 0x38, // 0x55F0
		0x01, 0xB1, 0x62, 0xB1, 0x00, 0x33, 0x02, 0x91,
		0x0E, 0x2B, 0x0C, 0x68, 0x00, 0xEC, 0x06, 0x00, // 0x5600
		0x02, 0xB1, 0x60, 0x03, 0x02, 0x91, 0x0C, 0x68,
		0x00, 0xEC, 0x00, 0x08, 0x02, 0xB1, 0x02, 0x91, // 0x5610
		0x00, 0xEC, 0x00, 0x60, 0x02, 0xB1, 0x00, 0x91,
		0x83, 0x38, 0x84, 0x38, 0x00, 0xEC, 0x08, 0x00, // 0x5620
		0x00, 0xB1, 0x00, 0x91, 0x85, 0x38, 0x86, 0x38,
		0x00, 0xEC, 0x20, 0x00, 0x00, 0xB1, 0x03, 0x91, // 0x5630
		0x40, 0x6D, 0xA3, 0xB1, 0x1B, 0x30, 0x02, 0x31,
		0xAD, 0x03, 0x00, 0xE0, 0x65, 0x10, 0x80, 0x31, // 0x5640
		0x34, 0x41, 0x01, 0x30, 0x20, 0xB6, 0xFF, 0xE3,
		0x73, 0xDB, 0x22, 0x95, 0x21, 0xEC, 0x04, 0x00, // 0x5650
		0x22, 0xB5, 0xFF, 0xE3, 0x28, 0xDA, 0x24, 0x95,
		0xB7, 0x39, 0x24, 0xB5, 0x24, 0x95, 0xB6, 0x39, // 0x5660
		0x24, 0xB5, 0xFF, 0xE3, 0x20, 0xDA, 0x24, 0x95,
		0x94, 0x39, 0x95, 0x39, 0x24, 0xB5, 0x24, 0x95, // 0x5670
		0xB5, 0x39, 0x24, 0xB5, 0xFF, 0xE3, 0x17, 0xDA,
		0x24, 0x95, 0x92, 0x39, 0x93, 0x39, 0x24, 0xB5, // 0x5680
		0x24, 0x95, 0xB2, 0x39, 0xB3, 0x39, 0x24, 0xB5,
		0xFF, 0xE3, 0x0D, 0xDA, 0x24, 0x95, 0x7E, 0x13, // 0x5690
		0x4C, 0x68, 0x24, 0xB5, 0x24, 0x95, 0x21, 0xEC,
		0x00, 0x4E, 0x24, 0xB5, 0x24, 0x95, 0x21, 0xEC, // 0x56A0
		0x00, 0x80, 0x24, 0xB5, 0xFF, 0xE3, 0xFF, 0xD9,
		0x24, 0x95, 0x00, 0x33, 0xFC, 0x2B, 0x4C, 0x68, // 0x56B0
		0x24, 0xB5, 0x24, 0x95, 0x21, 0xEC, 0x9C, 0x00,
		0x24, 0xB5, 0xFF, 0xE3, 0xF4, 0xD9, 0x24, 0x95, // 0x56C0
		0x80, 0x39, 0x81, 0x39, 0x24, 0xB5, 0x24, 0x95,
		0x24, 0xB5, 0xFF, 0xE3, 0xEC, 0xD9, 0x03, 0xEA, // 0x56D0
		0x43, 0x61, 0x65, 0xB5, 0xFF, 0xE3, 0xE7, 0xD9,
		0x23, 0xEA, 0xFF, 0x1F, 0x66, 0xB5, 0xAB, 0x13, // 0x56E0
		0xFF, 0xE3, 0xE1, 0xD9, 0x20, 0x97, 0x21, 0xEC,
		0x80, 0x01, 0x20, 0xB7, 0x60, 0x98, 0x23, 0x97, // 0x56F0
		0xC4, 0x6C, 0x63, 0xB7, 0x46, 0x13, 0x67, 0x13,
		0xE7, 0x13, 0x40, 0xB3, 0x02, 0xEA, 0x03, 0x03, // 0x5700
		0x44, 0xB3, 0x02, 0xEA, 0x1E, 0x1E, 0x45, 0xB3,
		0x44, 0x13, 0x4A, 0xB3, 0x00, 0x32, 0x4B, 0xB3, // 0x5710
		0x43, 0x13, 0x51, 0xB3, 0x02, 0x32, 0x52, 0xB3,
		0x42, 0x13, 0x58, 0xB3, 0x04, 0x32, 0x59, 0xB3, // 0x5720
		0x41, 0x13, 0x5F, 0xB3, 0x06, 0x32, 0x43, 0xDC,
		0x20, 0x20, 0x02, 0xEA, 0x02, 0x02, 0x42, 0xB3, // 0x5730
		0x02, 0x32, 0x4E, 0xB3, 0x55, 0xB3, 0x5C, 0xB3,
		0x43, 0xDC, 0x23, 0x20, 0x23, 0x93, 0x21, 0xEC, // 0x5740
		0x02, 0x02, 0x23, 0xB3, 0x4C, 0xB3, 0x53, 0xB3,
		0x5A, 0xB3, 0x43, 0xDC, 0x21, 0x20, 0x00, 0x32, // 0x5750
		0x25, 0x93, 0x7F, 0x2A, 0x48, 0x68, 0x25, 0xB3,
		0x25, 0x93, 0x21, 0xEC, 0x64, 0x00, 0x25, 0xB3, // 0x5760
		0x25, 0x93, 0x41, 0x98, 0x41, 0xC4, 0x42, 0x20,
		0x45, 0xB3, 0x45, 0x93, 0x42, 0xEC, 0x00, 0x63, // 0x5770
		0x45, 0xB3, 0xFE, 0x32, 0x2A, 0x93, 0x4F, 0x42,
		0x49, 0x68, 0x2A, 0xB3, 0xF0, 0x31, 0x0A, 0x93, // 0x5780
		0x2D, 0x41, 0x04, 0x6C, 0x0A, 0xB3, 0x11, 0x93,
		0x09, 0x68, 0x11, 0xB3, 0x11, 0x93, 0x04, 0x6C, // 0x5790
		0x11, 0xB3, 0x18, 0x93, 0x09, 0x68, 0x18, 0xB3,
		0x18, 0x93, 0x04, 0x6C, 0x18, 0xB3, 0x1F, 0x93, // 0x57A0
		0x40, 0xC4, 0x42, 0x20, 0x5F, 0xB3, 0x04, 0x30,
		0x5F, 0x93, 0x48, 0x6C, 0x3F, 0xB3, 0xFA, 0x33, // 0x57B0
		0x62, 0x43, 0xE2, 0xB5, 0x64, 0xB5, 0xFA, 0x33,
		0x63, 0x43, 0xE2, 0xB5, 0x63, 0xB5, 0x01, 0x33, // 0x57C0
		0xE2, 0xB5, 0x01, 0x31, 0x65, 0xB5, 0x00, 0xE0,
		0x9F, 0x0F, 0x10, 0x33, 0xFE, 0x32, 0x60, 0xB6, // 0x57D0
		0x76, 0x11, 0xE2, 0xB5, 0x60, 0xB5, 0x06, 0x33,
		0xE2, 0xB5, 0x61, 0xB5, 0x4E, 0x42, 0x64, 0xD8, // 0x57E0
		0x41, 0x20, 0xC8, 0x6C, 0x64, 0xDC, 0x41, 0x20,
		0x02, 0x31, 0x51, 0x11, 0x71, 0x11, 0x0E, 0x30, // 0x57F0
		0x43, 0xB3, 0x00, 0xE0, 0x89, 0x0F, 0x80, 0x33,
		0x67, 0x43, 0x60, 0xB6, 0x64, 0x31, 0x0E, 0x11, // 0x5800
		0xFF, 0xE3, 0x5B, 0xD6, 0x0D, 0x11, 0x0A, 0x31,
		0xFF, 0xE3, 0x57, 0xD6, 0x0C, 0x11, 0x00, 0xE8, // 0x5810
		0xDD, 0xFD, 0xA4, 0xD8, 0x74, 0x20, 0x40, 0x3D,
		0x25, 0x0C, 0x00, 0x33, 0x57, 0x6C, 0x09, 0x11, // 0x5820
		0xA5, 0xE4, 0x02, 0x20, 0x64, 0xDC, 0x74, 0x20,
		0xFF, 0xE3, 0xB9, 0xD7, 0x40, 0x3D, 0x1A, 0x0C, // 0x5830
		0x05, 0x11, 0xFF, 0xE3, 0xB4, 0xD7, 0x6D, 0x10,
		0xE1, 0x32, 0x47, 0x42, 0x40, 0xB3, 0x40, 0x93, // 0x5840
		0x42, 0xEC, 0x00, 0x80, 0x40, 0xB3, 0x41, 0x11,
		0x60, 0x92, 0x63, 0xEC, 0x08, 0x00, 0x60, 0xB2, // 0x5850
		0x7F, 0x10, 0x04, 0x32, 0x43, 0xB3, 0x80, 0xC1,
		0x20, 0x70, 0x00, 0xC0, 0x20, 0x48, 0x80, 0xC1, // 0x5860
		0x20, 0x74, 0x02, 0x14, 0x94, 0x14, 0x00, 0x00,
		0x00, 0x50, 0x01, 0x40, 0x00, 0x30, 0x01, 0x40, // 0x5870
		0x00, 0xE1, 0x00, 0xE0, 0x30, 0x00, 0x01, 0x50,
		0x00, 0x40, 0x01, 0x40, 0xFF, 0xE3, 0xFF, 0xFF, // 0x5880
		0x00, 0xF0, 0x01, 0x40, 0xFF, 0x00, 0xFF, 0xFF,
		0x00, 0x70, 0x00, 0x40, 0x0B, 0xDA, 0x10, 0x06, // 0x5890
		0x00, 0xD0, 0x01, 0x40, 0x5F, 0x58, 0x4E, 0x5F,
		0x0B, 0x00, 0x1E, 0x00, 0x1B, 0x00, 0x1E, 0x00, // 0x58A0
		0x2B, 0x00, 0x1E, 0x00, 0x3B, 0x00, 0x1E, 0x00,
		0x5F, 0x43, 0x53, 0x5F, 0xA2, 0x4C, 0x00, 0x00, // 0x58B0
		0xF0, 0x04, 0x00, 0x20, 0xE4, 0x22, 0x00, 0x00,
		0x04, 0x66, 0x00, 0x00, 0xB3, 0x7C, 0x00, 0x00, // 0x58C0
		0x94, 0x71, 0x00, 0x00, 0xCD, 0x7C, 0x00, 0x00,
		0x00, 0x60, 0x01, 0x40, 0x00, 0xD0, 0x00, 0x40, // 0x58D0
		0xD4, 0x14, 0x24, 0x14, 0x6F, 0x02, 0x43, 0xD8,
		0xD1, 0x00, 0x02, 0xEB, 0x63, 0x00, 0x05, 0x08, // 0x58E0
		0x43, 0xD8, 0xC2, 0x00, 0x43, 0xDC, 0xD1, 0x00,
		0x93, 0x02, 0x44, 0xD8, 0x07, 0x40, 0x4B, 0x6C, // 0x58F0
		0xDF, 0x3A, 0x42, 0xB8, 0x03, 0x0C, 0x00, 0x32,
		0x86, 0x60, 0x24, 0x3A, 0x04, 0x35, 0x01, 0x32, // 0x5900
		0x45, 0xC4, 0x20, 0x0C, 0x40, 0xB8, 0x59, 0x02,
		0x22, 0xD8, 0xBC, 0x42, 0x41, 0xB8, 0x20, 0x39, // 0x5910
		0x15, 0x08, 0x04, 0xD8, 0x68, 0x11, 0x44, 0xD8,
		0x70, 0x11, 0x80, 0x64, 0x0A, 0x08, 0x41, 0x98, // 0x5920
		0x43, 0x92, 0x94, 0x68, 0x40, 0x3A, 0x0A, 0x08,
		0x44, 0xD8, 0x71, 0x11, 0x80, 0x64, 0x06, 0x0C, // 0x5930
		0x00, 0x32, 0x43, 0xDC, 0xB4, 0x01, 0x04, 0x14,
		0x94, 0x14, 0x05, 0x74, 0xC4, 0xD8, 0x75, 0x11, // 0x5940
		0x43, 0x6D, 0x04, 0xD8, 0x72, 0x11, 0x14, 0x60,
		0x5B, 0x75, 0x03, 0x74, 0xE2, 0x8C, 0x15, 0x64, // 0x5950
		0x46, 0x84, 0x04, 0xDC, 0x72, 0x11, 0x04, 0x0C,
		0xC4, 0xDC, 0x72, 0x11, 0x06, 0x04, 0xC4, 0xD8, // 0x5960
		0x76, 0x11, 0x5B, 0x75, 0x41, 0x65, 0xF9, 0x0B,
		0xC4, 0xD8, 0x74, 0x11, 0x04, 0xD8, 0x72, 0x11, // 0x5970
		0x18, 0x7C, 0x45, 0x75, 0xC4, 0xD8, 0x73, 0x11,
		0x58, 0x7D, 0x40, 0x61, 0x17, 0x74, 0xA1, 0x98, // 0x5980
		0x04, 0xDC, 0x77, 0x11, 0xA3, 0x95, 0xA5, 0xE4,
		0x02, 0x20, 0x40, 0x3D, 0x62, 0x0C, 0xA1, 0x98, // 0x5990
		0xA3, 0x95, 0xA5, 0xE4, 0x04, 0x20, 0x40, 0x3D,
		0xA4, 0xD8, 0x6A, 0x11, 0x55, 0x75, 0x29, 0x0C, // 0x59A0
		0x05, 0xEB, 0x7C, 0x15, 0x6E, 0x0C, 0x00, 0x35,
		0x0E, 0x2D, 0x45, 0x65, 0x6A, 0x0C, 0xBD, 0x13, // 0x59B0
		0x41, 0x65, 0x67, 0x0C, 0xA4, 0xD8, 0x68, 0x11,
		0x05, 0xEB, 0x50, 0x00, 0x12, 0x0C, 0x00, 0x8C, // 0x59C0
		0xC0, 0x65, 0x5F, 0x0C, 0x03, 0xD8, 0xD1, 0x00,
		0x80, 0x64, 0x05, 0x0C, 0x00, 0x30, 0x1E, 0x28, // 0x59D0
		0x05, 0x64, 0x07, 0x08, 0x96, 0x30, 0x80, 0x64,
		0x54, 0x0C, 0x05, 0xEB, 0xC8, 0x00, 0x51, 0x08, // 0x59E0
		0x32, 0x32, 0x43, 0xDC, 0xD1, 0x00, 0xFF, 0xE3,
		0xFF, 0xF7, 0x00, 0x33, 0x67, 0xA4, 0xA4, 0x07, // 0x59F0
		0x05, 0xEB, 0x1F, 0x1C, 0x46, 0x08, 0x20, 0xEB,
		0xE7, 0x03, 0x43, 0x08, 0x04, 0xD8, 0x68, 0x11, // 0x5A00
		0x00, 0xEB, 0x2B, 0x01, 0x03, 0x0C, 0x2F, 0x39,
		0x1E, 0x0C, 0xA1, 0x8C, 0x5C, 0x65, 0x0F, 0x0C, // 0x5A10
		0x42, 0xEB, 0xFF, 0x00, 0x36, 0x08, 0x00, 0xEB,
		0xF3, 0x01, 0x07, 0x0C, 0x27, 0x39, 0x13, 0x0C, // 0x5A20
		0x07, 0xEB, 0x4E, 0x01, 0x0A, 0x08, 0x2D, 0x04,
		0x3F, 0x39, 0xFA, 0x07, 0x07, 0xEB, 0x4E, 0x01, // 0x5A30
		0x28, 0x0C, 0x42, 0xEB, 0xFF, 0x00, 0x25, 0x08,
		0x00, 0xEB, 0xC7, 0x00, 0x22, 0x0C, 0x21, 0xEB, // 0x5A40
		0x2F, 0x00, 0x1F, 0x08, 0x64, 0x32, 0x43, 0xDC,
		0xD1, 0x00, 0xFF, 0xE3, 0x8F, 0xF7, 0xCE, 0x07, // 0x5A50
		0x01, 0x98, 0x03, 0x90, 0x00, 0xE4, 0x04, 0x20,
		0x40, 0x38, 0x07, 0x0C, 0x03, 0xD8, 0xD4, 0x00, // 0x5A60
		0x00, 0xE4, 0x02, 0x20, 0x40, 0x38, 0xC0, 0x0B,
		0x01, 0x98, 0x03, 0x90, 0x00, 0xE4, 0x04, 0x20, // 0x5A70
		0x40, 0x38, 0x07, 0x08, 0x03, 0xD8, 0xD4, 0x00,
		0x00, 0xE4, 0x02, 0x20, 0x40, 0x38, 0xE6, 0x0F, // 0x5A80
		0x01, 0x98, 0x03, 0x90, 0x00, 0xE4, 0x00, 0x21,
		0x40, 0x38, 0x56, 0x0B, 0x02, 0x98, 0xE3, 0xB8, // 0x5A90
		0x20, 0x38, 0x8B, 0x6D, 0x62, 0x08, 0x03, 0xD8,
		0x44, 0x20, 0x14, 0x38, 0x06, 0x08, 0x04, 0xD8, // 0x5AA0
		0x68, 0x11, 0x00, 0xEB, 0x2C, 0x01, 0x3B, 0x0C,
		0x1F, 0x11, 0x80, 0x35, 0x03, 0x90, 0xB0, 0x45, // 0x5AB0
		0x14, 0x68, 0x40, 0x38, 0x34, 0x08, 0x61, 0x98,
		0x6D, 0x2A, 0xE3, 0xD8, 0xB6, 0x02, 0x89, 0x74, // 0x5AC0
		0xDD, 0x74, 0x8C, 0x64, 0x02, 0x08, 0xCB, 0x6D,
		0x18, 0x11, 0xDD, 0x75, 0x21, 0x8C, 0x00, 0x21, // 0x5AD0
		0x00, 0xE0, 0x36, 0x10, 0x83, 0x6C, 0xDF, 0x6C,
		0x24, 0xD8, 0x68, 0x11, 0x14, 0x11, 0xFF, 0xE3, // 0x5AE0
		0x5E, 0xD6, 0x5C, 0x74, 0x00, 0x8C, 0xFF, 0xE3,
		0x12, 0xF7, 0xFF, 0xE3, 0x46, 0xD8, 0x4E, 0x11, // 0x5AF0
		0x63, 0x92, 0xB7, 0x3B, 0x63, 0xB2, 0x67, 0x84,
		0x40, 0x98, 0xCA, 0x60, 0x67, 0xA4, 0x6E, 0xD8, // 0x5B00
		0x06, 0x10, 0x0D, 0x74, 0x58, 0x74, 0xFF, 0xE3,
		0x02, 0xF7, 0x64, 0xD8, 0x07, 0x40, 0x40, 0x3B, // 0x5B10
		0x13, 0x0F, 0x02, 0x31, 0x07, 0x11, 0xFF, 0xE3,
		0xD0, 0xD4, 0x0E, 0x07, 0x42, 0xEB, 0xFF, 0x00, // 0x5B20
		0x13, 0x08, 0xA1, 0x8C, 0x5E, 0x65, 0x06, 0x08,
		0x00, 0x32, 0x23, 0xDC, 0xB4, 0x01, 0x47, 0xA4, // 0x5B30
		0x03, 0x07, 0x00, 0x98, 0x1C, 0x60, 0x40, 0x65,
		0x05, 0xC4, 0x40, 0x0C, 0x03, 0xB8, 0x00, 0x32, // 0x5B40
		0x43, 0xDC, 0xB4, 0x01, 0xD9, 0x07, 0xFF, 0x31,
		0x00, 0x98, 0x01, 0x59, 0x80, 0x64, 0xC0, 0x98, // 0x5B50
		0x88, 0x61, 0xC1, 0xC4, 0x20, 0x0C, 0xF4, 0x07,
		0x02, 0x98, 0x40, 0x38, 0xEA, 0x0E, 0x00, 0x8C, // 0x5B60
		0x1E, 0x64, 0x11, 0x08, 0x03, 0xD8, 0xD1, 0x00,
		0x0A, 0x64, 0xDF, 0x0F, 0x40, 0x98, 0x8A, 0x61, // 0x5B70
		0x80, 0x65, 0xC0, 0xC4, 0x40, 0x0C, 0x00, 0x32,
		0x43, 0xDC, 0xB4, 0x01, 0x60, 0x98, 0x42, 0x98, // 0x5B80
		0xC8, 0x60, 0xBD, 0x07, 0x23, 0x98, 0x40, 0x98,
		0xA9, 0x59, 0x40, 0x65, 0xA0, 0xC4, 0x40, 0x0C, // 0x5B90
		0xA3, 0xB8, 0xF2, 0x07, 0x00, 0x00, 0x00, 0x20,
		0x00, 0x02, 0x00, 0x20, 0x08, 0x02, 0x00, 0x20, // 0x5BA0
		0x19, 0xFC, 0xFF, 0xFF, 0x00, 0x30, 0x01, 0x40,
		0xA0, 0x68, 0x06, 0x00, 0x27, 0x79, 0x00, 0x00, // 0x5BB0
		0xE0, 0x58, 0x00, 0x00, 0x40, 0x60, 0x42, 0x64,
		0x02, 0x08, 0x3C, 0x78, 0x00, 0x33, 0x60, 0xA0, // 0x5BC0
		0x00, 0x20, 0xFA, 0x07, 0x79, 0x00, 0x40, 0x93,
		0x80, 0x3A, 0x40, 0xB3, 0x40, 0x93, 0x81, 0x3A, // 0x5BD0
		0x40, 0xB3, 0x40, 0x93, 0x42, 0xEC, 0x01, 0x00,
		0x40, 0xB3, 0x3C, 0x78, 0xC1, 0x14, 0x5E, 0x00, // 0x5BE0
		0x3E, 0x00, 0x40, 0x34, 0x67, 0x92, 0x06, 0x92,
		0x0C, 0x64, 0x06, 0x0C, 0x0E, 0x64, 0xC3, 0x64, // 0x5BF0
		0x00, 0x23, 0x60, 0xB1, 0x81, 0x14, 0x02, 0x91,
		0x10, 0x68, 0x40, 0x38, 0x08, 0x08, 0x02, 0x5B, // 0x5C00
		0x07, 0xB2, 0xC8, 0x60, 0x63, 0xD8, 0x24, 0x00,
		0x64, 0xB1, 0xED, 0x07, 0x01, 0x33, 0xF2, 0x07, // 0x5C10
		0xD2, 0x14, 0x00, 0x33, 0x00, 0x34, 0x00, 0x32,
		0xA0, 0xE4, 0x27, 0x00, 0x00, 0x2A, 0x20, 0x88, // 0x5C20
		0x01, 0x20, 0x84, 0x64, 0x41, 0xC4, 0x20, 0x0C,
		0x50, 0x64, 0x81, 0xC4, 0x20, 0x0C, 0x16, 0x64, // 0x5C30
		0xC4, 0x60, 0xF6, 0x0B, 0x12, 0x31, 0x11, 0x5B,
		0x0A, 0x60, 0x00, 0xE0, 0x6F, 0x10, 0x92, 0x14, // 0x5C40
		0xC1, 0x14, 0x55, 0x01, 0x42, 0xE4, 0xF3, 0x02,
		0x60, 0x92, 0x20, 0x93, 0x8E, 0x64, 0x11, 0x0C, // 0x5C50
		0x0F, 0x2B, 0x83, 0x93, 0x12, 0x64, 0x0E, 0x08,
		0x41, 0x93, 0x20, 0x93, 0x4A, 0x60, 0x32, 0x32, // 0x5C60
		0x01, 0xEB, 0x32, 0x00, 0x40, 0xB3, 0x86, 0x60,
		0x00, 0x31, 0x41, 0xC4, 0x40, 0x0C, 0x41, 0xB3, // 0x5C70
		0x81, 0x14, 0xC7, 0x6C, 0x20, 0x91, 0xEB, 0x07,
		0xD2, 0x14, 0x21, 0x14, 0x84, 0x02, 0x43, 0x6D, // 0x5C80
		0x64, 0xD8, 0xF0, 0x20, 0x40, 0x3B, 0x2F, 0x08,
		0x80, 0x30, 0x04, 0x40, 0xFF, 0xE3, 0x66, 0xD8, // 0x5C90
		0x08, 0x30, 0x00, 0xE0, 0x36, 0x05, 0x10, 0x30,
		0x00, 0xE0, 0x39, 0x05, 0x80, 0x30, 0x0D, 0x40, // 0x5CA0
		0xFF, 0xE3, 0x33, 0xE1, 0x01, 0x33, 0x64, 0xDC,
		0xF0, 0x20, 0x64, 0xD8, 0xBC, 0x20, 0x32, 0x33, // 0x5CB0
		0x66, 0xB4, 0x70, 0x02, 0x43, 0xD8, 0x40, 0x20,
		0x42, 0xEC, 0x00, 0x10, 0xA3, 0xDC, 0x90, 0x01, // 0x5CC0
		0x43, 0xDC, 0x40, 0x20, 0xFA, 0x33, 0x60, 0xB8,
		0x60, 0x98, 0x43, 0x5B, 0x40, 0x3B, 0x40, 0xB8, // 0x5CD0
		0x0C, 0x08, 0x77, 0x02, 0x37, 0x02, 0x40, 0x93,
		0x84, 0x68, 0x40, 0xB3, 0x38, 0x02, 0x43, 0x93, // 0x5CE0
		0x84, 0x68, 0x43, 0xB3, 0x01, 0x14, 0x92, 0x14,
		0x03, 0x6C, 0xEF, 0x07, 0xD4, 0x14, 0xCE, 0xE5, // 0x5CF0
		0x1B, 0x12, 0x90, 0x32, 0x3D, 0x02, 0x03, 0x18,
		0x00, 0xE0, 0xA8, 0x0E, 0xC0, 0x32, 0x83, 0x03, // 0x5D00
		0x41, 0x42, 0x3F, 0x02, 0x27, 0x18, 0x00, 0xE0,
		0xA1, 0x0E, 0x64, 0xD8, 0x9F, 0x01, 0xAA, 0x03, // 0x5D10
		0x6E, 0xDC, 0x08, 0x00, 0x64, 0xD8, 0x9E, 0x01,
		0x80, 0xB8, 0x6E, 0xDC, 0x09, 0x00, 0x64, 0xD8, // 0x5D20
		0x9D, 0x01, 0x6E, 0xDC, 0x0A, 0x00, 0x64, 0xD8,
		0x9C, 0x01, 0x6E, 0xDC, 0x0B, 0x00, 0x03, 0xEA, // 0x5D30
		0xF3, 0x01, 0xCE, 0x6C, 0x65, 0xDC, 0x5F, 0x11,
		0x64, 0xD8, 0xA8, 0x41, 0xDF, 0x3B, 0x3E, 0x0C, // 0x5D40
		0xE4, 0xD8, 0xCD, 0x10, 0xC2, 0x98, 0x00, 0x33,
		0x03, 0x1A, 0x00, 0x8A, 0x4C, 0x74, 0xC2, 0x65, // 0x5D50
		0x31, 0x08, 0x01, 0x92, 0x18, 0x68, 0x82, 0x92,
		0x02, 0x65, 0x2C, 0x08, 0x64, 0x43, 0x03, 0x1A, // 0x5D60
		0xC8, 0x60, 0x66, 0x8B, 0x65, 0xDC, 0x5F, 0x11,
		0x45, 0xD8, 0x5F, 0x51, 0x19, 0x03, 0xDF, 0x13, // 0x5D70
		0xFF, 0xE3, 0x15, 0xD5, 0x01, 0x33, 0x66, 0xDC,
		0x73, 0x11, 0x66, 0xDC, 0x74, 0x11, 0x00, 0x33, // 0x5D80
		0x66, 0xDC, 0x72, 0x11, 0x03, 0xEA, 0xE7, 0x03,
		0xCE, 0x6C, 0x66, 0xDC, 0x76, 0x11, 0xFA, 0x33, // 0x5D90
		0x62, 0x43, 0x66, 0xDC, 0x75, 0x11, 0xE1, 0x33,
		0x63, 0x43, 0x66, 0xDC, 0x70, 0x11, 0x66, 0xDC, // 0x5DA0
		0x71, 0x11, 0x60, 0x98, 0x63, 0xD8, 0x55, 0x10,
		0x65, 0xDC, 0x50, 0x11, 0xCE, 0xE5, 0x1B, 0x02, // 0x5DB0
		0x94, 0x14, 0x00, 0x23, 0x49, 0x3B, 0x0F, 0x22,
		0xC9, 0x0B, 0x60, 0x98, 0xC2, 0x98, 0x63, 0xD8, // 0x5DC0
		0xCD, 0x10, 0x61, 0xB8, 0x10, 0x37, 0x00, 0x33,
		0x27, 0x1A, 0x00, 0x8A, 0x81, 0x98, 0x4C, 0x74, // 0x5DD0
		0x02, 0x65, 0x09, 0x08, 0x01, 0x92, 0x18, 0x68,
		0x82, 0x92, 0x02, 0x65, 0x04, 0x08, 0x64, 0x43, // 0x5DE0
		0x27, 0x1A, 0xBF, 0x07, 0x00, 0x23, 0x58, 0x3B,
		0x9C, 0x60, 0xF0, 0x0B, 0x18, 0x31, 0xBD, 0x07, // 0x5DF0
		0xD3, 0x14, 0x7E, 0x12, 0x8F, 0x6D, 0x43, 0xD8,
		0xF1, 0x20, 0x40, 0x3A, 0x05, 0x0C, 0x00, 0x32, // 0x5E00
		0x43, 0xDC, 0xF1, 0x20, 0x93, 0x14, 0x43, 0xD8,
		0xF2, 0x20, 0xBE, 0x5B, 0x40, 0x3A, 0x48, 0x0C, // 0x5E10
		0x43, 0xD8, 0xCC, 0x03, 0x9D, 0x12, 0x45, 0x42,
		0x90, 0x60, 0x20, 0x92, 0x03, 0xD8, 0xF4, 0x20, // 0x5E20
		0x04, 0x68, 0x40, 0x38, 0x17, 0x0C, 0x21, 0xE4,
		0x10, 0x20, 0x40, 0x39, 0x04, 0x0C, 0x00, 0x32, // 0x5E30
		0x43, 0xDC, 0xF2, 0x20, 0x65, 0xD8, 0x54, 0x00,
		0x4E, 0x3B, 0xE5, 0x0B, 0x0D, 0x33, 0x14, 0x12, // 0x5E40
		0x65, 0xDC, 0x54, 0x00, 0xFF, 0xE3, 0xAB, 0xD4,
		0x80, 0x30, 0x11, 0x40, 0xFF, 0xE3, 0x5D, 0xE0, // 0x5E50
		0xDA, 0x07, 0x23, 0xD8, 0xD4, 0x03, 0x01, 0x39,
		0x0B, 0x08, 0x00, 0x32, 0x00, 0x21, 0x43, 0xDC, // 0x5E60
		0xF2, 0x20, 0x01, 0x32, 0x23, 0xDC, 0xD4, 0x03,
		0x43, 0xDC, 0xF6, 0x20, 0xE4, 0x07, 0x07, 0x92, // 0x5E70
		0xFF, 0xE3, 0x4B, 0xE0, 0xFF, 0xE3, 0x69, 0xDE,
		0x66, 0xD8, 0xCC, 0x03, 0x65, 0x43, 0xD0, 0x60, // 0x5E80
		0x64, 0x93, 0x40, 0x3B, 0x02, 0x0C, 0xCD, 0x7B,
		0x66, 0xD8, 0xCC, 0x03, 0x65, 0x43, 0x0C, 0x61, // 0x5E90
		0x41, 0x94, 0x20, 0x12, 0x60, 0x12, 0x01, 0x12,
		0xFF, 0xE3, 0x81, 0xD4, 0xCC, 0x07, 0x63, 0x95, // 0x5EA0
		0x63, 0xE4, 0x00, 0x28, 0x40, 0x3B, 0xC7, 0x0F,
		0x80, 0x30, 0x03, 0x40, 0xFF, 0xE3, 0x2D, 0xE0, // 0x5EB0
		0x1B, 0x11, 0xFF, 0xE3, 0x74, 0xD4, 0xBF, 0x07,
		0xD4, 0x14, 0x36, 0x14, 0x10, 0x32, 0x39, 0x11, // 0x5EC0
		0x43, 0x6D, 0x04, 0x18, 0x00, 0xE0, 0xC2, 0x0D,
		0x10, 0x32, 0x37, 0x11, 0x3B, 0x6C, 0x00, 0xE0, // 0x5ED0
		0xBD, 0x0D, 0x20, 0x32, 0x35, 0x11, 0x0E, 0x18,
		0x00, 0xE0, 0xB8, 0x0D, 0x16, 0x32, 0x34, 0x11, // 0x5EE0
		0x08, 0x18, 0x00, 0xE0, 0xB3, 0x0D, 0x01, 0x11,
		0x80, 0x32, 0xDE, 0x58, 0x63, 0x96, 0x4E, 0x42, // 0x5EF0
		0xC8, 0x68, 0x40, 0x3B, 0x1D, 0x0C, 0x60, 0xD8,
		0x6A, 0x11, 0x03, 0xEB, 0xE0, 0x2E, 0x22, 0x08, // 0x5F00
		0x10, 0x32, 0x0E, 0x1B, 0x00, 0x34, 0x23, 0x5A,
		0x51, 0x64, 0x41, 0x44, 0x20, 0x08, 0x80, 0x31, // 0x5F10
		0xC8, 0x60, 0x2E, 0x41, 0x43, 0x96, 0x84, 0x68,
		0x60, 0x8B, 0x40, 0x3A, 0x4C, 0x08, 0x97, 0x6C, // 0x5F20
		0x53, 0x6C, 0x04, 0x11, 0xFF, 0xE3, 0x3B, 0xD4,
		0x13, 0x6C, 0x16, 0x14, 0x94, 0x14, 0x70, 0x10, // 0x5F30
		0x08, 0x32, 0x63, 0xD8, 0x45, 0x20, 0x63, 0xE4,
		0x10, 0x20, 0x40, 0x3B, 0x06, 0x08, 0x04, 0x1B, // 0x5F40
		0xE2, 0x07, 0x0B, 0x32, 0x08, 0x1B, 0xDF, 0x07,
		0xFB, 0x6C, 0xDD, 0x07, 0xE8, 0x5B, 0xE0, 0x8F, // 0x5F50
		0x5C, 0x65, 0xDE, 0x0B, 0x00, 0x24, 0x10, 0x75,
		0xD8, 0x07, 0x00, 0x00, 0x00, 0x10, 0x01, 0x40, // 0x5F60
		0x08, 0x02, 0x00, 0x20, 0x00, 0xC0, 0x01, 0x40,
		0x00, 0x02, 0x00, 0x20, 0x00, 0x00, 0x00, 0x20, // 0x5F70
		0x00, 0x30, 0x01, 0x40, 0xDB, 0xAE, 0xFF, 0xFF,
		0xBF, 0xEF, 0xFF, 0xF7, 0x4C, 0x68, 0x00, 0x00, // 0x5F80
		0xDC, 0x68, 0x00, 0x00, 0x3F, 0x79, 0x00, 0x00,
		0x5C, 0x6A, 0x00, 0x00, 0x66, 0x79, 0x00, 0x00, // 0x5F90
		0x3C, 0x6B, 0x00, 0x00, 0x4F, 0x79, 0x00, 0x00,
		0x0D, 0x75, 0x00, 0x00, 0x57, 0x79, 0x00, 0x00, // 0x5FA0
		0x42, 0x6B, 0x00, 0x00, 0x52, 0x6B, 0x00, 0x00,
		0x62, 0x6B, 0x00, 0x00, 0x82, 0x6B, 0x00, 0x00, // 0x5FB0
		0x77, 0x79, 0x00, 0x00, 0x40, 0xD8, 0x6A, 0x11,
		0x02, 0xEB, 0xE0, 0x2E, 0xB1, 0x0F, 0x52, 0x5C, // 0x5FC0
		0x0B, 0x6D, 0x88, 0x74, 0x0F, 0x3A, 0x02, 0x0C,
		0x0F, 0x34, 0x10, 0x75, 0xA9, 0x07, 0x00, 0x00, // 0x5FD0
		0x3C, 0x78, 0x3C, 0x78, 0x3C, 0x78, 0x3C, 0x78,
		0x3C, 0x78, 0x3C, 0x78, 0x3C, 0x78, 0x3C, 0x78, // 0x5FE0
		0x3C, 0x78, 0x3C, 0x78, 0x3C, 0x78, 0x3C, 0x78,
		0x3C, 0x78, 0x7B, 0x00, 0x45, 0x80, 0x43, 0xDC, // 0x5FF0
		0xB5, 0x01, 0x3C, 0x78, 0xD0, 0x14, 0x61, 0x88,
		0x40, 0x3B, 0x1E, 0x0C, 0x7F, 0x00, 0x43, 0xD8, // 0x6000
		0xB0, 0x02, 0x88, 0x74, 0x43, 0xDC, 0xB1, 0x02,
		0x43, 0x01, 0x25, 0x80, 0x47, 0x39, 0x22, 0xDC, // 0x6010
		0x90, 0x01, 0x8F, 0x6C, 0x12, 0x08, 0x23, 0xD8,
		0xB0, 0x02, 0x48, 0x39, 0x15, 0x08, 0x05, 0x32, // 0x6020
		0x16, 0x30, 0x43, 0xDC, 0xB0, 0x02, 0x48, 0x01,
		0x43, 0xDC, 0x8D, 0x20, 0xFF, 0xE3, 0x24, 0xF6, // 0x6030
		0x1A, 0x30, 0x00, 0xE0, 0xEF, 0x02, 0x90, 0x14,
		0x4B, 0x39, 0x06, 0x08, 0x01, 0x32, 0x00, 0x30, // 0x6040
		0x43, 0xDC, 0xB0, 0x02, 0xF4, 0x07, 0x64, 0x92,
		0x63, 0xEC, 0x01, 0x00, 0x64, 0xB2, 0x0A, 0x33, // 0x6050
		0x62, 0xDC, 0xB0, 0x02, 0xEE, 0x07, 0xD1, 0x14,
		0x74, 0x01, 0x36, 0x01, 0x60, 0x93, 0x61, 0xDC, // 0x6060
		0xB1, 0x20, 0x61, 0x88, 0x40, 0x3B, 0x28, 0x0C,
		0x5B, 0x01, 0x85, 0x80, 0x62, 0xD8, 0xB2, 0x01, // 0x6070
		0xFA, 0x30, 0x61, 0x4B, 0x02, 0x40, 0xC0, 0x7C,
		0xD0, 0x7C, 0x67, 0x4B, 0x62, 0xDC, 0xB8, 0x10, // 0x6080
		0x63, 0x91, 0x63, 0xE4, 0x00, 0x21, 0x82, 0xDC,
		0xDB, 0x10, 0x40, 0x3B, 0x0B, 0x6D, 0x0A, 0x08, // 0x6090
		0x63, 0x91, 0x63, 0xE4, 0x80, 0x20, 0x40, 0x3B,
		0x05, 0x0C, 0x00, 0x31, 0x04, 0x02, 0xFF, 0xE3, // 0x60A0
		0x0C, 0xD2, 0x64, 0x02, 0xFA, 0x31, 0x01, 0x8B,
		0x60, 0x8B, 0x0C, 0x7C, 0x22, 0x41, 0x00, 0xE0, // 0x60B0
		0x47, 0x0D, 0x04, 0xDC, 0xB9, 0x10, 0x91, 0x14,
		0xD3, 0x14, 0x8E, 0x02, 0x83, 0x6D, 0x64, 0xD8, // 0x60C0
		0xB1, 0x02, 0x45, 0x3B, 0x05, 0x0C, 0x64, 0xD8,
		0xB1, 0x02, 0x47, 0x3B, 0x21, 0x08, 0x80, 0x30, // 0x60D0
		0x64, 0xD8, 0xB0, 0x02, 0x07, 0x40, 0xCC, 0x74,
		0x64, 0xDC, 0xB1, 0x02, 0x00, 0xE0, 0xA7, 0x02, // 0x60E0
		0x80, 0x30, 0x08, 0x40, 0x00, 0xE0, 0xAB, 0x02,
		0x80, 0x30, 0x09, 0x40, 0xFF, 0xE3, 0x0D, 0xDF, // 0x60F0
		0x7D, 0x02, 0x43, 0xD8, 0xCD, 0x10, 0x42, 0xEB,
		0x24, 0x00, 0x0A, 0x08, 0x63, 0xD8, 0x99, 0x01, // 0x6100
		0x63, 0xE4, 0x0F, 0x20, 0x40, 0x3B, 0x04, 0x0C,
		0x7D, 0x02, 0xEE, 0x32, 0x40, 0xAB, 0x00, 0xEA, // 0x6110
		0xDC, 0x05, 0xFF, 0xE3, 0xB1, 0xF5, 0x63, 0x03,
		0x60, 0x93, 0x64, 0xDC, 0xB0, 0x20, 0x61, 0x8E, // 0x6120
		0x40, 0x3B, 0x38, 0x0C, 0xAA, 0x03, 0x19, 0x31,
		0x04, 0x03, 0x65, 0xD8, 0x44, 0x20, 0x00, 0x23, // 0x6130
		0x65, 0xDC, 0x44, 0x20, 0xFF, 0xE3, 0xC1, 0xD1,
		0x66, 0xD8, 0x05, 0x40, 0x4F, 0x6C, 0xDF, 0x3B, // 0x6140
		0x64, 0xDC, 0xBC, 0x02, 0x17, 0x6D, 0x03, 0x0C,
		0x00, 0x31, 0x4E, 0x60, 0xAC, 0x03, 0x41, 0x51, // 0x6150
		0x05, 0xD8, 0x00, 0x40, 0x03, 0xC4, 0x46, 0x24,
		0x88, 0x74, 0xDF, 0x3E, 0x09, 0x0C, 0x0C, 0x60, // 0x6160
		0x23, 0x38, 0x06, 0x0C, 0x0B, 0x6C, 0x21, 0x39,
		0x41, 0x4A, 0x40, 0xC4, 0x40, 0x0C, 0x40, 0x3A, // 0x6170
		0x60, 0xA5, 0x23, 0x0C, 0x03, 0x3A, 0x0F, 0x08,
		0xDF, 0x3B, 0x01, 0x33, 0x00, 0x32, 0x00, 0x2A, // 0x6180
		0x62, 0xC4, 0x40, 0x0C, 0x5C, 0x03, 0x24, 0xD8,
		0xA1, 0x01, 0x1A, 0x03, 0x67, 0xA2, 0xFF, 0xE3, // 0x6190
		0x94, 0xD1, 0x93, 0x14, 0x0F, 0x3A, 0x0A, 0x0C,
		0xDF, 0x3B, 0xF5, 0x0B, 0x1F, 0x3A, 0x20, 0x33, // 0x61A0
		0x02, 0x08, 0xCB, 0x6C, 0x8C, 0x74, 0x61, 0x4A,
		0xEE, 0x07, 0xDF, 0x3B, 0xFD, 0x0F, 0x41, 0x4A, // 0x61B0
		0x00, 0x33, 0xCA, 0x60, 0xCE, 0x74, 0xE7, 0x07,
		0x00, 0x33, 0xE5, 0x07, 0xD0, 0x14, 0x80, 0x30, // 0x61C0
		0x04, 0x40, 0x00, 0xE0, 0x34, 0x02, 0x90, 0x14,
		0xD4, 0x14, 0x2D, 0x14, 0x90, 0x13, 0xFA, 0x31, // 0x61D0
		0x60, 0x8C, 0x01, 0x8C, 0x0C, 0x7C, 0x22, 0x41,
		0xC9, 0x13, 0x00, 0xE0, 0xB1, 0x0C, 0xA7, 0x13, // 0x61E0
		0x66, 0xD8, 0x5F, 0x51, 0xEC, 0x58, 0xDD, 0x74,
		0x45, 0xD8, 0xB8, 0x10, 0x65, 0xB8, 0x49, 0x5B, // 0x61F0
		0x2C, 0x13, 0xCB, 0x74, 0x18, 0x32, 0x64, 0xB8,
		0x07, 0x18, 0x00, 0xE0, 0x27, 0x0C, 0x22, 0x8C, // 0x6200
		0x65, 0x98, 0x00, 0x34, 0x07, 0x1A, 0x01, 0x8A,
		0x0C, 0x64, 0x04, 0x08, 0x00, 0x8A, 0x04, 0x64, // 0x6210
		0x06, 0x0C, 0x00, 0x24, 0x10, 0x75, 0x03, 0x22,
		0x45, 0x3C, 0xF6, 0x0B, 0x44, 0xE4, 0x71, 0x00, // 0x6220
		0x61, 0x42, 0xD4, 0x60, 0x60, 0x8B, 0x24, 0x98,
		0x85, 0xDC, 0xE0, 0x00, 0x4D, 0x64, 0x7B, 0x12, // 0x6230
		0x3A, 0x0C, 0x21, 0x83, 0x00, 0x21, 0x21, 0xA3,
		0x05, 0xD8, 0xE1, 0x00, 0x21, 0x83, 0x40, 0x64, // 0x6240
		0x1D, 0x08, 0x46, 0xB8, 0x00, 0x32, 0x65, 0xB8,
		0x41, 0xA3, 0x0B, 0x30, 0x0A, 0x33, 0x66, 0xDC, // 0x6250
		0xB0, 0x02, 0x00, 0xE0, 0xDF, 0x01, 0x80, 0x30,
		0x04, 0x40, 0x00, 0xE0, 0xF0, 0x01, 0x01, 0xEA, // 0x6260
		0xB8, 0x0B, 0x11, 0x12, 0xFF, 0xE3, 0x29, 0xD1,
		0x80, 0x30, 0x0A, 0x40, 0xFF, 0xE3, 0x4D, 0xDE, // 0x6270
		0x0E, 0x12, 0xFF, 0xE3, 0x94, 0xD2, 0x46, 0x98,
		0x65, 0x98, 0x61, 0x83, 0x63, 0xB8, 0x41, 0x42, // 0x6280
		0x94, 0x60, 0x60, 0x8A, 0x26, 0xD8, 0x5F, 0x51,
		0x62, 0xB8, 0x64, 0x98, 0x9F, 0x6C, 0x61, 0xB8, // 0x6290
		0x65, 0xD8, 0xB8, 0x10, 0x06, 0x12, 0x60, 0xB8,
		0xC7, 0x6C, 0x53, 0x6C, 0xFF, 0xE3, 0x7F, 0xD2, // 0x62A0
		0x0D, 0x14, 0x94, 0x14, 0x00, 0x31, 0xC8, 0x07,
		0xC2, 0x14, 0x55, 0x11, 0x00, 0x34, 0x65, 0x92, // 0x62B0
		0x13, 0x22, 0x20, 0x93, 0x8E, 0x64, 0x04, 0x08,
		0xD3, 0x6C, 0x0F, 0x6C, 0x82, 0x14, 0x23, 0x2B, // 0x62C0
		0xA4, 0x83, 0x16, 0x64, 0x05, 0x08, 0x81, 0x8B,
		0x40, 0x3C, 0xF8, 0x0B, 0x0F, 0x6D, 0xC7, 0x6C, // 0x62D0
		0x20, 0x91, 0xF1, 0x07, 0xD2, 0x14, 0x71, 0x30,
		0x89, 0x11, 0xFF, 0xE3, 0xE7, 0xFF, 0x40, 0x38, // 0x62E0
		0x2A, 0x0C, 0xAE, 0x58, 0x08, 0x32, 0x57, 0x6C,
		0x12, 0x11, 0xFF, 0xE3, 0xAF, 0xD5, 0x43, 0x11, // 0x62F0
		0x62, 0xD8, 0xCD, 0x10, 0x28, 0x43, 0x68, 0x4B,
		0xC4, 0x6C, 0x62, 0xDC, 0xCD, 0x10, 0x64, 0xD8, // 0x6300
		0xB0, 0x02, 0xCC, 0x74, 0x64, 0xDC, 0xB1, 0x02,
		0x62, 0xD8, 0x9C, 0x41, 0xDF, 0x3B, 0x0E, 0x0C, // 0x6310
		0x04, 0x33, 0x64, 0xDC, 0xB0, 0x02, 0x68, 0x11,
		0x16, 0x30, 0x64, 0xDC, 0x8D, 0x20, 0xFF, 0xE3, // 0x6320
		0xAB, 0xF4, 0x17, 0x6C, 0xFF, 0xE3, 0x10, 0xF6,
		0x92, 0x14, 0x05, 0x33, 0x64, 0xDC, 0xB0, 0x02, // 0x6330
		0x74, 0x10, 0xF3, 0x07, 0x64, 0x94, 0x63, 0xEC,
		0x08, 0x00, 0x64, 0xB4, 0x0F, 0x30, 0x0A, 0x33, // 0x6340
		0x64, 0xDC, 0xB0, 0x02, 0x00, 0xE0, 0x66, 0x01,
		0xF0, 0x07, 0xD3, 0x14, 0x01, 0x30, 0x8C, 0x10, // 0x6350
		0xFF, 0xE3, 0xAC, 0xFF, 0x6E, 0x10, 0x43, 0x6D,
		0x40, 0x8B, 0x64, 0xD8, 0x52, 0x11, 0x93, 0x6D, // 0x6360
		0x8C, 0x64, 0x2B, 0x08, 0x64, 0x94, 0xB4, 0x3B,
		0x64, 0xB4, 0x02, 0x30, 0x0A, 0x33, 0x64, 0xDC, // 0x6370
		0xB0, 0x02, 0x00, 0xE0, 0x4F, 0x01, 0x93, 0x14,
		0x00, 0x00, 0x00, 0x20, 0x08, 0x02, 0x00, 0x20, // 0x6380
		0xEE, 0x23, 0x00, 0x00, 0xF0, 0x04, 0x00, 0x20,
		0xD8, 0x61, 0x00, 0x00, 0xD0, 0x04, 0x00, 0x20, // 0x6390
		0x00, 0x02, 0x00, 0x20, 0x88, 0x22, 0x00, 0x00,
		0x8C, 0x0C, 0x00, 0x20, 0xE0, 0x58, 0x00, 0x00, // 0x63A0
		0x5E, 0x7E, 0x00, 0x00, 0xCC, 0x61, 0x00, 0x00,
		0xB8, 0x7B, 0x00, 0x00, 0xC9, 0x7B, 0x00, 0x00, // 0x63B0
		0x98, 0x01, 0x00, 0x20, 0xAC, 0x23, 0x00, 0x00,
		0x40, 0x38, 0x1B, 0x0C, 0x45, 0x80, 0x7C, 0x11, // 0x63C0
		0x16, 0x30, 0x43, 0xDC, 0xA0, 0x01, 0x64, 0xD8,
		0xB0, 0x02, 0xCC, 0x74, 0x64, 0xDC, 0xB1, 0x02, // 0x63D0
		0x03, 0x33, 0x64, 0xDC, 0xB0, 0x02, 0xFF, 0xE3,
		0x4F, 0xF4, 0x0E, 0x5D, 0xFF, 0xE3, 0xB4, 0xF5, // 0x63E0
		0x80, 0x30, 0x74, 0x11, 0x07, 0x40, 0x64, 0xDC,
		0x8D, 0x20, 0xFF, 0xE3, 0x8E, 0xDD, 0xC4, 0x07, // 0x63F0
		0x02, 0x30, 0xFF, 0xE3, 0x5B, 0xFF, 0x40, 0x38,
		0x07, 0x0C, 0xFF, 0xE3, 0xFD, 0xFD, 0x0A, 0x33, // 0x6400
		0x66, 0xDC, 0xB0, 0x02, 0xB9, 0x07, 0x64, 0x94,
		0x0E, 0x30, 0x63, 0xEC, 0x04, 0x00, 0x64, 0xB4, // 0x6410
		0x00, 0xE0, 0x00, 0x01, 0xF5, 0x07, 0xD3, 0x14,
		0xA5, 0x11, 0x87, 0x11, 0xDA, 0x8D, 0x1B, 0x6C, // 0x6420
		0xFF, 0xE3, 0xB5, 0xD3, 0xB2, 0x8D, 0xC4, 0xDC,
		0x25, 0x10, 0x64, 0x31, 0x17, 0x6C, 0x00, 0xE0, // 0x6430
		0x75, 0x0C, 0x3F, 0x33, 0x00, 0xEB, 0x3F, 0x00,
		0x03, 0xC4, 0x40, 0x0C, 0x7F, 0x10, 0x02, 0x31, // 0x6440
		0x02, 0xB3, 0xA4, 0xDC, 0x24, 0x10, 0x1E, 0x10,
		0x44, 0x93, 0x42, 0xEC, 0xB9, 0x00, 0x44, 0xB3, // 0x6450
		0xFF, 0xE3, 0x33, 0xD0, 0xFF, 0xE3, 0xB8, 0xFB,
		0x0A, 0x31, 0x1A, 0x10, 0xFF, 0xE3, 0x2D, 0xD0, // 0x6460
		0x93, 0x14, 0xD0, 0x14, 0x18, 0x10, 0xFF, 0xE3,
		0x9A, 0xD1, 0x80, 0xC0, 0x20, 0x70, 0x77, 0x10, // 0x6470
		0x57, 0x10, 0x42, 0xB3, 0x00, 0x32, 0x41, 0xB3,
		0x76, 0x10, 0x10, 0x32, 0x43, 0xDC, 0x20, 0x20, // 0x6480
		0x00, 0x04, 0xC3, 0x14, 0x2C, 0x10, 0x74, 0x10,
		0x01, 0x91, 0xA2, 0x91, 0xC0, 0x93, 0x90, 0x48, // 0x6490
		0x70, 0x45, 0xD0, 0x6C, 0x50, 0x40, 0x19, 0x75,
		0x00, 0x35, 0x90, 0x6C, 0xD4, 0x6C, 0x41, 0xB1, // 0x64A0
		0x62, 0xB1, 0x63, 0x10, 0x43, 0xDC, 0x46, 0x20,
		0x83, 0x14, 0x00, 0x00, 0x00, 0x00, 0x00, 0x20, // 0x64B0
		0xE4, 0x62, 0x00, 0x00, 0x08, 0x02, 0x00, 0x20,
		0x00, 0x30, 0x01, 0x40, 0x24, 0x67, 0x00, 0x00, // 0x64C0
		0x58, 0x66, 0x00, 0x00, 0x08, 0x7C, 0x00, 0x00,
		0x00, 0x70, 0x00, 0x40, 0x5F, 0x58, 0x4E, 0x5F, // 0x64D0
		0x00, 0xE1, 0x00, 0xE0, 0x00, 0xE0, 0x00, 0x40,
		0x3C, 0x78, 0xD3, 0x14, 0x23, 0x14, 0x88, 0x02, // 0x64E0
		0x00, 0x84, 0x11, 0x38, 0x33, 0x08, 0x00, 0xE0,
		0xC1, 0x0C, 0x09, 0x0F, 0x32, 0x29, 0x3B, 0x44, // 0x64F0
		0x48, 0x4E, 0x54, 0x5A, 0x5F, 0x6D, 0x71, 0x75,
		0x79, 0x7D, 0x29, 0x81, 0x6F, 0x02, 0x0E, 0x02, // 0x6500
		0x28, 0x83, 0xFF, 0xE3, 0x4C, 0xD1, 0x1B, 0x04,
		0xB2, 0x02, 0x06, 0x85, 0x00, 0xE4, 0x0F, 0x20, // 0x6510
		0xC0, 0x85, 0x04, 0x40, 0xC6, 0x4E, 0x18, 0x60,
		0x02, 0xB8, 0x02, 0x85, 0x00, 0xE4, 0x3F, 0x20, // 0x6520
		0x01, 0xB8, 0x01, 0x8D, 0x15, 0x40, 0x21, 0x85,
		0x1B, 0x48, 0x63, 0x85, 0x41, 0xE4, 0x0F, 0x20, // 0x6530
		0x00, 0xB8, 0x63, 0x4B, 0x24, 0x49, 0x1B, 0x02,
		0xFF, 0xE3, 0x31, 0xD1, 0x00, 0x31, 0x1C, 0x02, // 0x6540
		0x60, 0x84, 0x00, 0x23, 0x60, 0xA4, 0xFF, 0xE3,
		0xB8, 0xCF, 0x03, 0x14, 0x93, 0x14, 0x23, 0x03, // 0x6550
		0x00, 0x03, 0x65, 0x81, 0x44, 0x81, 0x27, 0x81,
		0x23, 0x49, 0xFF, 0xE3, 0x20, 0xD1, 0xEF, 0x07, // 0x6560
		0x68, 0x03, 0x03, 0x03, 0x43, 0xD8, 0x25, 0x00,
		0x23, 0xD8, 0x24, 0x00, 0xFF, 0xE3, 0x17, 0xD1, // 0x6570
		0xE6, 0x07, 0x6C, 0x03, 0x07, 0x03, 0x33, 0x8B,
		0xC5, 0x07, 0x2E, 0x03, 0x08, 0x03, 0x7C, 0x89, // 0x6580
		0x57, 0x89, 0x36, 0x89, 0xEB, 0x07, 0x71, 0x03,
		0x0A, 0x03, 0x59, 0x8B, 0x23, 0xD8, 0x18, 0x50, // 0x6590
		0xEE, 0x07, 0x74, 0x03, 0x0C, 0x03, 0x5B, 0x8B,
		0x23, 0xD8, 0x1A, 0x50, 0xE8, 0x07, 0x77, 0x03, // 0x65A0
		0x0E, 0x03, 0x23, 0xD8, 0x24, 0x10, 0xAE, 0x07,
		0x1A, 0x03, 0x60, 0xD8, 0x21, 0x10, 0x40, 0xD8, // 0x65B0
		0x45, 0x00, 0x20, 0xD8, 0x44, 0x00, 0x00, 0xD8,
		0x46, 0x00, 0x00, 0xB8, 0x14, 0x03, 0xFF, 0xE3, // 0x65C0
		0xEE, 0xD0, 0xBD, 0x07, 0x75, 0x03, 0x14, 0x03,
		0x20, 0x93, 0x9C, 0x07, 0x77, 0x03, 0x15, 0x03, // 0x65D0
		0x21, 0x93, 0x98, 0x07, 0x79, 0x03, 0x16, 0x03,
		0x22, 0x93, 0x94, 0x07, 0x7B, 0x03, 0x17, 0x03, // 0x65E0
		0x23, 0x93, 0x90, 0x07, 0x7D, 0x03, 0x18, 0x03,
		0x28, 0x8B, 0x8C, 0x07, 0x7F, 0x03, 0x19, 0x03, // 0x65F0
		0x27, 0x93, 0x88, 0x07, 0xD0, 0x14, 0x80, 0x30,
		0x01, 0x40, 0xFF, 0xE3, 0x86, 0xDC, 0x90, 0x14, // 0x6600
		0xD0, 0x14, 0xFF, 0xE3, 0x0A, 0xFF, 0x80, 0x30,
		0x0B, 0x40, 0xFF, 0xE3, 0x7E, 0xDC, 0x90, 0x14, // 0x6610
		0xD0, 0x14, 0x77, 0x13, 0x43, 0x6C, 0x03, 0xDC,
		0x91, 0x01, 0x1C, 0x13, 0xFF, 0xE3, 0xBF, 0xD0, // 0x6620
		0x80, 0x30, 0x12, 0x40, 0xFF, 0xE3, 0x71, 0xDC,
		0x90, 0x14, 0x71, 0x13, 0x43, 0xD8, 0x45, 0x20, // 0x6630
		0x02, 0xC4, 0x40, 0x20, 0x03, 0xDC, 0x45, 0x20,
		0x3C, 0x78, 0x4D, 0x13, 0x62, 0xD8, 0x45, 0x20, // 0x6640
		0x0C, 0x6C, 0x02, 0xDC, 0x45, 0x20, 0x3C, 0x78,
		0xD4, 0x14, 0x21, 0x14, 0x70, 0x13, 0x91, 0x13, // 0x6650
		0xB1, 0x13, 0x60, 0x93, 0x63, 0xE4, 0x40, 0x20,
		0x40, 0x3B, 0x60, 0x94, 0x0A, 0x0C, 0x65, 0xDC, // 0x6660
		0x21, 0x20, 0xFF, 0xE3, 0xB1, 0xFA, 0x0A, 0x31,
		0x0C, 0x13, 0xFF, 0xE3, 0x26, 0xCF, 0x43, 0x04, // 0x6670
		0x45, 0xD8, 0x21, 0x20, 0xCA, 0x60, 0x03, 0xEB,
		0x64, 0x00, 0xF6, 0x0F, 0x08, 0x13, 0x20, 0x94, // 0x6680
		0x4A, 0x60, 0xFF, 0xE3, 0x8C, 0xD0, 0x01, 0x30,
		0xFF, 0xE3, 0xD9, 0xFF, 0x80, 0x30, 0x01, 0x40, // 0x6690
		0xFF, 0xE3, 0xCD, 0xFF, 0x00, 0x31, 0x08, 0x30,
		0xFF, 0xE3, 0xC6, 0xD2, 0x02, 0x30, 0xFF, 0xE3, // 0x66A0
		0xB9, 0xFF, 0x80, 0x30, 0x01, 0x40, 0xFF, 0xE3,
		0x30, 0xDC, 0x61, 0x94, 0xD1, 0x95, 0x40, 0x93, // 0x66B0
		0x0E, 0x5C, 0x0E, 0x64, 0x0F, 0x0C, 0x23, 0xE4,
		0x0F, 0x10, 0xE3, 0x91, 0xDA, 0x65, 0x1D, 0x08, // 0x66C0
		0x41, 0x93, 0x00, 0x93, 0x41, 0xB0, 0x00, 0xB2,
		0x00, 0x32, 0x40, 0xB3, 0x41, 0xB3, 0x00, 0x33, // 0x66D0
		0x63, 0xB1, 0x74, 0x12, 0x00, 0x31, 0x14, 0x12,
		0x71, 0xB5, 0x63, 0xB4, 0xFF, 0xE3, 0xED, 0xCE, // 0x66E0
		0x60, 0x94, 0x60, 0xB8, 0x60, 0x94, 0x40, 0x98,
		0xCA, 0x60, 0x09, 0x3B, 0xFC, 0x0F, 0x00, 0x30, // 0x66F0
		0xFF, 0xE3, 0x35, 0xD2, 0x01, 0x14, 0x94, 0x14,
		0xCB, 0x6C, 0x40, 0x92, 0xDB, 0x07, 0x66, 0x12, // 0x6700
		0x43, 0x93, 0x02, 0xC4, 0x40, 0x20, 0x03, 0xB3,
		0x3C, 0x78, 0x43, 0x12, 0x63, 0x92, 0x0C, 0x6C, // 0x6710
		0x03, 0xB2, 0x3C, 0x78, 0xD2, 0x14, 0x80, 0x12,
		0x08, 0x32, 0x63, 0x94, 0xC8, 0x68, 0x40, 0x3B, // 0x6720
		0x29, 0x08, 0x63, 0x94, 0x63, 0xE4, 0x05, 0x20,
		0x40, 0x3B, 0x10, 0x08, 0x70, 0x11, 0x63, 0xD8, // 0x6730
		0x45, 0x20, 0x8C, 0x68, 0x40, 0x3A, 0x11, 0x08,
		0x63, 0xE4, 0x10, 0x20, 0x40, 0x3B, 0x06, 0x0C, // 0x6740
		0x7A, 0x11, 0x61, 0x8B, 0x03, 0xEB, 0x04, 0x29,
		0x08, 0x08, 0x01, 0x31, 0x18, 0x11, 0xFF, 0xE3, // 0x6750
		0xB4, 0xCE, 0x32, 0x04, 0x02, 0x31, 0xFB, 0x07,
		0xFF, 0xE3, 0x0F, 0xD2, 0x73, 0x11, 0x15, 0x11, // 0x6760
		0x21, 0x8B, 0xFF, 0xE3, 0x1C, 0xD0, 0x10, 0x30,
		0xFF, 0xE3, 0xCB, 0xFF, 0x08, 0x30, 0xFF, 0xE3, // 0x6770
		0xCE, 0xFF, 0x04, 0xD8, 0x25, 0x10, 0x6D, 0x11,
		0x03, 0x40, 0x0A, 0x31, 0xA2, 0x8B, 0x00, 0xE0, // 0x6780
		0xDF, 0x09, 0x41, 0x65, 0xE8, 0x0F, 0x63, 0x94,
		0x63, 0xE4, 0x08, 0x20, 0x40, 0x3B, 0xE3, 0x0F, // 0x6790
		0x20, 0x30, 0xFF, 0xE3, 0xBC, 0xFF, 0x80, 0x30,
		0x0C, 0x40, 0xFF, 0xE3, 0xB6, 0xDB, 0x46, 0x11, // 0x67A0
		0x06, 0x11, 0x64, 0x92, 0x63, 0xEC, 0x20, 0x00,
		0x64, 0xB2, 0x71, 0x10, 0x24, 0xD8, 0x25, 0x10, // 0x67B0
		0x52, 0x8B, 0xFF, 0xE3, 0xF4, 0xCF, 0x92, 0x14,
		0x8E, 0x0C, 0x00, 0x20, 0xE0, 0x0B, 0x00, 0x20, // 0x67C0
		0x90, 0x6E, 0x00, 0x00, 0xA4, 0x6E, 0x00, 0x00,
		0xEA, 0x64, 0x00, 0x00, 0xBF, 0x6E, 0x00, 0x00, // 0x67D0
		0xD2, 0x6E, 0x00, 0x00, 0xF0, 0x6E, 0x00, 0x00,
		0xFE, 0x6E, 0x00, 0x00, 0x42, 0x6F, 0x00, 0x00, // 0x67E0
		0x63, 0x6F, 0x00, 0x00, 0x82, 0x6F, 0x00, 0x00,
		0x8E, 0x6F, 0x00, 0x00, 0x00, 0x00, 0x00, 0x20, // 0x67F0
		0xB9, 0x6F, 0x00, 0x00, 0xC7, 0x6F, 0x00, 0x00,
		0xDE, 0x6F, 0x00, 0x00, 0xF5, 0x6F, 0x00, 0x00, // 0x6800
		0x07, 0x70, 0x00, 0x00, 0x20, 0x70, 0x00, 0x00,
		0x35, 0x70, 0x00, 0x00, 0x00, 0x10, 0x01, 0x40, // 0x6810
		0xF0, 0x04, 0x00, 0x20, 0x08, 0x02, 0x00, 0x20,
		0x58, 0x66, 0x00, 0x00, 0x44, 0x70, 0x00, 0x00, // 0x6820
		0xE8, 0x64, 0x00, 0x00, 0x00, 0x2F, 0x00, 0x00,
		0xD0, 0x04, 0x00, 0x20, 0x24, 0x67, 0x00, 0x00, // 0x6830
		0x70, 0x70, 0x00, 0x00, 0x00, 0x30, 0x01, 0x40,
		0x54, 0x70, 0x00, 0x00, 0x05, 0x01, 0x00, 0x00, // 0x6840
		0xFF, 0xFF, 0xFF, 0xFF, 0x00, 0x00, 0x00, 0x64,
		0x08, 0x07, 0x00, 0x00, 0xDB, 0x00, 0x00, 0x00, // 0x6850
		0xFF, 0xFF, 0xFF, 0xFF, 0x00, 0x00, 0x00, 0x64,
		0xF4, 0x01, 0x00, 0x00, 0x42, 0x00, 0x00, 0x00, // 0x6860
		0xFF, 0xFF, 0xFF, 0xFF, 0x8B, 0x63, 0x64, 0x42,
		0xDC, 0x05, 0x00, 0x00, 0x42, 0x00, 0x00, 0x00, // 0x6870
		0xFF, 0xFF, 0xFF, 0xFF, 0x62, 0x8B, 0x63, 0x64,
		0xDC, 0x05, 0x00, 0x00, 0x6E, 0x00, 0x00, 0x00, // 0x6880
		0xFF, 0xFF, 0xFF, 0xFF, 0x72, 0x64, 0x00, 0x00,
		0xE8, 0x03, 0x00, 0x00, 0x6E, 0x00, 0x00, 0x00, // 0x6890
		0xFF, 0xFF, 0xFF, 0xFF, 0x77, 0x64, 0x00, 0x00,
		0xDC, 0x05, 0x00, 0x00, 0x6E, 0x00, 0x00, 0x00, // 0x68A0
		0xFF, 0xFF, 0xFF, 0xFF, 0x7E, 0x64, 0x00, 0x00,
		0x40, 0x06, 0x00, 0x00, 0x6E, 0x00, 0x00, 0x00, // 0x68B0
		0xFF, 0xFF, 0xFF, 0xFF, 0x86, 0x64, 0x00, 0x00,
		0xDC, 0x05, 0x00, 0x00, 0x6E, 0x00, 0x00, 0x00, // 0x68C0
		0xFF, 0xFF, 0xFF, 0xFF, 0x80, 0x64, 0x00, 0x00,
		0xE8, 0x03, 0x00, 0x00, 0x5A, 0x00, 0x00, 0x00, // 0x68D0
		0xFF, 0xFF, 0xFF, 0xFF, 0x6A, 0xB8, 0xCC, 0xDA,
		0x90, 0x01, 0x00, 0x00, 0x5A, 0x00, 0x00, 0x00, // 0x68E0
		0xFF, 0xFF, 0xFF, 0xFF, 0x98, 0x88, 0x88, 0x5A,
		0xDC, 0x05, 0x00, 0x00, 0x59, 0x00, 0x00, 0x00, // 0x68F0
		0xFF, 0xFF, 0xFF, 0xFF, 0x64, 0x00, 0x00, 0x00,
		0x28, 0xF1, 0x00, 0x00, 0x59, 0x00, 0x00, 0x00, // 0x6900
		0xFF, 0xFF, 0xFF, 0xFF, 0x00, 0x00, 0x00, 0x64,
		0x10, 0xF5, 0x00, 0x00, 0x60, 0x00, 0x00, 0x00, // 0x6910
		0xFF, 0xFF, 0xFF, 0xFF, 0x64, 0x00, 0x00, 0x00,
		0x78, 0xEC, 0x00, 0x00, 0x60, 0x00, 0x00, 0x00, // 0x6920
		0xFF, 0xFF, 0xFF, 0xFF, 0x1A, 0x01, 0x88, 0x00,
		0x24, 0xFA, 0x00, 0x00, 0x60, 0x00, 0x00, 0x00, // 0x6930
		0xFF, 0xFF, 0xFF, 0xFF, 0x00, 0x00, 0x00, 0x64,
		0x04, 0xF7, 0x00, 0x00, 0xC3, 0x00, 0x00, 0x00, // 0x6940
		0xFF, 0xFF, 0xFF, 0xFF, 0x00, 0x00, 0x18, 0x68,
		0xE8, 0x03, 0x00, 0x00, 0xD7, 0x00, 0x00, 0x00, // 0x6950
		0xFF, 0xFF, 0xFF, 0xFF, 0xDC, 0xC7, 0x15, 0x64,
		0x0C, 0xFE, 0x00, 0x00, 0xC0, 0x00, 0x00, 0x00, // 0x6960
		0xFF, 0xFF, 0xFF, 0xFF, 0xC2, 0x71, 0xA9, 0x64,
		0x3C, 0xF6, 0x00, 0x00, 0x42, 0x00, 0x00, 0x00, // 0x6970
		0xFF, 0xFF, 0xFF, 0xFF, 0x78, 0xC8, 0x6B, 0x64,
		0x00, 0x00, 0x00, 0x00, 0x42, 0x00, 0x00, 0x00, // 0x6980
		0xFF, 0xFF, 0xFF, 0xFF, 0x8D, 0x52, 0x6C, 0x64,
		0x24, 0xFA, 0x00, 0x00, 0x6E, 0x00, 0x00, 0x00, // 0x6990
		0xFF, 0xFF, 0xFF, 0xFF, 0x44, 0x33, 0x22, 0x11,
		0x28, 0xF1, 0x00, 0x00, 0x6E, 0x00, 0x00, 0x00, // 0x69A0
		0xFF, 0xFF, 0xFF, 0xFF, 0x4C, 0x75, 0x71, 0x42,
		0xC4, 0xFF, 0x00, 0x00, 0x6E, 0x00, 0x00, 0x00, // 0x69B0
		0xFF, 0xFF, 0xFF, 0xFF, 0x25, 0x8E, 0x48, 0x20,
		0x00, 0x00, 0x00, 0x00, 0x5A, 0x00, 0x00, 0x00, // 0x69C0
		0x00, 0x00, 0x00, 0x00, 0x00, 0x00, 0x00, 0x00,
		0x24, 0xFA, 0x00, 0x00, 0x59, 0x00, 0x00, 0x00, // 0x69D0
		0x00, 0x00, 0x00, 0x00, 0x00, 0x00, 0x00, 0x00,
		0x0C, 0xFE, 0x00, 0x00, 0x60, 0x00, 0x00, 0x00, // 0x69E0
		0x00, 0x00, 0x00, 0x00, 0x00, 0x00, 0x00, 0x00,
		0x48, 0xF4, 0x00, 0x00, 0x5C, 0x00, 0x00, 0x00, // 0x69F0
		0x00, 0x00, 0x00, 0x00, 0x00, 0x00, 0x00, 0x00,
		0xB4, 0xFB, 0x00, 0x00, 0xD7, 0x00, 0x00, 0x00, // 0x6A00
		0x00, 0x00, 0x00, 0x00, 0x00, 0x00, 0x00, 0x00,
		0x0C, 0xFE, 0x00, 0x00, 0xB5, 0x00, 0x00, 0x00, // 0x6A10
		0x00, 0x00, 0x00, 0x00, 0x00, 0x00, 0x00, 0x00,
		0x0C, 0xFE, 0x00, 0x00, 0xEE, 0x00, 0x00, 0x00, // 0x6A20
		0x00, 0x00, 0x00, 0x00, 0x00, 0x00, 0x00, 0x00,
		0x18, 0xFC, 0x00, 0x00, 0x42, 0x00, 0x00, 0x00, // 0x6A30
		0x00, 0x00, 0x00, 0x00, 0x00, 0x00, 0x00, 0x00,
		0x0C, 0xFE, 0x00, 0x00, 0x6E, 0x00, 0x00, 0x00, // 0x6A40
		0x00, 0x00, 0x00, 0x00, 0x00, 0x00, 0x00, 0x00,
		0x24, 0xFA, 0x00, 0x00, 0x01, 0x00, 0x00, 0x00, // 0x6A50
		0xAC, 0x79, 0x00, 0x00, 0x1A, 0x18, 0x00, 0x00,
		0x34, 0x16, 0x00, 0x00, 0xC0, 0x15, 0x00, 0x00, // 0x6A60
		0x00, 0x00, 0x00, 0x00, 0x00, 0x00, 0x00, 0x00,
		0x00, 0x00, 0x00, 0x08, 0x02, 0x00, 0x00, 0x00, // 0x6A70
		0x98, 0x79, 0x00, 0x00, 0xEA, 0x18, 0x00, 0x00,
		0xCE, 0x15, 0x00, 0x00, 0xC0, 0x15, 0x00, 0x00, // 0x6A80
		0x00, 0x00, 0x00, 0x00, 0x00, 0x00, 0x00, 0x00,
		0x00, 0x00, 0x00, 0x08, 0x04, 0x00, 0x00, 0x00, // 0x6A90
		0x9D, 0x79, 0x00, 0x00, 0xFC, 0x17, 0x00, 0x00,
		0xD2, 0x16, 0x00, 0x00, 0x00, 0x00, 0x00, 0x00, // 0x6AA0
		0x00, 0x00, 0x00, 0x00, 0x00, 0x00, 0x00, 0x00,
		0x00, 0x00, 0x00, 0x00, 0x08, 0x00, 0x00, 0x00, // 0x6AB0
		0xAA, 0x79, 0x00, 0x00, 0xDE, 0x17, 0x00, 0x00,
		0x96, 0x16, 0x00, 0x00, 0x00, 0x00, 0x00, 0x00, // 0x6AC0
		0x00, 0x00, 0x00, 0x08, 0x00, 0x00, 0x00, 0x08,
		0x00, 0x00, 0x00, 0x08, 0x20, 0x00, 0x00, 0x00, // 0x6AD0
		0xAF, 0x79, 0x00, 0x00, 0xB0, 0x17, 0x00, 0x00,
		0x8C, 0x15, 0x00, 0x00, 0x00, 0x00, 0x00, 0x00, // 0x6AE0
		0x00, 0x00, 0x80, 0x00, 0x00, 0x00, 0x00, 0x01,
		0x00, 0x00, 0x00, 0x01, 0x10, 0x00, 0x00, 0x00, // 0x6AF0
		0xB5, 0x79, 0x00, 0x00, 0x6A, 0x18, 0x00, 0x00,
		0x62, 0x16, 0x00, 0x00, 0x00, 0x00, 0x00, 0x00, // 0x6B00
		0x00, 0x00, 0x00, 0x10, 0x00, 0x00, 0x00, 0x40,
		0x00, 0x00, 0x00, 0x20, 0x00, 0x01, 0x00, 0x00, // 0x6B10
		0xC1, 0x79, 0x00, 0x00, 0x46, 0x18, 0x00, 0x00,
		0x88, 0x15, 0x00, 0x00, 0x00, 0x00, 0x00, 0x00, // 0x6B20
		0x00, 0x02, 0x00, 0x00, 0x00, 0x00, 0x00, 0x00,
		0x00, 0x04, 0x00, 0x00, 0x4D, 0x69, 0x20, 0x4F, // 0x6B30
		0x38, 0x00, 0xC8, 0x00, 0xF4, 0x01, 0x20, 0x03,
		0xE8, 0x03, 0x7E, 0x04, 0x14, 0x05, 0x78, 0x05, // 0x6B40
		0xDC, 0x05, 0xC8, 0x00, 0x58, 0x02, 0x84, 0x03,
		0xB0, 0x04, 0x78, 0x05, 0x40, 0x06, 0x08, 0x07, // 0x6B50
		0xD0, 0x07, 0x2C, 0x01, 0x58, 0x02, 0x20, 0x03,
		0xE8, 0x03, 0xB0, 0x04, 0x40, 0x06, 0xD0, 0x07, // 0x6B60
		0x98, 0x08, 0x60, 0x09, 0x28, 0x0A, 0xF0, 0x0A,
		0xB8, 0x0B, 0x48, 0x0D, 0x3C, 0x0F, 0x94, 0x11, // 0x6B70
		0x50, 0x14, 0xF4, 0x01, 0x20, 0x03, 0xE8, 0x03,
		0x4C, 0x04, 0xB0, 0x04, 0x14, 0x05, 0x78, 0x05, // 0x6B80
		0x40, 0x06, 0x6C, 0x07, 0x98, 0x08, 0x28, 0x0A,
		0xD4, 0x14, 0x27, 0x14, 0x5F, 0x02, 0x3E, 0x02, // 0x6B90
		0x62, 0x92, 0xC4, 0x6C, 0x62, 0xB2, 0x7F, 0x02,
		0x5F, 0x02, 0x9E, 0x02, 0xAE, 0x5C, 0x42, 0xB3, // 0x6BA0
		0x00, 0x33, 0x02, 0xEA, 0x0F, 0x27, 0x63, 0xB4,
		0x04, 0x33, 0xA1, 0xB4, 0x60, 0xB4, 0x62, 0x03, // 0x6BB0
		0xA2, 0xB4, 0x41, 0xB3, 0x00, 0x32, 0x01, 0x31,
		0x42, 0xB3, 0x07, 0x32, 0x1D, 0x30, 0x40, 0xB3, // 0x6BC0
		0x00, 0xE0, 0xA2, 0x05, 0x47, 0x03, 0x80, 0x33,
		0x76, 0x43, 0x60, 0xB2, 0x08, 0x03, 0xFF, 0xE3, // 0x6BD0
		0xE6, 0xCD, 0x28, 0x03, 0x68, 0x03, 0xA1, 0xB8,
		0x08, 0x03, 0x87, 0x6D, 0xA0, 0x93, 0x48, 0x03, // 0x6BE0
		0x8C, 0x60, 0x03, 0x23, 0x0E, 0x64, 0x84, 0x60,
		0xA0, 0xB2, 0xF9, 0x0B, 0x6B, 0x03, 0x01, 0x32, // 0x6BF0
		0x2B, 0x03, 0x41, 0xB3, 0x00, 0x33, 0x4E, 0x5B,
		0x42, 0xEB, 0x04, 0x01, 0xBB, 0x08, 0x23, 0xEA, // 0x6C00
		0x02, 0x60, 0x40, 0x93, 0x97, 0x3A, 0x40, 0xB3,
		0x01, 0x31, 0x40, 0x93, 0xB6, 0x3A, 0x40, 0xB3, // 0x6C10
		0x40, 0x93, 0x95, 0x3A, 0x40, 0xB3, 0x40, 0x93,
		0x94, 0x3A, 0x40, 0xB3, 0x40, 0x93, 0x92, 0x3A, // 0x6C20
		0x93, 0x3A, 0x40, 0xB3, 0x40, 0x93, 0xB3, 0x3A,
		0x40, 0xB3, 0x40, 0x93, 0x90, 0x3A, 0x91, 0x3A, // 0x6C30
		0x40, 0xB3, 0x40, 0x93, 0xB1, 0x3A, 0x40, 0xB3,
		0xB1, 0x32, 0x41, 0xB3, 0x00, 0x32, 0x44, 0xB3, // 0x6C40
		0x01, 0x32, 0x47, 0xB3, 0x48, 0x93, 0x84, 0x68,
		0x88, 0x74, 0x40, 0x3A, 0xFC, 0x0B, 0x4A, 0x93, // 0x6C50
		0x7D, 0x13, 0xBE, 0x13, 0xCA, 0x64, 0x95, 0x08,
		0x61, 0x95, 0x16, 0x8D, 0x67, 0xB5, 0xFF, 0xE3, // 0x6C60
		0x43, 0xCF, 0x23, 0xEA, 0x01, 0x40, 0x42, 0x93,
		0x01, 0x31, 0x42, 0xB3, 0x00, 0x30, 0xFF, 0xE3, // 0x6C70
		0xDB, 0xCF, 0xFF, 0xE3, 0x18, 0xCF, 0x00, 0x33,
		0x10, 0x31, 0x15, 0x13, 0x66, 0xDC, 0x4C, 0x00, // 0x6C80
		0x66, 0xDC, 0x4D, 0x00, 0x66, 0xDC, 0x4E, 0x00,
		0xFF, 0xE3, 0x96, 0xF7, 0x10, 0x31, 0x11, 0x13, // 0x6C90
		0xFF, 0xE3, 0x92, 0xF7, 0x00, 0x33, 0x01, 0x32,
		0x6E, 0xDC, 0x17, 0x00, 0x6E, 0x13, 0x40, 0xB3, // 0x6CA0
		0x40, 0x93, 0x42, 0xEC, 0x04, 0x00, 0x40, 0xB3,
		0x40, 0x93, 0xBF, 0x3A, 0x40, 0xB3, 0x42, 0x93, // 0x6CB0
		0x42, 0xE4, 0x02, 0x20, 0x40, 0x3A, 0x67, 0x0C,
		0xFF, 0x30, 0xFF, 0xE3, 0x5A, 0xD0, 0x07, 0x13, // 0x6CC0
		0xC0, 0xC7, 0x21, 0x50, 0x02, 0x29, 0xFF, 0xE3,
		0xF8, 0xCB, 0xC0, 0x33, 0x77, 0x43, 0x40, 0x93, // 0x6CD0
		0x88, 0x3A, 0x89, 0x3A, 0x40, 0xB3, 0x62, 0x13,
		0x01, 0x31, 0x42, 0x93, 0x42, 0xEC, 0x08, 0x00, // 0x6CE0
		0x42, 0xB3, 0x80, 0x30, 0x43, 0x93, 0x83, 0x3A,
		0x43, 0xB3, 0x42, 0x93, 0x82, 0x3A, 0x42, 0xB3, // 0x6CF0
		0x43, 0x93, 0x82, 0x3A, 0x43, 0xB3, 0xFF, 0xE3,
		0x97, 0xCF, 0x00, 0x31, 0x08, 0x30, 0xFF, 0xE3, // 0x6D00
		0x93, 0xCF, 0x38, 0x12, 0x58, 0x12, 0x19, 0x12,
		0xFF, 0xE3, 0x49, 0xCD, 0x78, 0x12, 0x01, 0x30, // 0x6D10
		0x65, 0xDC, 0x41, 0x20, 0xFF, 0xE3, 0x93, 0xFC,
		0x56, 0x12, 0x00, 0x30, 0x62, 0x92, 0x63, 0xEC, // 0x6D20
		0x80, 0x00, 0x62, 0xB2, 0x5A, 0x11, 0x62, 0x92,
		0x63, 0xEC, 0x00, 0x04, 0x62, 0xB2, 0xFF, 0xE3, // 0x6D30
		0x7A, 0xD0, 0x71, 0x12, 0x00, 0x31, 0x11, 0x12,
		0x63, 0xB4, 0xFF, 0xE3, 0xBE, 0xCB, 0x10, 0x12, // 0x6D40
		0xFF, 0xE3, 0x2D, 0xCD, 0xC0, 0xC7, 0x23, 0x50,
		0x00, 0x2B, 0x63, 0xB8, 0xC0, 0xC7, 0x23, 0x50, // 0x6D50
		0x02, 0x2B, 0x64, 0xB8, 0x60, 0x94, 0x58, 0x96,
		0x78, 0xB6, 0x49, 0x5B, 0x61, 0x94, 0x40, 0xB8, // 0x6D60
		0xE0, 0x93, 0x41, 0x98, 0x8E, 0x64, 0x24, 0x08,
		0x63, 0x94, 0x40, 0x3B, 0xF4, 0x0F, 0xCD, 0x7B, // 0x6D70
		0xF2, 0x07, 0x16, 0x11, 0x0C, 0x60, 0xC4, 0x60,
		0x60, 0x93, 0x60, 0xB0, 0xCB, 0x6C, 0x3C, 0x07, // 0x6D80
		0x00, 0x33, 0x6C, 0x07, 0x19, 0x32, 0x46, 0xB8,
		0x46, 0x98, 0x23, 0x5A, 0x40, 0x3A, 0x26, 0xB8, // 0x6D90
		0x0D, 0x08, 0x4E, 0xD8, 0x17, 0x00, 0x00, 0x22,
		0x88, 0x74, 0x4E, 0xDC, 0x17, 0x00, 0x4E, 0xD8, // 0x6DA0
		0x17, 0x00, 0x88, 0x74, 0x19, 0x3A, 0x84, 0x0F,
		0x88, 0x07, 0x03, 0x6C, 0xEE, 0x07, 0xA3, 0xE4, // 0x6DB0
		0x0F, 0x10, 0x22, 0x95, 0x43, 0x98, 0x86, 0x64,
		0x06, 0x08, 0x00, 0x33, 0x62, 0xB5, 0xDF, 0x6C, // 0x6DC0
		0xE0, 0x97, 0xD0, 0x07, 0x01, 0x95, 0x40, 0x98,
		0x49, 0x58, 0x42, 0xB8, 0x40, 0x98, 0x08, 0x64, // 0x6DD0
		0x00, 0x30, 0x42, 0x98, 0x40, 0xC4, 0x40, 0x0C,
		0x41, 0xB5, 0x40, 0x3A, 0xF1, 0x0B, 0x44, 0x98, // 0x6DE0
		0x86, 0x64, 0x06, 0x08, 0x63, 0x95, 0xCD, 0x7B,
		0x01, 0x33, 0x61, 0xB5, 0xE9, 0x07, 0x40, 0x39, // 0x6DF0
		0xE7, 0x0B, 0x41, 0x93, 0x20, 0x93, 0x03, 0x95,
		0x41, 0xB1, 0x20, 0xB2, 0x00, 0x32, 0x40, 0xB3, // 0x6E00
		0x41, 0xB3, 0x00, 0x33, 0x63, 0xB5, 0xC1, 0x7B,
		0xDB, 0x07, 0x00, 0x00, 0x00, 0xD0, 0x00, 0x40, // 0x6E10
		0x60, 0x02, 0x02, 0x00, 0x00, 0x80, 0x00, 0x40,
		0x13, 0x00, 0x80, 0x80, 0xF0, 0x04, 0x00, 0x20, // 0x6E20
		0x10, 0xE0, 0x00, 0xE0, 0x00, 0xE1, 0x00, 0xE0,
		0xAC, 0x7D, 0x00, 0x00, 0xE0, 0x0B, 0x00, 0x20, // 0x6E30
		0x30, 0x00, 0x01, 0x50, 0x7C, 0x00, 0x01, 0x50,
		0xD0, 0xFF, 0xFE, 0xAF, 0x00, 0xE0, 0x00, 0x40, // 0x6E40
		0x00, 0x01, 0x00, 0x00, 0xE0, 0x12, 0x27, 0x44,
		0x00, 0x00, 0x00, 0x20, 0xD0, 0x04, 0x00, 0x20, // 0x6E50
		0x30, 0x0C, 0x00, 0x20, 0x00, 0x90, 0x00, 0x40,
		0x1C, 0x3B, 0x00, 0x00, 0x00, 0x60, 0x00, 0x40, // 0x6E60
		0x3C, 0x6B, 0x00, 0x00, 0xB9, 0x7D, 0x00, 0x00,
		0xC1, 0x7D, 0x00, 0x00, 0x67, 0x00, 0x00, 0x02, // 0x6E70
		0x00, 0x40, 0x01, 0x40, 0x40, 0x51, 0x00, 0x00,
		0xEA, 0x64, 0x00, 0x00, 0xCA, 0x7D, 0x00, 0x00, // 0x6E80
		0x44, 0x3A, 0x54, 0x52, 0x49, 0x4D, 0x20, 0x56,
		0x65, 0x72, 0x73, 0x69, 0x6F, 0x6E, 0x3A, 0x20, // 0x6E90
		0x25, 0x78, 0x0A, 0x00, 0x44, 0x3A, 0x44, 0x61,
		0x74, 0x65, 0x3A, 0x20, 0x25, 0x64, 0x2E, 0x25, // 0x6EA0
		0x64, 0x2E, 0x25, 0x64, 0x2D, 0x25, 0x64, 0x3A,
		0x25, 0x64, 0x3A, 0x25, 0x64, 0x0A, 0x00, 0x44, // 0x6EB0
		0x3A, 0x57, 0x61, 0x66, 0x65, 0x5B, 0x25, 0x64,
		0x5D, 0x3A, 0x20, 0x25, 0x64, 0x2E, 0x25, 0x64, // 0x6EC0
		0x0A, 0x00, 0x44, 0x3A, 0x53, 0x4E, 0x53, 0x4B,
		0x52, 0x20, 0x56, 0x4F, 0x53, 0x3A, 0x25, 0x64, // 0x6ED0
		0x20, 0x53, 0x4E, 0x53, 0x4B, 0x52, 0x20, 0x47,
		0x41, 0x49, 0x4E, 0x3A, 0x25, 0x64, 0x0A, 0x00, // 0x6EE0
		0x44, 0x3A, 0x43, 0x43, 0x20, 0x47, 0x41, 0x49,
		0x4E, 0x3A, 0x25, 0x64, 0x0A, 0x00, 0x44, 0x3A, // 0x6EF0
		0x52, 0x58, 0x5F, 0x49, 0x4F, 0x55, 0x54, 0x5F,
		0x47, 0x41, 0x49, 0x4E, 0x5F, 0x31, 0x41, 0x3A, // 0x6F00
		0x25, 0x64, 0x20, 0x52, 0x58, 0x5F, 0x49, 0x4F,
		0x55, 0x54, 0x5F, 0x47, 0x41, 0x49, 0x4E, 0x5F, // 0x6F10
		0x44, 0x45, 0x4C, 0x54, 0x41, 0x3A, 0x25, 0x64,
		0x20, 0x52, 0x58, 0x5F, 0x49, 0x4F, 0x55, 0x54, // 0x6F20
		0x5F, 0x47, 0x41, 0x49, 0x4E, 0x5F, 0x44, 0x45,
		0x4C, 0x54, 0x41, 0x5F, 0x32, 0x3A, 0x25, 0x64, // 0x6F30
		0x0A, 0x00, 0x44, 0x3A, 0x56, 0x52, 0x45, 0x43,
		0x54, 0x5F, 0x4F, 0x46, 0x46, 0x53, 0x45, 0x54, // 0x6F40
		0x3A, 0x25, 0x64, 0x20, 0x56, 0x52, 0x45, 0x43,
		0x54, 0x5F, 0x47, 0x41, 0x49, 0x4E, 0x3A, 0x25, // 0x6F50
		0x64, 0x0A, 0x00, 0x44, 0x3A, 0x56, 0x4F, 0x55,
		0x54, 0x5F, 0x4F, 0x46, 0x46, 0x53, 0x45, 0x54, // 0x6F60
		0x3A, 0x25, 0x64, 0x20, 0x56, 0x4F, 0x55, 0x54,
		0x5F, 0x47, 0x41, 0x49, 0x4E, 0x3A, 0x25, 0x64, // 0x6F70
		0x0A, 0x00, 0x44, 0x3A, 0x54, 0x5F, 0x44, 0x49,
		0x45, 0x3A, 0x25, 0x64, 0x0A, 0x00, 0x49, 0x3A, // 0x6F80
		0x51, 0x4B, 0x5F, 0x48, 0x32, 0x48, 0x3A, 0x25,
		0x64, 0x20, 0x51, 0x4B, 0x5F, 0x48, 0x32, 0x4C, // 0x6F90
		0x3A, 0x25, 0x64, 0x20, 0x51, 0x4B, 0x5F, 0x4C,
		0x32, 0x48, 0x3A, 0x25, 0x64, 0x20, 0x51, 0x4B, // 0x6FA0
		0x5F, 0x4C, 0x32, 0x4C, 0x3A, 0x25, 0x64, 0x0A,
		0x00, 0x44, 0x3A, 0x43, 0x68, 0x69, 0x70, 0x20, // 0x6FB0
		0x49, 0x44, 0x3A, 0x25, 0x58, 0x0A, 0x00, 0x44,
		0x3A, 0x46, 0x69, 0x72, 0x6D, 0x77, 0x61, 0x72, // 0x6FC0
		0x65, 0x20, 0x76, 0x65, 0x72, 0x73, 0x69, 0x6F,
		0x6E, 0x3A, 0x25, 0x58, 0x0A, 0x00, 0x44, 0x3A, // 0x6FD0
		0x48, 0x61, 0x72, 0x64, 0x77, 0x61, 0x72, 0x65,
		0x20, 0x76, 0x65, 0x72, 0x73, 0x69, 0x6F, 0x6E, // 0x6FE0
		0x3A, 0x25, 0x58, 0x0A, 0x00, 0x44, 0x3A, 0x47,
		0x69, 0x74, 0x20, 0x76, 0x65, 0x72, 0x73, 0x69, // 0x6FF0
		0x6F, 0x6E, 0x3A, 0x25, 0x58, 0x0A, 0x00, 0x44,
		0x3A, 0x4D, 0x61, 0x6E, 0x75, 0x66, 0x61, 0x63, // 0x7000
		0x74, 0x75, 0x72, 0x65, 0x20, 0x43, 0x6F, 0x64,
		0x65, 0x3A, 0x25, 0x30, 0x34, 0x58, 0x0A, 0x00, // 0x7010
		0x44, 0x3A, 0x46, 0x69, 0x72, 0x6D, 0x77, 0x61,
		0x72, 0x65, 0x20, 0x63, 0x68, 0x65, 0x63, 0x6B, // 0x7020
		0x3A, 0x25, 0x58, 0x0A, 0x00, 0x45, 0x3A, 0x45,
		0x72, 0x72, 0x20, 0x63, 0x6F, 0x64, 0x65, 0x3D, // 0x7030
		0x25, 0x64, 0x0A, 0x00, 0x44, 0x3A, 0x41, 0x43,
		0x20, 0x4C, 0x6F, 0x73, 0x73, 0x20, 0x25, 0x64, // 0x7040
		0x6D, 0x73, 0x0A, 0x00, 0x49, 0x3A, 0x4C, 0x44,
		0x4F, 0x20, 0x4F, 0x4E, 0x20, 0x46, 0x69, 0x6E, // 0x7050
		0x69, 0x73, 0x68, 0x3A, 0x20, 0x25, 0x64, 0x6D,
		0x56, 0x40, 0x25, 0x64, 0x6D, 0x41, 0x0A, 0x00, // 0x7060
		0x49, 0x3A, 0x4C, 0x44, 0x4F, 0x20, 0x4F, 0x4E,
		0x20, 0x61, 0x74, 0x20, 0x56, 0x72, 0x65, 0x63, // 0x7070
		0x74, 0x3D, 0x25, 0x64, 0x6D, 0x56, 0x0A, 0x00,
		0x45, 0x50, 0x50, 0x00, 0x42, 0x50, 0x50, 0x00, // 0x7080
		0x46, 0x75, 0x6C, 0x6C, 0x00, 0x48, 0x61, 0x6C,
		0x66, 0x00, 0x49, 0x3A, 0x4C, 0x44, 0x4F, 0x20, // 0x7090
		0x4F, 0x46, 0x46, 0x0A, 0x00, 0x49, 0x3A, 0x53,
		0x6F, 0x66, 0x74, 0x5F, 0x53, 0x43, 0x50, 0x5F, // 0x70A0
		0x50, 0x72, 0x6F, 0x74, 0x65, 0x63, 0x74, 0x69,
		0x6F, 0x6E, 0x21, 0x0A, 0x00, 0x49, 0x3A, 0x76, // 0x70B0
		0x73, 0x79, 0x73, 0x5F, 0x72, 0x65, 0x67, 0x5F,
		0x4F, 0x46, 0x46, 0x21, 0x0A, 0x00, 0x49, 0x3A, // 0x70C0
		0x76, 0x73, 0x79, 0x73, 0x5F, 0x72, 0x65, 0x67,
		0x5F, 0x4F, 0x4E, 0x21, 0x0A, 0x00, 0x49, 0x3A, // 0x70D0
		0x76, 0x73, 0x79, 0x73, 0x5F, 0x69, 0x6F, 0x5F,
		0x4F, 0x46, 0x46, 0x21, 0x0A, 0x00, 0x49, 0x3A, // 0x70E0
		0x76, 0x73, 0x79, 0x73, 0x5F, 0x69, 0x6F, 0x5F,
		0x4F, 0x4E, 0x21, 0x0A, 0x00, 0x49, 0x3A, 0x52, // 0x70F0
		0x65, 0x73, 0x70, 0x6F, 0x6E, 0x73, 0x65, 0x3A,
		0x25, 0x58, 0x0A, 0x00, 0x46, 0x61, 0x69, 0x6C, // 0x7100
		0x65, 0x64, 0x00, 0x49, 0x3A, 0x46, 0x69, 0x72,
		0x73, 0x74, 0x20, 0x43, 0x61, 0x6C, 0x69, 0x62, // 0x7110
		0x72, 0x61, 0x74, 0x69, 0x6F, 0x6E, 0x0A, 0x00,
		0x49, 0x3A, 0x46, 0x53, 0x4B, 0x20, 0x43, 0x46, // 0x7120
		0x47, 0x3D, 0x25, 0x64, 0x0A, 0x00, 0x49, 0x3A,
		0x41, 0x64, 0x64, 0x69, 0x74, 0x69, 0x6F, 0x6E, // 0x7130
		0x61, 0x6C, 0x20, 0x43, 0x61, 0x6C, 0x69, 0x62,
		0x72, 0x61, 0x74, 0x69, 0x6F, 0x6E, 0x0A, 0x00, // 0x7140
		0x49, 0x3A, 0x45, 0x6E, 0x74, 0x65, 0x72, 0x20,
		0x50, 0x6F, 0x77, 0x65, 0x72, 0x20, 0x54, 0x72, // 0x7150
		0x61, 0x6E, 0x73, 0x66, 0x65, 0x72, 0x0A, 0x00,
		0x49, 0x3A, 0x41, 0x50, 0x20, 0x43, 0x4D, 0x44, // 0x7160
		0x3D, 0x30, 0x78, 0x25, 0x30, 0x38, 0x78, 0x0A,
		0x00, 0x49, 0x3A, 0x53, 0x65, 0x74, 0x56, 0x6F, // 0x7170
		0x75, 0x74, 0x3A, 0x20, 0x25, 0x64, 0x6D, 0x56,
		0x20, 0x2D, 0x2D, 0x2D, 0x3E, 0x20, 0x25, 0x64, // 0x7180
		0x6D, 0x56, 0x0A, 0x00, 0x49, 0x3A, 0x4D, 0x69,
		0x20, 0x43, 0x4D, 0x44, 0x3D, 0x25, 0x30, 0x38, // 0x7190
		0x58, 0x0A, 0x00, 0x49, 0x3A, 0x25, 0x73, 0x20,
		0x52, 0x65, 0x6E, 0x65, 0x67, 0x20, 0x43, 0x4D, // 0x71A0
		0x44, 0x20, 0x74, 0x6F, 0x20, 0x25, 0x64, 0x0A,
		0x00, 0x49, 0x3A, 0x25, 0x73, 0x20, 0x46, 0x61, // 0x71B0
		0x6B, 0x65, 0x20, 0x46, 0x61, 0x73, 0x74, 0x20,
		0x43, 0x68, 0x61, 0x72, 0x67, 0x65, 0x20, 0x43, // 0x71C0
		0x4D, 0x44, 0x0A, 0x00, 0x49, 0x3A, 0x25, 0x73,
		0x20, 0x46, 0x61, 0x73, 0x74, 0x20, 0x43, 0x68, // 0x71D0
		0x61, 0x72, 0x67, 0x65, 0x20, 0x43, 0x4D, 0x44,
		0x0A, 0x00, 0x49, 0x3A, 0x25, 0x73, 0x20, 0x54, // 0x71E0
		0x72, 0x61, 0x6E, 0x73, 0x70, 0x61, 0x72, 0x65,
		0x6E, 0x74, 0x20, 0x73, 0x65, 0x6E, 0x64, 0x20, // 0x71F0
		0x43, 0x4D, 0x44, 0x2C, 0x30, 0x78, 0x00, 0x25,
		0x58, 0x20, 0x00, 0x49, 0x3A, 0x25, 0x73, 0x3A, // 0x7200
		0x25, 0x64, 0x6D, 0x57, 0x20, 0x56, 0x52, 0x65,
		0x63, 0x74, 0x3A, 0x25, 0x64, 0x6D, 0x56, 0x20, // 0x7210
		0x56, 0x6F, 0x75, 0x74, 0x3A, 0x25, 0x64, 0x6D,
		0x56, 0x20, 0x49, 0x6F, 0x75, 0x74, 0x3A, 0x25, // 0x7220
		0x64, 0x6D, 0x41, 0x20, 0x25, 0x64, 0x2E, 0x25,
		0x64, 0x43, 0x20, 0x25, 0x73, 0x3A, 0x25, 0x64, // 0x7230
		0x2E, 0x25, 0x64, 0x6B, 0x48, 0x7A, 0x0A, 0x00,
		0x49, 0x3A, 0x54, 0x58, 0x20, 0x55, 0x55, 0x49, // 0x7240
		0x44, 0x3D, 0x25, 0x30, 0x38, 0x58, 0x0A, 0x00,
		0x49, 0x3A, 0x41, 0x64, 0x61, 0x70, 0x74, 0x65, // 0x7250
		0x72, 0x20, 0x54, 0x79, 0x70, 0x65, 0x3D, 0x25,
		0x64, 0x0A, 0x00, 0x49, 0x3A, 0x2D, 0x2D, 0x44, // 0x7260
		0x65, 0x66, 0x61, 0x75, 0x6C, 0x74, 0x20, 0x48,
		0x61, 0x6E, 0x64, 0x6C, 0x65, 0x72, 0x2D, 0x2D, // 0x7270
		0x0A, 0x00, 0x49, 0x3A, 0x4C, 0x52, 0x3A, 0x25,
		0x30, 0x38, 0x58, 0x0A, 0x00, 0x49, 0x3A, 0x65, // 0x7280
		0x70, 0x63, 0x3A, 0x25, 0x30, 0x38, 0x58, 0x0A,
		0x00, 0x49, 0x3A, 0x65, 0x70, 0x63, 0x2D, 0x73, // 0x7290
		0x70, 0x3A, 0x25, 0x30, 0x38, 0x58, 0x0A, 0x00,
		0x49, 0x3A, 0x70, 0x73, 0x72, 0x3A, 0x25, 0x30, // 0x72A0
		0x38, 0x58, 0x0A, 0x00, 0x49, 0x3A, 0x65, 0x70,
		0x73, 0x72, 0x3A, 0x25, 0x30, 0x38, 0x58, 0x0A, // 0x72B0
		0x00, 0x49, 0x3A, 0x65, 0x70, 0x73, 0x72, 0x2D,
		0x73, 0x70, 0x3A, 0x25, 0x30, 0x38, 0x58, 0x0A, // 0x72C0
		0x00, 0x49, 0x3A, 0x56, 0x49, 0x43, 0x2D, 0x49,
		0x53, 0x52, 0x3A, 0x25, 0x30, 0x38, 0x58, 0x0A, // 0x72D0
		0x00, 0x49, 0x3A, 0x2D, 0x2D, 0x2D, 0x2D, 0x2D,
		0x2D, 0x0A, 0x00, 0x49, 0x3A, 0x53, 0x74, 0x61, // 0x72E0
		0x63, 0x6B, 0x3A, 0x25, 0x30, 0x38, 0x58, 0x20,
		0x74, 0x6F, 0x20, 0x25, 0x30, 0x38, 0x58, 0x0A, // 0x72F0
		0x00, 0x49, 0x3A, 0x53, 0x50, 0x3D, 0x25, 0x30,
		0x38, 0x58, 0x0A, 0x00, 0x49, 0x3A, 0x25, 0x30, // 0x7300
		0x38, 0x58, 0x3D, 0x25, 0x30, 0x38, 0x58, 0x0A,
		0x00, 0x49, 0x3A, 0x45, 0x46, 0x42, 0x45, 0x41, // 0x7310
		0x44, 0x44, 0x45, 0x20, 0x61, 0x74, 0x20, 0x25,
		0x30, 0x38, 0x58, 0x0A, 0x00, 0x49, 0x3A, 0x25, // 0x7320
		0x73, 0x20, 0x52, 0x65, 0x6E, 0x65, 0x67, 0x6F,
		0x74, 0x69, 0x61, 0x74, 0x69, 0x6F, 0x6E, 0x3D, // 0x7330
		0x25, 0x64, 0x0A, 0x00, 0x49, 0x3A, 0x25, 0x73,
		0x20, 0x72, 0x65, 0x71, 0x75, 0x65, 0x73, 0x74, // 0x7340
		0x20, 0x53, 0x77, 0x69, 0x74, 0x63, 0x68, 0x20,
		0x74, 0x6F, 0x20, 0x46, 0x75, 0x6C, 0x6C, 0x20, // 0x7350
		0x62, 0x72, 0x69, 0x64, 0x67, 0x65, 0x0A, 0x00,
		0x49, 0x3A, 0x25, 0x73, 0x20, 0x46, 0x61, 0x73, // 0x7360
		0x74, 0x20, 0x43, 0x68, 0x61, 0x72, 0x67, 0x65,
		0x20, 0x52, 0x65, 0x71, 0x75, 0x65, 0x73, 0x74, // 0x7370
		0x20, 0x43, 0x68, 0x61, 0x6E, 0x67, 0x69, 0x6E,
		0x67, 0x20, 0x74, 0x6F, 0x20, 0x25, 0x64, 0x20, // 0x7380
		0x6D, 0x56, 0x0A, 0x00, 0x58, 0x69, 0x61, 0x6F,
		0x6D, 0x69, 0x52, 0x78, 0x00, 0x45, 0x3A, 0x57, // 0x7390
		0x61, 0x74, 0x63, 0x68, 0x64, 0x6F, 0x67, 0x20,
		0x52, 0x65, 0x73, 0x65, 0x74, 0x2E, 0x0A, 0x00, // 0x73A0
		0x56, 0x6F, 0x6C, 0x74, 0x20, 0x53, 0x75, 0x63,
		0x63, 0x65, 0x73, 0x73, 0x00, 0x44, 0x3A, 0x6D, // 0x73B0
		0x6C, 0x64, 0x6F, 0x2D, 0x69, 0x72, 0x71, 0x3A,
		0x25, 0x30, 0x38, 0x58, 0x0A, 0x00, 0x45, 0x3A, // 0x73C0
		0x4C, 0x44, 0x4F, 0x30, 0x20, 0x4F, 0x43, 0x50,
		0x0A, 0x00, 0x49, 0x3A, 0x43, 0x6C, 0x61, 0x6D, // 0x73D0
		0x70, 0x20, 0x4F, 0x56, 0x50, 0x0A, 0x00, 0x45,
		0x3A, 0x48, 0x4F, 0x56, 0x50, 0x0A, 0x00, 0x45, // 0x73E0
		0x3A, 0x54, 0x58, 0x20, 0x42, 0x52, 0x47, 0x20,
		0x4F, 0x43, 0x50, 0x21, 0x0A, 0x00, 0x49, 0x3A, // 0x73F0
		0x42, 0x50, 0x50, 0x20, 0x4D, 0x6F, 0x64, 0x65,
		0x0A, 0x00, 0x49, 0x3A, 0x45, 0x50, 0x54, 0x3A, // 0x7400
		0x20, 0x25, 0x64, 0x0A, 0x00, 0x49, 0x3A, 0x53,
		0x52, 0x3A, 0x20, 0x52, 0x3D, 0x25, 0x64, 0x20, // 0x7410
		0x50, 0x3D, 0x25, 0x64, 0x0A, 0x00, 0x49, 0x3A,
		0x46, 0x4F, 0x44, 0x2F, 0x25, 0x64, 0x3D, 0x25, // 0x7420
		0x64, 0x0A, 0x00, 0x49, 0x3A, 0x47, 0x52, 0x3A,
		0x20, 0x52, 0x3D, 0x25, 0x64, 0x0A, 0x00, 0x49, // 0x7430
		0x3A, 0x53, 0x74, 0x61, 0x72, 0x74, 0x20, 0x4F,
		0x56, 0x50, 0x2C, 0x56, 0x52, 0x65, 0x63, 0x74, // 0x7440
		0x3D, 0x25, 0x64, 0x20, 0x72, 0x78, 0x2E, 0x73,
		0x74, 0x61, 0x72, 0x74, 0x5F, 0x6F, 0x76, 0x70, // 0x7450
		0x3D, 0x25, 0x64, 0x0A, 0x00, 0x49, 0x3A, 0x53,
		0x53, 0x3D, 0x25, 0x64, 0x20, 0x56, 0x52, 0x65, // 0x7460
		0x63, 0x74, 0x3D, 0x25, 0x64, 0x0A, 0x00, 0x49,
		0x3A, 0x46, 0x72, 0x65, 0x71, 0x3A, 0x25, 0x64, // 0x7470
		0x2E, 0x25, 0x64, 0x6B, 0x48, 0x7A, 0x0A, 0x00,
		0x49, 0x3A, 0x56, 0x6F, 0x75, 0x74, 0x20, 0x6F, // 0x7480
		0x6E, 0x0A, 0x00, 0x49, 0x3A, 0x49, 0x44, 0x3A,
		0x20, 0x6D, 0x66, 0x72, 0x5F, 0x63, 0x6F, 0x64, // 0x7490
		0x65, 0x3D, 0x30, 0x58, 0x25, 0x30, 0x34, 0x58,
		0x0A, 0x00, 0x49, 0x3A, 0x50, 0x6F, 0x77, 0x65, // 0x74A0
		0x72, 0x20, 0x47, 0x6F, 0x6F, 0x64, 0x0A, 0x00,
		0x49, 0x3A, 0x43, 0x46, 0x47, 0x3A, 0x4E, 0x65, // 0x74B0
		0x67, 0x3D, 0x25, 0x64, 0x2C, 0x52, 0x65, 0x66,
		0x20, 0x70, 0x6F, 0x77, 0x65, 0x72, 0x3D, 0x25, // 0x74C0
		0x64, 0x2C, 0x57, 0x69, 0x6E, 0x20, 0x6F, 0x66,
		0x66, 0x73, 0x65, 0x74, 0x3D, 0x25, 0x64, 0x2C, // 0x74D0
		0x57, 0x69, 0x6E, 0x20, 0x73, 0x69, 0x7A, 0x65,
		0x3D, 0x25, 0x64, 0x2C, 0x50, 0x6F, 0x6C, 0x3D, // 0x74E0
		0x25, 0x64, 0x2C, 0x44, 0x70, 0x74, 0x68, 0x3D,
		0x25, 0x64, 0x0A, 0x00, 0x49, 0x3A, 0x52, 0x45, // 0x74F0
		0x4E, 0x45, 0x47, 0x0A, 0x00, 0x52, 0x65, 0x71,
		0x75, 0x65, 0x73, 0x74, 0x00, 0x49, 0x3A, 0x25, // 0x7500
		0x73, 0x20, 0x25, 0x73, 0x20, 0x25, 0x73, 0x0A,
		0x00, 0x49, 0x3A, 0x66, 0x6F, 0x72, 0x63, 0x65, // 0x7510
		0x64, 0x6C, 0x79, 0x20, 0x63, 0x6F, 0x6E, 0x6E,
		0x65, 0x63, 0x74, 0x20, 0x6C, 0x6F, 0x61, 0x64, // 0x7520
		0x0A, 0x00, 0x49, 0x3A, 0x4F, 0x56, 0x45, 0x52,
		0x20, 0x56, 0x4F, 0x4C, 0x54, 0x41, 0x47, 0x45, // 0x7530
		0x20, 0x66, 0x6F, 0x72, 0x20, 0x32, 0x30, 0x2A,
		0x63, 0x65, 0x70, 0x2C, 0x52, 0x65, 0x73, 0x74, // 0x7540
		0x61, 0x72, 0x74, 0x20, 0x54, 0x58, 0x2E, 0x0A,
		0x00, 0x49, 0x3A, 0x4F, 0x56, 0x50, 0x20, 0x63, // 0x7550
		0x6E, 0x74, 0x3A, 0x25, 0x64, 0x0A, 0x00, 0x49,
		0x3A, 0x25, 0x73, 0x20, 0x41, 0x75, 0x74, 0x6F, // 0x7560
		0x20, 0x54, 0x61, 0x73, 0x6B, 0x20, 0x30, 0x78,
		0x25, 0x30, 0x32, 0x58, 0x0A, 0x00, 0x49, 0x3A, // 0x7570
		0x57, 0x49, 0x4E, 0x3A, 0x25, 0x64, 0x20, 0x4F,
		0x46, 0x46, 0x53, 0x45, 0x54, 0x3A, 0x25, 0x64, // 0x7580
		0x20, 0x4D, 0x50, 0x3A, 0x25, 0x64, 0x0A, 0x00,
		0x44, 0x3A, 0x45, 0x78, 0x69, 0x74, 0x20, 0x6F, // 0x7590
		0x70, 0x65, 0x6E, 0x20, 0x6C, 0x6F, 0x6F, 0x70,
		0x0A, 0x00, 0x44, 0x3A, 0x45, 0x6E, 0x74, 0x65, // 0x75A0
		0x72, 0x20, 0x6F, 0x70, 0x65, 0x6E, 0x20, 0x6C,
		0x6F, 0x6F, 0x70, 0x0A, 0x00, 0x49, 0x3A, 0x45, // 0x75B0
		0x50, 0x54, 0x3A, 0x30, 0x58, 0x25, 0x58, 0x0A,
		0x00, 0x49, 0x3A, 0x51, 0x3A, 0x25, 0x64, 0x20, // 0x75C0
		0x25, 0x64, 0x0A, 0x00, 0x49, 0x3A, 0x54, 0x49,
		0x4D, 0x45, 0x4F, 0x55, 0x54, 0x3A, 0x20, 0x00, // 0x75D0
		0x49, 0x3A, 0x52, 0x50, 0x50, 0x0A, 0x00, 0x49,
		0x3A, 0x43, 0x45, 0x50, 0x0A, 0x00, 0x49, 0x3A, // 0x75E0
		0x53, 0x69, 0x67, 0x6E, 0x61, 0x6C, 0x20, 0x53,
		0x74, 0x72, 0x65, 0x6E, 0x67, 0x74, 0x68, 0x0A, // 0x75F0
		0x00, 0x49, 0x3A, 0x49, 0x64, 0x65, 0x6E, 0x74,
		0x69, 0x66, 0x69, 0x63, 0x61, 0x74, 0x69, 0x6F, // 0x7600
		0x6E, 0x0A, 0x00, 0x49, 0x3A, 0x45, 0x78, 0x74,
		0x65, 0x6E, 0x64, 0x65, 0x64, 0x20, 0x49, 0x64, // 0x7610
		0x65, 0x6E, 0x74, 0x69, 0x66, 0x69, 0x63, 0x61,
		0x74, 0x69, 0x6F, 0x6E, 0x0A, 0x00, 0x49, 0x3A, // 0x7620
		0x43, 0x6F, 0x6E, 0x66, 0x69, 0x67, 0x75, 0x72,
		0x61, 0x74, 0x69, 0x6F, 0x6E, 0x0A, 0x00, 0x49, // 0x7630
		0x3A, 0x4E, 0x65, 0x67, 0x6F, 0x74, 0x69, 0x61,
		0x74, 0x69, 0x6F, 0x6E, 0x0A, 0x00, 0x49, 0x3A, // 0x7640
		0x43, 0x61, 0x6C, 0x69, 0x62, 0x72, 0x61, 0x74,
		0x69, 0x6F, 0x6E, 0x0A, 0x00, 0x49, 0x3A, 0x50, // 0x7650
		0x6F, 0x77, 0x65, 0x72, 0x20, 0x54, 0x72, 0x61,
		0x6E, 0x73, 0x66, 0x65, 0x72, 0x0A, 0x00, 0x49, // 0x7660
		0x3A, 0x25, 0x73, 0x3A, 0x54, 0x78, 0x3A, 0x25,
		0x64, 0x6D, 0x57, 0x20, 0x56, 0x69, 0x6E, 0x3A, // 0x7670
		0x25, 0x64, 0x6D, 0x56, 0x20, 0x56, 0x62, 0x72,
		0x67, 0x3A, 0x25, 0x64, 0x6D, 0x56, 0x20, 0x49, // 0x7680
		0x69, 0x6E, 0x3A, 0x25, 0x64, 0x6D, 0x41, 0x20,
		0x25, 0x64, 0x2E, 0x25, 0x64, 0x43, 0x20, 0x25, // 0x7690
		0x73, 0x3A, 0x25, 0x64, 0x2E, 0x25, 0x64, 0x6B,
		0x48, 0x7A, 0x40, 0x25, 0x64, 0x25, 0x25, 0x0A, // 0x76A0
		0x00, 0x49, 0x3A, 0x44, 0x65, 0x6D, 0x6F, 0x64,
		0x20, 0x43, 0x68, 0x61, 0x6E, 0x67, 0x65, 0x3A, // 0x76B0
		0x25, 0x64, 0x2D, 0x3E, 0x25, 0x64, 0x20, 0x25,
		0x64, 0x2D, 0x3E, 0x25, 0x64, 0x0A, 0x00, 0x00, // 0x76C0
		0x7C, 0x10, 0x00, 0x32, 0x00, 0x31, 0x43, 0xDC,
		0x80, 0x20, 0x00, 0x2A, 0x43, 0xDC, 0x60, 0x20, // 0x76D0
		0x23, 0xDC, 0x81, 0x20, 0x43, 0xDC, 0x61, 0x20,
		0x23, 0xDC, 0x82, 0x20, 0x43, 0xDC, 0x62, 0x20, // 0x76E0
		0x23, 0xDC, 0x83, 0x20, 0x43, 0xDC, 0x63, 0x20,
		0x33, 0x10, 0x00, 0x33, 0x4E, 0x5B, 0x42, 0xEB, // 0x76F0
		0x44, 0x00, 0x04, 0x08, 0x80, 0xC1, 0x20, 0x74,
		0x3C, 0x78, 0x10, 0x10, 0xC0, 0x60, 0x20, 0xB3, // 0x7700
		0xCB, 0x6C, 0xF5, 0x07, 0xC2, 0x14, 0x62, 0x48,
		0x00, 0xE4, 0x03, 0x20, 0x03, 0x40, 0xFF, 0x34, // 0x7710
		0x48, 0x10, 0x62, 0x43, 0x26, 0x41, 0xC8, 0x60,
		0xA3, 0xD8, 0xC0, 0x20, 0x04, 0xC4, 0x22, 0x40, // 0x7720
		0x50, 0x68, 0x45, 0xC4, 0x42, 0x20, 0x40, 0x70,
		0x48, 0x6C, 0x23, 0xDC, 0xC0, 0x20, 0x82, 0x14, // 0x7730
		0x00, 0xE1, 0x00, 0xE0, 0xDE, 0xAD, 0xBE, 0xEF,
		0x00, 0x10, 0x00, 0x20, 0xD1, 0x14, 0x6C, 0x11, // 0x7740
		0x00, 0x31, 0x40, 0x93, 0x07, 0x29, 0x84, 0x68,
		0x40, 0xB3, 0x00, 0x32, 0x89, 0x11, 0x41, 0xB3, // 0x7750
		0x49, 0x11, 0x80, 0x33, 0x66, 0x43, 0x62, 0xDC,
		0x20, 0x20, 0x68, 0x11, 0x24, 0x94, 0x41, 0x93, // 0x7760
		0x02, 0x29, 0x40, 0xB3, 0x11, 0x94, 0xFF, 0xE3,
		0xA8, 0xC6, 0x05, 0x11, 0xFF, 0xE3, 0xC9, 0xF7, // 0x7770
		0x64, 0xD8, 0x54, 0x00, 0x0B, 0x3B, 0x05, 0x08,
		0x42, 0x11, 0x60, 0x92, 0x82, 0x3B, 0x60, 0xB2, // 0x7780
		0x91, 0x14, 0xC3, 0x14, 0x80, 0x93, 0x40, 0x3C,
		0x04, 0x08, 0x80, 0x90, 0x00, 0x35, 0xA0, 0xB4, // 0x7790
		0x40, 0x39, 0x20, 0x92, 0x19, 0x0C, 0x40, 0x39,
		0xC0, 0x93, 0x20, 0x90, 0x0C, 0x0C, 0x02, 0x35, // 0x77A0
		0x80, 0x91, 0x58, 0x71, 0x14, 0x6D, 0x80, 0xB1,
		0x40, 0x93, 0x01, 0x22, 0x1F, 0x3A, 0x18, 0x08, // 0x77B0
		0x40, 0xB3, 0x83, 0x14, 0x01, 0x34, 0xC4, 0xC4,
		0x25, 0x40, 0x80, 0x91, 0x14, 0x6D, 0x80, 0xB1, // 0x77C0
		0x00, 0x31, 0x20, 0xB2, 0xF2, 0x07, 0x40, 0x39,
		0xFC, 0x0B, 0xA0, 0x90, 0x80, 0x93, 0x03, 0x31, // 0x77D0
		0x81, 0xC4, 0x24, 0x40, 0x20, 0x95, 0x50, 0x6C,
		0x20, 0xB5, 0x01, 0x31, 0xF3, 0x07, 0x00, 0x32, // 0x77E0
		0x40, 0xB3, 0x60, 0x90, 0x03, 0x23, 0x60, 0xB0,
		0xE5, 0x07, 0x00, 0x00, 0x00, 0xB0, 0x01, 0x40, // 0x77F0
		0x08, 0x02, 0x00, 0x20, 0x00, 0xE1, 0x00, 0xE0,
		0x24, 0x0B, 0x00, 0x20, 0x04, 0x08, 0x01, 0x02, // 0x7800
		0x00, 0xC0, 0x01, 0x40, 0x49, 0x3A, 0x43, 0x75,
		0x72, 0x72, 0x65, 0x6E, 0x74, 0x20, 0x63, 0x61, // 0x7810
		0x6C, 0x69, 0x2C, 0x6F, 0x66, 0x66, 0x3A, 0x25,
		0x64, 0x20, 0x6F, 0x6E, 0x3A, 0x25, 0x64, 0x0A, // 0x7820
		0x00, 0x49, 0x3A, 0x52, 0x65, 0x63, 0x74, 0x20,
		0x6D, 0x6F, 0x64, 0x65, 0x3D, 0x25, 0x64, 0x40, // 0x7830
		0x25, 0x64, 0x6D, 0x41, 0x0A, 0x00, 0x49, 0x3A,
		0x4D, 0x49, 0x20, 0x4F, 0x43, 0x50, 0x0A, 0x00, // 0x7840
		0x49, 0x3A, 0x50, 0x72, 0x6F, 0x74, 0x65, 0x63,
		0x74, 0x3A, 0x20, 0x53, 0x6F, 0x66, 0x74, 0x77, // 0x7850
		0x61, 0x72, 0x65, 0x20, 0x4F, 0x50, 0x50, 0x2E,
		0x0A, 0x00, 0x49, 0x3A, 0x50, 0x52, 0x4F, 0x54, // 0x7860
		0x45, 0x43, 0x54, 0x3A, 0x4C, 0x56, 0x50, 0x0A,
		0x00, 0x49, 0x3A, 0x4F, 0x54, 0x50, 0x3A, 0x25, // 0x7870
		0x64, 0x0A, 0x00, 0x49, 0x3A, 0x54, 0x58, 0x20,
		0x4F, 0x43, 0x50, 0x20, 0x50, 0x72, 0x6F, 0x74, // 0x7880
		0x65, 0x63, 0x74, 0x69, 0x6F, 0x6E, 0x21, 0x0A,
		0x00, 0x49, 0x3A, 0x54, 0x58, 0x20, 0x4C, 0x56, // 0x7890
		0x50, 0x20, 0x50, 0x72, 0x6F, 0x74, 0x65, 0x63,
		0x74, 0x69, 0x6F, 0x6E, 0x21, 0x0A, 0x00, 0x49, // 0x78A0
		0x3A, 0x56, 0x72, 0x65, 0x63, 0x74, 0x20, 0x4F,
		0x56, 0x50, 0x0A, 0x00, 0x49, 0x3A, 0x48, 0x4F, // 0x78B0
		0x50, 0x33, 0x3A, 0x25, 0x64, 0x2D, 0x25, 0x64,
		0x3D, 0x25, 0x64, 0x6D, 0x56, 0x20, 0x25, 0x64, // 0x78C0
		0x6D, 0x41, 0x20, 0x25, 0x64, 0x6D, 0x57, 0x0A,
		0x00, 0x49, 0x3A, 0x48, 0x4F, 0x50, 0x31, 0x3A, // 0x78D0
		0x25, 0x64, 0x2D, 0x25, 0x64, 0x3D, 0x25, 0x64,
		0x6D, 0x56, 0x20, 0x70, 0x72, 0x65, 0x3D, 0x25, // 0x78E0
		0x64, 0x6D, 0x56, 0x20, 0x25, 0x64, 0x6D, 0x41,
		0x0A, 0x00, 0x49, 0x3A, 0x48, 0x4F, 0x50, 0x32, // 0x78F0
		0x3A, 0x25, 0x64, 0x2D, 0x25, 0x64, 0x3D, 0x25,
		0x64, 0x6D, 0x56, 0x20, 0x25, 0x64, 0x6D, 0x41, // 0x7900
		0x0A, 0x00, 0x49, 0x3A, 0x4F, 0x54, 0x50, 0x20,
		0x31, 0x32, 0x35, 0x0A, 0x00, 0x49, 0x3A, 0x4D, // 0x7910
		0x49, 0x20, 0x53, 0x43, 0x50, 0x0A, 0x00, 0x44,
		0x3A, 0x54, 0x78, 0x20, 0x4C, 0x44, 0x4F, 0x20, // 0x7920
		0x4F, 0x4E, 0x3A, 0x25, 0x64, 0x6D, 0x41, 0x20,
		0x25, 0x64, 0x20, 0x25, 0x64, 0x0A, 0x00, 0x49, // 0x7930
		0x3A, 0x43, 0x4F, 0x4D, 0x50, 0x53, 0x5B, 0x25,
		0x64, 0x5D, 0x3D, 0x25, 0x64, 0x0A, 0x00, 0x54, // 0x7940
		0x69, 0x6D, 0x65, 0x6F, 0x75, 0x74, 0x00, 0x49,
		0x3A, 0x50, 0x50, 0x50, 0x20, 0x54, 0x69, 0x6D, // 0x7950
		0x65, 0x6F, 0x75, 0x74, 0x0A, 0x00, 0x49, 0x3A,
		0x52, 0x45, 0x4E, 0x45, 0x47, 0x20, 0x74, 0x69, // 0x7960
		0x6D, 0x65, 0x6F, 0x75, 0x74, 0x0A, 0x00, 0x49,
		0x3A, 0x46, 0x4F, 0x44, 0x20, 0x49, 0x6E, 0x64, // 0x7970
		0x65, 0x78, 0x3D, 0x25, 0x64, 0x20, 0x49, 0x3D,
		0x25, 0x64, 0x6D, 0x41, 0x20, 0x4E, 0x65, 0x78, // 0x7980
		0x74, 0x3D, 0x25, 0x64, 0x6D, 0x41, 0x0A, 0x00,
		0x41, 0x75, 0x74, 0x68, 0x00, 0x41, 0x64, 0x61, // 0x7990
		0x70, 0x74, 0x65, 0x72, 0x20, 0x54, 0x79, 0x70,
		0x65, 0x00, 0x55, 0x55, 0x49, 0x44, 0x00, 0x52, // 0x79A0
		0x65, 0x6E, 0x65, 0x67, 0x00, 0x46, 0x61, 0x73,
		0x74, 0x20, 0x43, 0x68, 0x61, 0x72, 0x67, 0x65, // 0x79B0
		0x00, 0x54, 0x72, 0x61, 0x6E, 0x73, 0x70, 0x61,
		0x72, 0x65, 0x6E, 0x74, 0x00, 0x00, 0x00, 0x00, // 0x79C0
		0x03, 0x00, 0x00, 0x00, 0xC8, 0x60, 0x00, 0x00,
		0x04, 0x00, 0x00, 0x00, 0x66, 0x60, 0x00, 0x00, // 0x79D0
		0x05, 0x00, 0x00, 0x00, 0xFA, 0x5F, 0x00, 0x00,
		0x02, 0x00, 0x00, 0x00, 0x04, 0x60, 0x00, 0x00, // 0x79E0
		0x18, 0x00, 0x00, 0x00, 0xE0, 0x5F, 0x00, 0x00,
		0x19, 0x00, 0x00, 0x00, 0xF8, 0x5F, 0x00, 0x00, // 0x79F0
		0x28, 0x00, 0x00, 0x00, 0xF6, 0x5F, 0x00, 0x00,
		0x29, 0x00, 0x00, 0x00, 0xF4, 0x5F, 0x00, 0x00, // 0x7A00
		0x38, 0x00, 0x00, 0x00, 0xF2, 0x5F, 0x00, 0x00,
		0x48, 0x00, 0x00, 0x00, 0xF0, 0x5F, 0x00, 0x00, // 0x7A10
		0x58, 0x00, 0x00, 0x00, 0xEE, 0x5F, 0x00, 0x00,
		0x68, 0x00, 0x00, 0x00, 0xEC, 0x5F, 0x00, 0x00, // 0x7A20
		0x78, 0x00, 0x00, 0x00, 0xEA, 0x5F, 0x00, 0x00,
		0x84, 0x00, 0x00, 0x00, 0xE8, 0x5F, 0x00, 0x00, // 0x7A30
		0xA4, 0x00, 0x00, 0x00, 0xE6, 0x5F, 0x00, 0x00,
		0xC4, 0x00, 0x00, 0x00, 0xE4, 0x5F, 0x00, 0x00, // 0x7A40
		0xE2, 0x00, 0x00, 0x00, 0xE2, 0x5F, 0x00, 0x00,
		0xC1, 0x14, 0x03, 0x6F, 0x01, 0xC4, 0x2D, 0x24, // 0x7A50
		0x8D, 0xE4, 0x03, 0x20, 0x40, 0x3C, 0x0D, 0x0C,
		0x40, 0x3A, 0x0A, 0x0C, 0x60, 0x81, 0x00, 0x21, // 0x7A60
		0x00, 0x2A, 0x6C, 0xDC, 0x00, 0x00, 0x8C, 0xE5,
		0x00, 0x00, 0x40, 0x3A, 0xF8, 0x0B, 0x81, 0x14, // 0x7A70
		0x2F, 0x3A, 0x15, 0x08, 0xA1, 0xD9, 0x00, 0x20,
		0x61, 0x91, 0x82, 0x91, 0xAC, 0xDD, 0x00, 0x20, // 0x7A80
		0xA1, 0xD9, 0x03, 0x20, 0x6C, 0xDC, 0x01, 0x20,
		0x8C, 0xDC, 0x02, 0x20, 0xAC, 0xDD, 0x03, 0x20, // 0x7A90
		0x0F, 0x2A, 0x0F, 0x21, 0x8C, 0xE5, 0x0F, 0x00,
		0x2F, 0x3A, 0xED, 0x0F, 0x23, 0x3A, 0x0A, 0x08, // 0x7AA0
		0x60, 0x91, 0x03, 0x2A, 0x03, 0x21, 0x6C, 0xDC,
		0x00, 0x20, 0x8C, 0xE5, 0x03, 0x00, 0x23, 0x3A, // 0x7AB0
		0xF8, 0x0F, 0x40, 0x3A, 0xDD, 0x0F, 0x60, 0x81,
		0x00, 0x21, 0x00, 0x2A, 0x6C, 0xDC, 0x00, 0x00, // 0x7AC0
		0x8C, 0xE5, 0x00, 0x00, 0xF7, 0x07, 0x49, 0x3A,
		0x46, 0x53, 0x4B, 0x3A, 0x25, 0x78, 0x00, 0x20, // 0x7AD0
		0x25, 0x78, 0x00, 0x49, 0x3A, 0x46, 0x75, 0x6C,
		0x6C, 0x40, 0x25, 0x64, 0x6D, 0x41, 0x20, 0x25, // 0x7AE0
		0x64, 0x2D, 0x3E, 0x25, 0x64, 0x20, 0x25, 0x64,
		0x2D, 0x3E, 0x25, 0x64, 0x0A, 0x00, 0x49, 0x3A, // 0x7AF0
		0x48, 0x61, 0x6C, 0x66, 0x40, 0x25, 0x64, 0x6D,
		0x41, 0x20, 0x25, 0x64, 0x2D, 0x3E, 0x25, 0x64, // 0x7B00
		0x20, 0x25, 0x64, 0x2D, 0x3E, 0x25, 0x64, 0x0A,
		0x00, 0x44, 0x3A, 0x50, 0x49, 0x4E, 0x47, 0x3A, // 0x7B10
		0x25, 0x64, 0x6D, 0x56, 0x20, 0x25, 0x64, 0x30,
		0x30, 0x6B, 0x48, 0x7A, 0x20, 0x25, 0x64, 0x40, // 0x7B20
		0x25, 0x64, 0x0A, 0x00, 0x49, 0x3A, 0x50, 0x57,
		0x4D, 0x5F, 0x45, 0x4E, 0x41, 0x42, 0x4C, 0x45, // 0x7B30
		0x0A, 0x00, 0x49, 0x3A, 0x41, 0x53, 0x4B, 0x3A,
		0x25, 0x78, 0x00, 0x00, 0x40, 0x39, 0x03, 0x08, // 0x7B40
		0x00, 0xC0, 0x20, 0x2C, 0x40, 0x38, 0x02, 0x08,
		0x3C, 0x78, 0xC2, 0x14, 0x43, 0x6D, 0x45, 0x6D, // 0x7B50
		0xDF, 0x38, 0x03, 0x0C, 0x02, 0x6C, 0x00, 0x20,
		0xDF, 0x39, 0x03, 0x0C, 0x46, 0x6C, 0x00, 0x21, // 0x7B60
		0x01, 0x32, 0xC3, 0x6C, 0x03, 0xC4, 0x44, 0x7C,
		0x90, 0x70, 0x10, 0x70, 0xC7, 0x6C, 0x03, 0xC4, // 0x7B70
		0x44, 0x7C, 0x00, 0x24, 0xC3, 0x6C, 0xD1, 0x70,
		0x12, 0x6D, 0x20, 0x24, 0x90, 0x70, 0x10, 0x70, // 0x7B80
		0x40, 0x3A, 0x09, 0x0C, 0x00, 0xC4, 0x20, 0x4C,
		0xCD, 0x60, 0x4C, 0x64, 0x02, 0x0C, 0xC6, 0x60, // 0x7B90
		0x89, 0x60, 0xF9, 0x0F, 0x0B, 0x6C, 0x4F, 0x6C,
		0x05, 0xC4, 0x25, 0x4C, 0x05, 0x0C, 0x02, 0x6C, // 0x7BA0
		0x00, 0x20, 0x46, 0x6C, 0x00, 0x21, 0x82, 0x14,
		0x49, 0x3A, 0x46, 0x4F, 0x44, 0x20, 0x74, 0x72, // 0x7BB0
		0x69, 0x67, 0x67, 0x65, 0x72, 0x65, 0x64, 0x0A,
		0x00, 0x49, 0x3A, 0x46, 0x4F, 0x44, 0x5B, 0x25, // 0x7BC0
		0x64, 0x5D, 0x3A, 0x54, 0x78, 0x3D, 0x25, 0x64,
		0x6D, 0x57, 0x20, 0x43, 0x6F, 0x6D, 0x70, 0x73, // 0x7BD0
		0x3D, 0x25, 0x64, 0x6D, 0x57, 0x20, 0x52, 0x78,
		0x3D, 0x25, 0x64, 0x6D, 0x57, 0x20, 0x4C, 0x6F, // 0x7BE0
		0x73, 0x73, 0x3D, 0x25, 0x64, 0x6D, 0x57, 0x20,
		0x54, 0x68, 0x3D, 0x25, 0x64, 0x6D, 0x57, 0x20, // 0x7BF0
		0x43, 0x4E, 0x54, 0x3D, 0x25, 0x64, 0x0A, 0x00,
		0x49, 0x3A, 0x57, 0x41, 0x49, 0x54, 0x20, 0x46, // 0x7C00
		0x4F, 0x52, 0x20, 0x55, 0x50, 0x44, 0x41, 0x54,
		0x45, 0x21, 0x0A, 0x00, 0x20, 0xEA, 0x00, 0x80, // 0x7C10
		0x00, 0xC0, 0x20, 0x64, 0x10, 0x10, 0x83, 0x6F,
		0x30, 0x10, 0x51, 0x10, 0x71, 0x10, 0xCA, 0x60, // 0x7C20
		0x40, 0x3B, 0x08, 0x0C, 0x00, 0x91, 0x00, 0xB2,
		0x03, 0x21, 0x03, 0x22, 0x03, 0x2B, 0x40, 0x3B, // 0x7C30
		0xFA, 0x0B, 0x2D, 0x10, 0x4D, 0x10, 0x00, 0x30,
		0x86, 0x60, 0x40, 0x3A, 0x06, 0x0C, 0x00, 0xB1, // 0x7C40
		0x03, 0x21, 0x03, 0x2A, 0x40, 0x3A, 0xFC, 0x0B,
		0xFF, 0xE3, 0x3C, 0xFD, 0xFF, 0xE3, 0x9E, 0xF7, // 0x7C50
		0x00, 0x04, 0x00, 0x00, 0x00, 0x18, 0x00, 0x20,
		0x9C, 0x7E, 0x00, 0x00, 0x90, 0x0C, 0x00, 0x20, // 0x7C60
		0x90, 0x0C, 0x00, 0x20, 0x00, 0x00, 0x00, 0x20,
		0x90, 0x0C, 0x00, 0x20, 0x49, 0x3A, 0x43, 0x6F, // 0x7C70
		0x69, 0x6C, 0x20, 0x69, 0x6E, 0x69, 0x74, 0x3A,
		0x20, 0x4B, 0x65, 0x65, 0x70, 0x20, 0x48, 0x61, // 0x7C80
		0x6C, 0x66, 0x20, 0x62, 0x72, 0x69, 0x64, 0x67,
		0x65, 0x0A, 0x00, 0x49, 0x3A, 0x45, 0x6E, 0x74, // 0x7C90
		0x72, 0x79, 0x20, 0x72, 0x65, 0x63, 0x65, 0x69,
		0x76, 0x65, 0x72, 0x20, 0x6D, 0x6F, 0x64, 0x65, // 0x7CA0
		0x2E, 0x0A, 0x00, 0x49, 0x3A, 0x45, 0x6E, 0x74,
		0x72, 0x79, 0x20, 0x74, 0x72, 0x61, 0x6E, 0x6D, // 0x7CB0
		0x69, 0x74, 0x74, 0x65, 0x72, 0x20, 0x6D, 0x6F,
		0x64, 0x65, 0x2E, 0x0A, 0x00, 0x49, 0x3A, 0x55, // 0x7CC0
		0x4C, 0x50, 0x4D, 0x0A, 0x00, 0x00, 0x00, 0x00,
		0xC1, 0x14, 0x40, 0x39, 0x03, 0x08, 0x00, 0xC0, // 0x7CD0
		0x20, 0x2C, 0x40, 0x38, 0x02, 0x08, 0x81, 0x14,
		0x03, 0x6D, 0xDF, 0x38, 0x03, 0x0C, 0x02, 0x6C, // 0x7CE0
		0x00, 0x20, 0xDF, 0x39, 0x03, 0x0C, 0x46, 0x6C,
		0x00, 0x21, 0x83, 0x6C, 0x02, 0xC4, 0x43, 0x7C, // 0x7CF0
		0x01, 0x32, 0x8C, 0x70, 0x0C, 0x70, 0x00, 0x33,
		0x00, 0xC4, 0x20, 0x4C, 0xCD, 0x60, 0x4C, 0x64, // 0x7D00
		0x02, 0x0C, 0xC6, 0x60, 0x89, 0x60, 0xF9, 0x0F,
		0x0F, 0x6C, 0x04, 0xC4, 0x24, 0x4C, 0x03, 0x0C, // 0x7D10
		0x02, 0x6C, 0x00, 0x20, 0x81, 0x14, 0x00, 0x00,
		0x40, 0x39, 0x03, 0x08, 0x00, 0xC0, 0x20, 0x2C, // 0x7D20
		0x40, 0x38, 0x02, 0x08, 0x3C, 0x78, 0xC1, 0x14,
		0x01, 0x32, 0xC3, 0x6C, 0x03, 0xC4, 0x44, 0x7C, // 0x7D30
		0x90, 0x70, 0x10, 0x70, 0xC7, 0x6C, 0x03, 0xC4,
		0x44, 0x7C, 0x00, 0x24, 0xC3, 0x6C, 0xD1, 0x70, // 0x7D40
		0x12, 0x6D, 0x20, 0x24, 0x90, 0x70, 0x10, 0x70,
		0x40, 0x3A, 0x09, 0x0C, 0x00, 0xC4, 0x20, 0x4C, // 0x7D50
		0xCD, 0x60, 0x4C, 0x64, 0x02, 0x0C, 0xC6, 0x60,
		0x89, 0x60, 0xF9, 0x0F, 0x0B, 0x6C, 0x4F, 0x6C, // 0x7D60
		0x81, 0x14, 0x00, 0x00, 0x43, 0x12, 0x00, 0x00,
		0x78, 0x1E, 0x00, 0x00, 0xE2, 0x36, 0x00, 0x00, // 0x7D70
		0xB6, 0x67, 0x00, 0x00, 0x00, 0x00, 0x58, 0x1B,
		0xFF, 0x00, 0xFF, 0x00, 0x58, 0x1B, 0x28, 0x23, // 0x7D80
		0x73, 0x00, 0xFF, 0x00, 0x28, 0x23, 0x10, 0x27,
		0x55, 0x00, 0x73, 0x00, 0x10, 0x27, 0xC8, 0x32, // 0x7D90
		0x36, 0x00, 0x55, 0x00, 0xC8, 0x32, 0x50, 0x46,
		0x23, 0x00, 0x36, 0x00, 0x49, 0x3A, 0x57, 0x6F, // 0x7DA0
		0x72, 0x6B, 0x20, 0x69, 0x6E, 0x69, 0x74, 0x0A,
		0x00, 0x50, 0x72, 0x6F, 0x6A, 0x65, 0x63, 0x74, // 0x7DB0
		0x00, 0x49, 0x3A, 0x25, 0x73, 0x20, 0x25, 0x73,
		0x0A, 0x00, 0x44, 0x3A, 0x49, 0x6E, 0x69, 0x74, // 0x7DC0
		0x20, 0x63, 0x6F, 0x6D, 0x70, 0x6C, 0x65, 0x74,
		0x65, 0x21, 0x0A, 0x00, 0x40, 0x39, 0x03, 0x08, // 0x7DD0
		0x00, 0xC0, 0x20, 0x2C, 0x40, 0x38, 0x02, 0x08,
		0x3C, 0x78, 0x83, 0x6C, 0x02, 0xC4, 0x43, 0x7C, // 0x7DE0
		0x01, 0x32, 0x8C, 0x70, 0x0C, 0x70, 0x00, 0x33,
		0x00, 0xC4, 0x20, 0x4C, 0xCD, 0x60, 0x4C, 0x64, // 0x7DF0
		0x02, 0x0C, 0xC6, 0x60, 0x89, 0x60, 0xF9, 0x0F,
		0x0F, 0x6C, 0x3C, 0x78, 0x1F, 0xC0, 0x23, 0x60, // 0x7E00
		0x22, 0xEA, 0xCD, 0xAB, 0xCD, 0x74, 0xC8, 0x6C,
		0x00, 0xC0, 0x20, 0x04, 0x03, 0xC0, 0x3F, 0x64, // 0x7E10
		0x00, 0xC0, 0x20, 0x04, 0x03, 0x6C, 0xFF, 0x07,
		0x22, 0x14, 0x01, 0xB8, 0x20, 0xB8, 0x7F, 0x6C, // 0x7E20
		0x01, 0x40, 0x40, 0x60, 0x21, 0xD8, 0x00, 0x50,
		0x21, 0x41, 0xC4, 0x63, 0x01, 0x98, 0x20, 0x98, // 0x7E30
		0x02, 0x14, 0x3C, 0x78, 0x22, 0x14, 0x01, 0xB8,
		0x20, 0xB8, 0x7F, 0x6C, 0x01, 0x40, 0x40, 0x60, // 0x7E40
		0x20, 0x89, 0x21, 0x41, 0xC4, 0x63, 0x01, 0x98,
		0x20, 0x98, 0x02, 0x14, 0x3C, 0x78, 0x4C, 0x1D, // 0x7E50
		0xE8, 0x03, 0x4C, 0x1D, 0xD0, 0x07, 0x4C, 0x1D,
		0xB8, 0x0B, 0x90, 0x65, 0xA0, 0x0F, 0x90, 0x65, // 0x7E60
		0x88, 0x13, 0x90, 0x65, 0x4C, 0x1D, 0x00, 0x00,
		0x21, 0x14, 0x20, 0xB8, 0x7F, 0x6C, 0x40, 0x60, // 0x7E70
		0x20, 0x81, 0x21, 0x41, 0xC4, 0x63, 0x20, 0x98,
		0x01, 0x14, 0x3C, 0x78, 0x00, 0x06, 0x00, 0x04, // 0x7E80
		0x00, 0x02, 0x00, 0x00, 0x00, 0x08, 0x00, 0x0A,
		0x00, 0x0C, 0x00, 0x0E, 0x00, 0x00, 0x00, 0x00, // 0x7E90
		0x00, 0x00, 0x00, 0x00, 0x00, 0x00, 0x00, 0x00,
		0x00, 0x00, 0x00, 0x00, 0x00, 0x00, 0x00, 0x00, // 0x7EA0
		0x00, 0x00, 0x00, 0x00, 0x00, 0x00, 0x00, 0x00,
		0x00, 0x00, 0x00, 0x00, 0x00, 0x00, 0x00, 0x00, // 0x7EB0
		0x00, 0x00, 0x00, 0x00, 0x00, 0x00, 0x00, 0x00,
		0x00, 0x00, 0x00, 0x00, 0x00, 0x00, 0x00, 0x00, // 0x7EC0
		0x00, 0x00, 0x00, 0x00, 0x00, 0x00, 0x00, 0x00,
		0x00, 0x00, 0x00, 0x00, 0x00, 0x00, 0x00, 0x00, // 0x7ED0
		0x00, 0x00, 0x00, 0x00, 0x00, 0x00, 0x00, 0x00,
		0x00, 0x00, 0x00, 0x00, 0x00, 0x00, 0x00, 0x00, // 0x7EE0
		0x00, 0x00, 0x00, 0x00, 0x00, 0x00, 0x00, 0x00,
		0x00, 0x00, 0x00, 0x00, 0x00, 0x00, 0x00, 0x00, // 0x7EF0
		0x00, 0x00, 0x00, 0x00, 0x00, 0x00, 0x00, 0x00,
		0x00, 0x00, 0x00, 0x00, 0x00, 0x00, 0x00, 0x00, // 0x7F00
		0x00, 0x00, 0x00, 0x00, 0x00, 0x00, 0x00, 0x00,
		0x00, 0x00, 0x00, 0x00, 0x00, 0x00, 0x00, 0x00, // 0x7F10
		0x00, 0x00, 0x00, 0x00, 0x00, 0x00, 0x00, 0x00,
		0x00, 0x00, 0x00, 0x00, 0x00, 0x00, 0x00, 0x00, // 0x7F20
		0x00, 0x00, 0x00, 0x00, 0x00, 0x00, 0x00, 0x00,
		0x00, 0x00, 0x00, 0x00, 0x00, 0x00, 0x00, 0x00, // 0x7F30
		0x00, 0x00, 0x00, 0x00, 0x00, 0x00, 0x00, 0x00,
		0x00, 0x00, 0x00, 0x00, 0x00, 0x00, 0x00, 0x00, // 0x7F40
		0x00, 0x00, 0x00, 0x00, 0x00, 0x00, 0x00, 0x00,
		0x00, 0x00, 0x00, 0x00, 0x00, 0x00, 0x00, 0x00, // 0x7F50
		0x00, 0x00, 0x00, 0x00, 0x00, 0x00, 0x00, 0x00,
		0x00, 0x00, 0x00, 0x00, 0x00, 0x00, 0x00, 0x00, // 0x7F60
		0x00, 0x00, 0x00, 0x00, 0x00, 0x00, 0x00, 0x00,
		0x00, 0x00, 0x00, 0x00, 0x00, 0x00, 0x00, 0x00, // 0x7F70
		0x00, 0x00, 0x00, 0x00, 0x00, 0x00, 0x00, 0x00,
		0x00, 0x00, 0x00, 0x00, 0x00, 0x00, 0x00, 0x00, // 0x7F80
		0x00, 0x00, 0x00, 0x00, 0x00, 0x00, 0x00, 0x00,
		0x00, 0x00, 0x00, 0x00, 0x00, 0x00, 0x00, 0x00, // 0x7F90
		0x00, 0x00, 0x00, 0x00, 0x00, 0x00, 0x00, 0x00,
		0x00, 0x00, 0x00, 0x00, 0x00, 0x00, 0x00, 0x00, // 0x7FA0
		0x00, 0x00, 0x00, 0x00, 0x00, 0x00, 0x00, 0x00,
		0x00, 0x00, 0x00, 0x00, 0x00, 0x00, 0x00, 0x00, // 0x7FB0
		0x00, 0x00, 0x00, 0x00, 0x00, 0x00, 0x00, 0x00,
		0x00, 0x00, 0x00, 0x00, 0x00, 0x00, 0x00, 0x00, // 0x7FC0
		0x00, 0x00, 0x00, 0x00, 0x00, 0x00, 0x00, 0x00,
		0x00, 0x00, 0x00, 0x00, 0x00, 0x00, 0x00, 0x00, // 0x7FD0
		0x00, 0x00, 0x00, 0x00, 0x00, 0x00, 0x00, 0x00,
		0x00, 0x00, 0x00, 0x00, 0x00, 0x00, 0x00, 0x00, // 0x7FE0
		0x00, 0x00, 0x00, 0x00, 0x00, 0x00, 0x00, 0x00,
		0x00, 0x00, 0x00, 0x00, 0x14, 0x6F, 0x8F, 0x65, // 0x7FF0
	},

	{
		// O11U
		0x08, 0x7D, 0x00, 0x00, 0x24, 0x1C, 0x00, 0x00,
		0x24, 0x1C, 0x00, 0x00, 0x24, 0x1C, 0x00, 0x00, // 0x0000
		0x24, 0x1C, 0x00, 0x00, 0x24, 0x1C, 0x00, 0x00,
		0x24, 0x1C, 0x00, 0x00, 0x24, 0x1C, 0x00, 0x00, // 0x0010
		0x24, 0x1C, 0x00, 0x00, 0x24, 0x1C, 0x00, 0x00,
		0x24, 0x1C, 0x00, 0x00, 0x24, 0x1C, 0x00, 0x00, // 0x0020
		0x24, 0x1C, 0x00, 0x00, 0x24, 0x1C, 0x00, 0x00,
		0x24, 0x1C, 0x00, 0x00, 0x24, 0x1C, 0x00, 0x00, // 0x0030
		0x24, 0x1C, 0x00, 0x00, 0x24, 0x1C, 0x00, 0x00,
		0x24, 0x1C, 0x00, 0x00, 0x24, 0x1C, 0x00, 0x00, // 0x0040
		0x24, 0x1C, 0x00, 0x00, 0x24, 0x1C, 0x00, 0x00,
		0x8E, 0x1F, 0x00, 0x00, 0x24, 0x1C, 0x00, 0x00, // 0x0050
		0x24, 0x1C, 0x00, 0x00, 0x24, 0x1C, 0x00, 0x00,
		0x24, 0x1C, 0x00, 0x00, 0x24, 0x1C, 0x00, 0x00, // 0x0060
		0x24, 0x1C, 0x00, 0x00, 0x24, 0x1C, 0x00, 0x00,
		0x24, 0x1C, 0x00, 0x00, 0x24, 0x1C, 0x00, 0x00, // 0x0070
		0x86, 0x1F, 0x00, 0x00, 0x7E, 0x1F, 0x00, 0x00,
		0x76, 0x1F, 0x00, 0x00, 0x9E, 0x1E, 0x00, 0x00, // 0x0080
		0x8E, 0x1E, 0x00, 0x00, 0x6E, 0x1F, 0x00, 0x00,
		0x86, 0x1E, 0x00, 0x00, 0x24, 0x1D, 0x00, 0x00, // 0x0090
		0x7E, 0x1E, 0x00, 0x00, 0x34, 0x1C, 0x00, 0x00,
		0x66, 0x1F, 0x00, 0x00, 0x5E, 0x1F, 0x00, 0x00, // 0x00A0
		0xFC, 0x20, 0x00, 0x00, 0x96, 0x1D, 0x00, 0x00,
		0x88, 0x1C, 0x00, 0x00, 0x10, 0x22, 0x00, 0x00, // 0x00B0
		0x56, 0x1F, 0x00, 0x00, 0x4E, 0x1F, 0x00, 0x00,
		0x3C, 0x1C, 0x00, 0x00, 0x46, 0x1F, 0x00, 0x00, // 0x00C0
		0x3E, 0x1F, 0x00, 0x00, 0x6C, 0x1C, 0x00, 0x00,
		0x64, 0x1C, 0x00, 0x00, 0x5C, 0x1C, 0x00, 0x00, // 0x00D0
		0x54, 0x1C, 0x00, 0x00, 0x4C, 0x1C, 0x00, 0x00,
		0x44, 0x1C, 0x00, 0x00, 0xEC, 0x22, 0x00, 0x00, // 0x00E0
		0xA0, 0x20, 0x00, 0x00, 0x74, 0x1C, 0x00, 0x00,
		0x36, 0x1F, 0x00, 0x00, 0x2E, 0x1F, 0x00, 0x00, // 0x00F0
		0x81, 0x62, 0x09, 0x00, 0x1A, 0x00, 0x00, 0x00,
		0x01, 0x00, 0x00, 0x80, 0x98, 0xE6, 0x7B, 0x02, // 0x0100
		0x6E, 0x00, 0x00, 0x00, 0x00, 0x00, 0x00, 0x00,
		0x00, 0x00, 0x00, 0x00, 0x00, 0x00, 0x00, 0x00, // 0x0110
		0x08, 0x07, 0x98, 0x3A, 0x0C, 0x17, 0x7C, 0x15,
		0xA8, 0x61, 0x70, 0x17, 0xD8, 0x59, 0xA8, 0x61, // 0x0120
		0x4C, 0x1D, 0xF0, 0x55, 0x70, 0x17, 0x00, 0x00,
		0x88, 0x13, 0x4C, 0x1D, 0x28, 0x23, 0xE0, 0x2E, // 0x0130
		0xE0, 0x2E, 0xA0, 0x0F, 0xF4, 0x01, 0xC8, 0x00,
		0x64, 0x00, 0x00, 0x00, 0x03, 0x00, 0x28, 0x00, // 0x0140
		0xF4, 0x01, 0x14, 0x00, 0x00, 0x00, 0x00, 0x00,
		0x96, 0x00, 0xB0, 0x04, 0x00, 0x00, 0x00, 0x00, // 0x0150
		0x80, 0x0D, 0x80, 0x0E, 0x8B, 0x0D, 0x91, 0x05,
		0x96, 0x03, 0x94, 0x08, 0x96, 0x08, 0x98, 0x08, // 0x0160
		0x7F, 0x09, 0x85, 0x07, 0x89, 0x0F, 0x8B, 0x10,
		0x8D, 0x0D, 0x8B, 0x2A, 0x92, 0x1E, 0x90, 0x18, // 0x0170
		0x01, 0x00, 0x08, 0x00, 0x5A, 0x00, 0x00, 0x00,
		0x20, 0x00, 0x00, 0x00, 0x00, 0x00, 0x00, 0x00, // 0x0180
		0x00, 0x00, 0x00, 0x00, 0x28, 0x00, 0x64, 0x00,
		0x00, 0x00, 0x00, 0x00, 0x00, 0x00, 0x00, 0x00, // 0x0190
		0x7E, 0x04, 0xAA, 0x05, 0x94, 0x11, 0x00, 0x00,
		0x40, 0x06, 0xD0, 0x07, 0x20, 0x4E, 0x20, 0x4E, // 0x01A0
		0xC0, 0x5D, 0x90, 0x65, 0x78, 0x00, 0x00, 0x00,
		0x00, 0x00, 0x00, 0x00, 0x90, 0x01, 0x46, 0x00, // 0x01B0
		0xAA, 0x05, 0xF5, 0x00, 0x00, 0x00, 0x00, 0x00,
		0x00, 0x00, 0x00, 0x00, 0x00, 0x00, 0x00, 0x00, // 0x01C0
		0x32, 0x32, 0x00, 0x00, 0x01, 0x00, 0x7C, 0x15,
		0x2C, 0x01, 0x64, 0x00, 0x5E, 0x01, 0xFF, 0x00, // 0x01D0
		0x00, 0x05, 0x00, 0x00, 0x40, 0x06, 0x08, 0x07,
		0x98, 0x08, 0xC4, 0x09, 0xB8, 0x0B, 0xB2, 0x0C, // 0x01E0
		0x00, 0x00, 0x00, 0x00, 0x00, 0x00, 0x00, 0x00,
		0x00, 0x00, 0x00, 0x00, 0x00, 0x00, 0x00, 0x00, // 0x01F0
		0xD3, 0x14, 0x6F, 0x33, 0x0C, 0x7C, 0x64, 0x31,
		0x00, 0xE0, 0xE4, 0x3C, 0x7D, 0x10, 0x83, 0x6D, // 0x0200
		0x63, 0xD8, 0x8C, 0x01, 0x00, 0xC4, 0x25, 0x84,
		0x40, 0x3B, 0x08, 0x08, 0x0A, 0x30, 0x18, 0x7C, // 0x0210
		0x0A, 0x31, 0x00, 0xE0, 0xCB, 0x3D, 0x01, 0x75,
		0x16, 0x04, 0x41, 0x3B, 0xFA, 0x31, 0x22, 0x41, // 0x0220
		0x17, 0x6C, 0x1F, 0x08, 0x00, 0xE0, 0xC2, 0x3D,
		0x1E, 0x33, 0xFA, 0x31, 0x0C, 0x7C, 0x22, 0x41, // 0x0230
		0x00, 0xE0, 0xBC, 0x3D, 0x0A, 0x31, 0x03, 0x6D,
		0x02, 0x46, 0x18, 0x60, 0x00, 0xE0, 0xB6, 0x3D, // 0x0240
		0x00, 0x61, 0x11, 0x75, 0xFA, 0x31, 0x22, 0x41,
		0x17, 0x6C, 0x00, 0xE0, 0xAF, 0x3D, 0xC8, 0x33, // 0x0250
		0xFA, 0x31, 0x0C, 0x7C, 0x22, 0x41, 0x00, 0xE0,
		0xA9, 0x3D, 0x10, 0x60, 0x01, 0x74, 0x93, 0x14, // 0x0260
		0x00, 0xE0, 0xA4, 0x3D, 0x3C, 0x33, 0xFA, 0x31,
		0x0C, 0x7C, 0x22, 0x41, 0xD3, 0x07, 0x00, 0x00, // 0x0270
		0x00, 0x00, 0x00, 0x20, 0xD4, 0x14, 0x66, 0x00,
		0x8F, 0x6D, 0x43, 0x93, 0x42, 0xE4, 0x08, 0x20, // 0x0280
		0xA8, 0x00, 0x40, 0x3A, 0xE8, 0x00, 0x2D, 0x08,
		0x83, 0xD8, 0x26, 0x10, 0x65, 0xD8, 0x28, 0x10, // 0x0290
		0x0C, 0x61, 0x65, 0xD8, 0x2A, 0x10, 0xD0, 0x60,
		0x99, 0x8D, 0x56, 0x8D, 0x0C, 0x65, 0x83, 0xC4, // 0x02A0
		0x20, 0x0C, 0x61, 0x8F, 0xC8, 0x64, 0x03, 0x08,
		0x84, 0xE4, 0xCF, 0x17, 0x11, 0x75, 0x85, 0xDC, // 0x02B0
		0xB5, 0x10, 0x0E, 0x61, 0xDF, 0x3C, 0x13, 0x6C,
		0x03, 0x0C, 0x00, 0x30, 0x12, 0x60, 0x20, 0xEB, // 0x02C0
		0xA0, 0x00, 0x43, 0x08, 0x07, 0x40, 0x01, 0xEA,
		0x88, 0x13, 0x00, 0xE0, 0x7B, 0x3C, 0xDF, 0x3C, // 0x02D0
		0xC3, 0x6C, 0x42, 0x0C, 0x20, 0xEB, 0x7F, 0x00,
		0x4E, 0x0C, 0x00, 0x30, 0x0E, 0x60, 0x41, 0x04, // 0x02E0
		0x80, 0x32, 0x63, 0x93, 0x47, 0x42, 0xC8, 0x68,
		0x40, 0x3B, 0x06, 0x08, 0x63, 0x96, 0x63, 0xE4, // 0x02F0
		0x20, 0x20, 0x40, 0x3B, 0x06, 0x08, 0x86, 0xD8,
		0x26, 0x10, 0x65, 0xD8, 0x29, 0x10, 0xC9, 0x07, // 0x0300
		0x00, 0x8F, 0x14, 0x31, 0x85, 0xD8, 0x27, 0x10,
		0x00, 0xE0, 0x50, 0x3D, 0x01, 0x74, 0x61, 0x5C, // 0x0310
		0xDF, 0x3B, 0x19, 0x08, 0xCC, 0x7C, 0x45, 0xD8,
		0x26, 0x10, 0xC8, 0x7C, 0x63, 0x53, 0x85, 0xD8, // 0x0320
		0x29, 0x10, 0xD0, 0x60, 0x85, 0xD8, 0x28, 0x10,
		0x00, 0x32, 0x0C, 0x65, 0x64, 0xC4, 0x40, 0x0C, // 0x0330
		0x86, 0xD8, 0x3E, 0x10, 0xD0, 0x60, 0x03, 0xEB,
		0x45, 0x00, 0x62, 0xC4, 0x20, 0x0C, 0x86, 0xD8, // 0x0340
		0x25, 0x10, 0xA7, 0x07, 0x00, 0x33, 0xEC, 0x07,
		0x20, 0xEB, 0x50, 0x00, 0x17, 0x0C, 0x34, 0x38, // 0x0350
		0xC3, 0x64, 0xDF, 0x3C, 0xC3, 0x0B, 0x23, 0xEB,
		0x7F, 0x00, 0x7F, 0x30, 0x03, 0xC4, 0x40, 0x0C, // 0x0360
		0x02, 0x74, 0x65, 0xD8, 0x7A, 0x20, 0x63, 0xE4,
		0x01, 0x20, 0x40, 0x3B, 0x00, 0x33, 0x03, 0xC4, // 0x0370
		0x40, 0x0C, 0x94, 0x14, 0x00, 0x30, 0x7E, 0x28,
		0xF5, 0x07, 0x02, 0x33, 0xEB, 0x07, 0x45, 0x02, // 0x0380
		0x63, 0x92, 0x63, 0xE4, 0x00, 0x22, 0x40, 0x3B,
		0xFC, 0x0B, 0x00, 0xB2, 0x3C, 0x78, 0xD4, 0x14, // 0x0390
		0x69, 0x02, 0x00, 0x32, 0x60, 0x83, 0x00, 0x23,
		0x25, 0x3B, 0x62, 0xC4, 0x20, 0x0C, 0x61, 0x43, // 0x03A0
		0xB1, 0x02, 0x4C, 0x02, 0x8C, 0x60, 0xE0, 0x8A,
		0x4D, 0x02, 0xC8, 0x60, 0x07, 0xE4, 0x09, 0x00, // 0x03B0
		0xFA, 0x31, 0xE5, 0xD8, 0x5E, 0x00, 0xC0, 0x5F,
		0x00, 0x8B, 0x22, 0x41, 0x18, 0x7C, 0xF7, 0x02, // 0x03C0
		0x00, 0xE0, 0xF4, 0x3C, 0x03, 0x6D, 0x1B, 0x6C,
		0x00, 0xE0, 0xD6, 0x2D, 0x80, 0x33, 0x43, 0x95, // 0x03D0
		0x6E, 0x43, 0x8C, 0x68, 0x40, 0x3A, 0x7C, 0x0C,
		0x2F, 0x20, 0x01, 0x40, 0x1C, 0x60, 0x40, 0x80, // 0x03E0
		0x08, 0x7D, 0x40, 0xD8, 0x01, 0x40, 0x32, 0x30,
		0x87, 0x54, 0x08, 0x7C, 0x00, 0x33, 0x00, 0x61, // 0x03F0
		0xDF, 0x3C, 0x83, 0xC4, 0x40, 0x0C, 0x19, 0x74,
		0xFF, 0xE3, 0xFC, 0xFE, 0x45, 0xD8, 0x55, 0x00, // 0x0400
		0x00, 0x61, 0x4A, 0x3A, 0x76, 0x08, 0x45, 0xD8,
		0x74, 0x00, 0x40, 0x3A, 0x70, 0x08, 0x63, 0x2C, // 0x0410
		0x45, 0xD8, 0x74, 0x00, 0x02, 0xEB, 0x63, 0x00,
		0x04, 0x08, 0x00, 0x22, 0x45, 0xDC, 0x74, 0x00, // 0x0420
		0x04, 0xEB, 0xFF, 0xFF, 0x02, 0xEA, 0xFF, 0xFF,
		0x44, 0xC4, 0x20, 0x0C, 0x47, 0xDC, 0xB8, 0x10, // 0x0430
		0xC7, 0xD8, 0xB2, 0x01, 0xFA, 0x32, 0x42, 0x42,
		0xC1, 0x4E, 0x88, 0x7D, 0x9E, 0xB5, 0x0F, 0x44, // 0x0440
		0x5B, 0x6C, 0x00, 0xE0, 0xB3, 0x3C, 0x27, 0xD8,
		0x77, 0x20, 0x54, 0x03, 0x03, 0x6D, 0x86, 0x64, // 0x0450
		0x52, 0x08, 0x80, 0x33, 0x43, 0x95, 0x6E, 0x43,
		0x8C, 0x68, 0x40, 0x3A, 0x4C, 0x0C, 0x5E, 0x03, // 0x0460
		0x22, 0x8A, 0x01, 0xEB, 0xE0, 0x2E, 0x47, 0x0C,
		0x40, 0x8A, 0x00, 0x30, 0x02, 0xEB, 0x90, 0x01, // 0x0470
		0x02, 0xEA, 0xAC, 0x0D, 0x02, 0xC4, 0x40, 0x0C,
		0x5B, 0x6C, 0x0F, 0x40, 0x00, 0xE0, 0xA2, 0x3B, // 0x0480
		0x5E, 0x13, 0x10, 0x60, 0x20, 0x92, 0x41, 0x48,
		0x40, 0x39, 0x02, 0xC4, 0x40, 0x0C, 0x02, 0xEA, // 0x0490
		0xFF, 0xFF, 0x00, 0xEB, 0xFF, 0xFF, 0x02, 0xC4,
		0x40, 0x0C, 0x31, 0x33, 0x81, 0x74, 0x65, 0xDC, // 0x04A0
		0x24, 0x00, 0x65, 0xD8, 0x57, 0x00, 0x47, 0xDC,
		0xDB, 0x10, 0x48, 0x4A, 0x65, 0xDC, 0x25, 0x00, // 0x04B0
		0x45, 0xDC, 0x26, 0x00, 0x05, 0xDC, 0x27, 0x00,
		0x00, 0xE0, 0xA5, 0x25, 0x65, 0xD8, 0x57, 0x00, // 0x04C0
		0x44, 0x3B, 0x05, 0x0C, 0x80, 0x30, 0x12, 0x40,
		0x00, 0xE0, 0x7B, 0x31, 0x94, 0x14, 0x37, 0x20, // 0x04D0
		0x01, 0x40, 0x1C, 0x60, 0x20, 0x80, 0x04, 0x7D,
		0x20, 0xD8, 0x01, 0x40, 0x32, 0x30, 0x87, 0x54, // 0x04E0
		0x04, 0x7C, 0x00, 0x61, 0xDF, 0x3C, 0x82, 0xC4,
		0x40, 0x0C, 0x86, 0x07, 0x4F, 0x24, 0x91, 0x07, // 0x04F0
		0x43, 0x95, 0x8F, 0x07, 0x00, 0x30, 0xC1, 0x07,
		0xC4, 0x14, 0x21, 0x14, 0x60, 0x13, 0xAE, 0x5B, // 0x0500
		0x41, 0x93, 0xA0, 0xB8, 0x80, 0x92, 0x4A, 0x65,
		0x26, 0x08, 0x00, 0x35, 0x41, 0x45, 0x94, 0x5A, // 0x0510
		0x83, 0x44, 0x0C, 0x61, 0xE7, 0x94, 0xC4, 0xE4,
		0x1B, 0x00, 0x40, 0x3F, 0x34, 0x08, 0x07, 0xB4, // 0x0520
		0xC0, 0xC7, 0x20, 0x50, 0x02, 0x28, 0x06, 0x64,
		0x13, 0x24, 0xC2, 0x5D, 0x22, 0x08, 0x01, 0x30, // 0x0530
		0x00, 0xB4, 0x01, 0x46, 0x18, 0x60, 0x03, 0x40,
		0x0C, 0x60, 0x20, 0xB0, 0x94, 0x60, 0x11, 0x12, // 0x0540
		0x43, 0x42, 0x08, 0x60, 0x22, 0x93, 0x02, 0xB3,
		0xC8, 0x60, 0x40, 0x98, 0x29, 0xB3, 0x48, 0xB3, // 0x0550
		0x00, 0xB1, 0x0A, 0x04, 0x0F, 0x2A, 0xC3, 0x92,
		0x1A, 0x64, 0x08, 0x08, 0xC0, 0xC7, 0x23, 0x50, // 0x0560
		0x00, 0x2B, 0x21, 0xB2, 0x62, 0xB2, 0x01, 0x14,
		0x84, 0x14, 0x93, 0x6C, 0x80, 0x94, 0xCC, 0x07, // 0x0570
		0x20, 0xB4, 0xC0, 0xC7, 0x20, 0x50, 0x21, 0x46,
		0x00, 0x28, 0x58, 0x60, 0x23, 0x41, 0x4C, 0x60, // 0x0580
		0x00, 0xB1, 0xDD, 0x07, 0x00, 0x25, 0x48, 0x3D,
		0xC2, 0x0B, 0xEE, 0x07, 0xC4, 0x14, 0x38, 0x16, // 0x0590
		0x00, 0x31, 0x01, 0xB8, 0x40, 0xE4, 0x1F, 0x00,
		0x08, 0x1B, 0x81, 0x82, 0x0C, 0x59, 0x60, 0x82, // 0x05A0
		0x90, 0x44, 0x78, 0x43, 0xD0, 0x6C, 0x83, 0x82,
		0xD0, 0x6C, 0x82, 0x82, 0x88, 0x44, 0x03, 0x21, // 0x05B0
		0x41, 0xEB, 0x40, 0x00, 0xD0, 0x6C, 0x60, 0xB0,
		0x03, 0x22, 0xEF, 0x0B, 0x10, 0x31, 0x08, 0x1A, // 0x05C0
		0x08, 0x92, 0x6D, 0x92, 0xC1, 0x6C, 0x02, 0x92,
		0xC1, 0x6C, 0x00, 0x92, 0xC1, 0x6C, 0x00, 0x21, // 0x05D0
		0x41, 0xEB, 0x50, 0x00, 0x23, 0xC4, 0x03, 0x49,
		0x70, 0xB2, 0x03, 0x22, 0xF2, 0x0B, 0x61, 0x98, // 0x05E0
		0x00, 0x32, 0x60, 0x93, 0x62, 0xB8, 0x61, 0x98,
		0xC2, 0x98, 0x61, 0x93, 0x63, 0xB8, 0x61, 0x98, // 0x05F0
		0x23, 0x98, 0x62, 0x93, 0x64, 0xB8, 0x61, 0x98,
		0xE4, 0x98, 0x63, 0x93, 0x65, 0xB8, 0x61, 0x98, // 0x0600
		0x64, 0x93, 0x66, 0xB8, 0x4F, 0x6D, 0x65, 0x98,
		0x9F, 0x10, 0xA6, 0xC4, 0x00, 0x49, 0x10, 0x60, // 0x0610
		0x00, 0xB8, 0x08, 0x18, 0x80, 0x5A, 0x80, 0x94,
		0x00, 0x98, 0x03, 0x22, 0x10, 0x60, 0x42, 0xEB, // 0x0620
		0x50, 0x00, 0x67, 0xC4, 0x44, 0x24, 0x04, 0x69,
		0x0D, 0x6D, 0x10, 0x60, 0xC1, 0xC7, 0x04, 0x49, // 0x0630
		0x14, 0x60, 0x5B, 0x6C, 0x4F, 0x6D, 0x87, 0x08,
		0x14, 0x31, 0xB4, 0x10, 0xA0, 0xC4, 0x02, 0x49, // 0x0640
		0x94, 0x60, 0x86, 0xC4, 0x45, 0x24, 0x5D, 0x6D,
		0x94, 0x60, 0x40, 0xB8, 0xA2, 0x41, 0x00, 0x21, // 0x0650
		0x41, 0xEB, 0x28, 0x00, 0x08, 0x1A, 0x1B, 0x04,
		0x08, 0x02, 0x00, 0x20, 0x00, 0x00, 0x00, 0x20, // 0x0660
		0xD0, 0x04, 0x00, 0x20, 0x00, 0x80, 0x00, 0x40,
		0x60, 0x0C, 0x00, 0x20, 0x62, 0x0C, 0x00, 0x20, // 0x0670
		0x6E, 0x0C, 0x00, 0x20, 0x01, 0x0A, 0x01, 0x09,
		0xC4, 0x05, 0x00, 0x20, 0xF0, 0x04, 0x00, 0x20, // 0x0680
		0x10, 0x05, 0x00, 0x20, 0x99, 0x79, 0x82, 0x5A,
		0xA1, 0xEB, 0xD9, 0x6E, 0x48, 0x61, 0xA0, 0x95, // 0x0690
		0x40, 0x98, 0x94, 0x60, 0xC6, 0xC7, 0x05, 0x49,
		0x8C, 0x60, 0x83, 0x6D, 0xDF, 0x6C, 0x57, 0x08, // 0x06A0
		0x85, 0xC4, 0x23, 0x24, 0xC0, 0x68, 0x85, 0xC4,
		0x26, 0x20, 0xD8, 0x6C, 0x67, 0xB8, 0xA2, 0xC4, // 0x06B0
		0x06, 0x49, 0x69, 0x01, 0x8C, 0x61, 0x67, 0x98,
		0xD8, 0x60, 0x60, 0xB8, 0xC2, 0x41, 0x00, 0x21, // 0x06C0
		0x41, 0xEB, 0x3C, 0x00, 0x08, 0x1B, 0x8C, 0x61,
		0xC0, 0x96, 0x60, 0x98, 0xD8, 0x60, 0xC0, 0xC7, // 0x06D0
		0x06, 0x49, 0xDC, 0x60, 0x0B, 0x6C, 0xD3, 0x6D,
		0x3E, 0x08, 0xC2, 0xC4, 0x40, 0x24, 0x15, 0x6C, // 0x06E0
		0x07, 0xB8, 0xF4, 0x01, 0xA3, 0xC4, 0x00, 0x49,
		0x1C, 0x60, 0xE7, 0x98, 0xC0, 0x61, 0xE0, 0xB8, // 0x06F0
		0xE2, 0x41, 0x00, 0x21, 0x41, 0xEB, 0x50, 0x00,
		0x08, 0x18, 0xC0, 0x61, 0xE0, 0x97, 0x00, 0x98, // 0x0700
		0x1C, 0x60, 0xC2, 0xC7, 0x07, 0x49, 0x10, 0x60,
		0x8F, 0x6C, 0x17, 0x6D, 0x28, 0x08, 0x42, 0x98, // 0x0710
		0x80, 0x60, 0x0B, 0x6C, 0x41, 0x98, 0x00, 0xB2,
		0x43, 0x98, 0x8C, 0x60, 0xCB, 0x6C, 0x41, 0x98, // 0x0720
		0x61, 0xB2, 0x64, 0x98, 0xDC, 0x60, 0xCF, 0x6D,
		0x65, 0x98, 0xD8, 0x60, 0x8F, 0x6D, 0x66, 0x98, // 0x0730
		0xD4, 0x60, 0x4F, 0x6D, 0xE2, 0xB2, 0xC3, 0xB2,
		0xCB, 0x6C, 0xA4, 0xB2, 0x00, 0x32, 0x47, 0xB3, // 0x0740
		0x18, 0x16, 0x84, 0x14, 0xDF, 0x6C, 0x83, 0x6D,
		0xD3, 0x6D, 0x5F, 0x07, 0xD3, 0x6D, 0x0B, 0x6C, // 0x0750
		0x17, 0x6D, 0x74, 0x07, 0x17, 0x6D, 0x8F, 0x6C,
		0x5B, 0x6D, 0xA3, 0x07, 0x5B, 0x6D, 0xC3, 0x6C, // 0x0760
		0x9F, 0x6D, 0xBC, 0x07, 0xD4, 0x14, 0x03, 0x6D,
		0x40, 0x39, 0x01, 0x90, 0x20, 0x94, 0x1B, 0x0C, // 0x0770
		0x01, 0x35, 0x40, 0x71, 0x44, 0x6D, 0x57, 0x6C,
		0x00, 0x36, 0x40, 0x39, 0x0B, 0x08, 0x8C, 0x65, // 0x0780
		0x0D, 0x0C, 0xA0, 0xB4, 0x4B, 0x6C, 0x00, 0x20,
		0x00, 0xE0, 0x6A, 0x3B, 0x01, 0xB4, 0x00, 0x30, // 0x0790
		0x09, 0x04, 0xE3, 0x59, 0x00, 0x26, 0x5C, 0x68,
		0xF1, 0x07, 0x00, 0x33, 0x01, 0x30, 0x60, 0xB4, // 0x07A0
		0x61, 0xB4, 0x94, 0x14, 0x00, 0x33, 0x01, 0x2B,
		0xC3, 0x70, 0xC4, 0x68, 0x60, 0xB4, 0xEB, 0x07, // 0x07B0
		0x1F, 0x38, 0x13, 0x0C, 0xC2, 0x74, 0xDF, 0x3B,
		0x05, 0x08, 0x1F, 0x28, 0x04, 0x50, 0x01, 0x20, // 0x07C0
		0x3C, 0x78, 0xDF, 0x33, 0x0C, 0x64, 0x05, 0x0C,
		0x7F, 0x28, 0x03, 0x50, 0x07, 0x20, 0xF9, 0x07, // 0x07D0
		0xDF, 0x28, 0x02, 0x50, 0x13, 0x20, 0xF5, 0x07,
		0x01, 0x30, 0xF3, 0x07, 0x24, 0x14, 0x63, 0xB8, // 0x07E0
		0x42, 0xB8, 0x21, 0xB8, 0x00, 0xB8, 0xD4, 0x14,
		0x25, 0x14, 0x75, 0x03, 0x0B, 0x1E, 0xAA, 0x98, // 0x07F0
		0x61, 0xB8, 0x00, 0x85, 0x40, 0x38, 0x0A, 0x08,
		0x05, 0x14, 0xEE, 0xD9, 0x04, 0x20, 0xE3, 0x98, // 0x0800
		0xC2, 0x98, 0xA1, 0x98, 0x80, 0x98, 0x09, 0x14,
		0x3C, 0x78, 0x40, 0xEB, 0x25, 0x00, 0x04, 0x0C, // 0x0810
		0xFF, 0xE3, 0xB7, 0xFD, 0x52, 0x04, 0x61, 0x85,
		0x43, 0xEB, 0x30, 0x00, 0x50, 0x0C, 0x20, 0x33, // 0x0820
		0x00, 0x25, 0x60, 0xB8, 0x00, 0x34, 0x0A, 0x30,
		0x60, 0x85, 0x43, 0xE4, 0x2F, 0x10, 0x48, 0x74, // 0x0830
		0x08, 0x39, 0x48, 0x0C, 0x43, 0xEB, 0x64, 0x00,
		0x50, 0x08, 0x6E, 0x5E, 0x62, 0xB8, 0x60, 0x96, // 0x0840
		0xDF, 0x3B, 0x44, 0x0C, 0x2D, 0x37, 0x00, 0x32,
		0x00, 0x2C, 0x6D, 0x5A, 0x00, 0x36, 0x21, 0x98, // 0x0850
		0x0F, 0x6C, 0x00, 0x26, 0x43, 0x5E, 0x84, 0x60,
		0x0A, 0x31, 0x44, 0xB8, 0x63, 0xB8, 0x00, 0xE0, // 0x0860
		0x7D, 0x3A, 0x44, 0x98, 0x63, 0x98, 0x2F, 0x20,
		0x00, 0xA2, 0x0A, 0x31, 0x0F, 0x6C, 0x00, 0xE0, // 0x0870
		0xA9, 0x39, 0xC3, 0x6C, 0x40, 0x38, 0xEC, 0x0B,
		0x60, 0x98, 0x1A, 0x61, 0x43, 0xEB, 0x30, 0x00, // 0x0880
		0x07, 0x08, 0x47, 0xEB, 0x2D, 0x00, 0x04, 0x08,
		0x2D, 0x30, 0xFF, 0xE3, 0x7A, 0xFD, 0x20, 0x3C, // 0x0890
		0x1F, 0x0C, 0x60, 0x98, 0x43, 0xEB, 0x20, 0x00,
		0x07, 0x08, 0x47, 0xEB, 0x2D, 0x00, 0x04, 0x08, // 0x08A0
		0x2D, 0x30, 0xFF, 0xE3, 0x6E, 0xFD, 0x00, 0x2E,
		0x61, 0x98, 0xD8, 0x60, 0x00, 0x83, 0xFF, 0xE3, // 0x08B0
		0x68, 0xFD, 0x40, 0x3E, 0xF9, 0x0B, 0xC2, 0x98,
		0x00, 0x25, 0x9C, 0x07, 0x01, 0x25, 0x30, 0x33, // 0x08C0
		0xB1, 0x07, 0x00, 0x7D, 0x00, 0x25, 0x08, 0x61,
		0xB0, 0x07, 0x2B, 0x37, 0xC0, 0x07, 0x00, 0x98, // 0x08D0
		0x00, 0x2C, 0xFF, 0xE3, 0x56, 0xFD, 0xDC, 0x07,
		0x43, 0xE4, 0xDF, 0x20, 0x42, 0xEB, 0x58, 0x00, // 0x08E0
		0x2A, 0x08, 0x4E, 0x5E, 0x42, 0xB8, 0x20, 0x2B,
		0x4A, 0x12, 0x01, 0x30, 0x20, 0x96, 0x43, 0xB8, // 0x08F0
		0xCF, 0x6D, 0x61, 0xE4, 0x0F, 0x20, 0xCC, 0x74,
		0x60, 0xA2, 0x09, 0x3B, 0x83, 0x6D, 0x14, 0x08, // 0x0900
		0x2F, 0x23, 0x24, 0x49, 0x60, 0xA2, 0x40, 0x39,
		0x00, 0x22, 0x00, 0x20, 0xF3, 0x0B, 0x1A, 0x61, // 0x0910
		0x20, 0x3C, 0x0C, 0x0C, 0x00, 0x2E, 0x63, 0x98,
		0xD8, 0x60, 0x00, 0x83, 0xFF, 0xE3, 0x31, 0xFD, // 0x0920
		0x40, 0x3E, 0xF9, 0x0B, 0xC9, 0x07, 0xDC, 0x60,
		0xED, 0x07, 0x00, 0x98, 0x00, 0x2C, 0xFF, 0xE3, // 0x0930
		0x28, 0xFD, 0xEF, 0x07, 0x43, 0xEB, 0x73, 0x00,
		0x0C, 0x08, 0x80, 0x96, 0xEE, 0x5E, 0x00, 0x84, // 0x0940
		0x40, 0x38, 0x03, 0x08, 0x9F, 0x6D, 0xB9, 0x07,
		0xFF, 0xE3, 0x1B, 0xFD, 0x00, 0x24, 0xF8, 0x07, // 0x0950
		0x43, 0xEB, 0x25, 0x00, 0xB2, 0x0B, 0x25, 0x30,
		0x5C, 0x07, 0xD0, 0x14, 0x08, 0x30, 0x00, 0xE0, // 0x0960
		0xC8, 0x2E, 0x6D, 0x11, 0x0D, 0x32, 0x80, 0x30,
		0x43, 0xDC, 0x55, 0x00, 0x06, 0x40, 0x4B, 0x11, // 0x0970
		0x51, 0xB3, 0x00, 0xE0, 0x1C, 0x0B, 0x0A, 0x11,
		0xFF, 0xE3, 0x32, 0xFF, 0x90, 0x14, 0xD1, 0x14, // 0x0980
		0x65, 0x11, 0x02, 0x32, 0x03, 0xDC, 0x25, 0x00,
		0x03, 0x6D, 0x43, 0xDC, 0x24, 0x00, 0x00, 0xE0, // 0x0990
		0x3A, 0x23, 0x80, 0x30, 0x01, 0x40, 0x00, 0xE0,
		0x0A, 0x0B, 0x53, 0x6C, 0x01, 0x11, 0xFF, 0xE3, // 0x09A0
		0x1F, 0xFF, 0x91, 0x14, 0xD2, 0x14, 0x7C, 0x10,
		0x20, 0x32, 0x03, 0x6D, 0x47, 0x6D, 0x43, 0xDC, // 0x09B0
		0x24, 0x00, 0x03, 0xDC, 0x25, 0x00, 0x23, 0xDC,
		0x26, 0x00, 0x00, 0xE0, 0x24, 0x23, 0x97, 0x6C, // 0x09C0
		0x53, 0x6C, 0x19, 0x10, 0xFF, 0xE3, 0x0C, 0xFF,
		0x92, 0x14, 0xD1, 0x14, 0x92, 0x10, 0x04, 0xD8, // 0x09D0
		0x55, 0x00, 0x00, 0x28, 0x07, 0x38, 0x2B, 0x08,
		0x00, 0xE0, 0x90, 0x3A, 0x04, 0x36, 0x43, 0x4D, // 0x09E0
		0x5B, 0x67, 0x73, 0x7F, 0x22, 0x33, 0x64, 0xDC,
		0x24, 0x00, 0x00, 0x33, 0x64, 0xDC, 0x25, 0x00, // 0x09F0
		0x2E, 0x33, 0x64, 0xDC, 0x26, 0x00, 0x00, 0xE0,
		0x06, 0x23, 0x2E, 0x32, 0x00, 0x31, 0x0B, 0x10, // 0x0A00
		0xFF, 0xE3, 0xEE, 0xFE, 0x14, 0x04, 0x00, 0x00,
		0xDC, 0xBC, 0x1B, 0x8F, 0xD6, 0xC1, 0x62, 0xCA, // 0x0A10
		0x7C, 0x0C, 0x00, 0x20, 0x08, 0x02, 0x00, 0x20,
		0x8C, 0x10, 0x00, 0x00, 0x7A, 0x74, 0x00, 0x00, // 0x0A20
		0x86, 0x74, 0x00, 0x00, 0x91, 0x74, 0x00, 0x00,
		0xA2, 0x74, 0x00, 0x00, 0x64, 0xD8, 0x55, 0x00, // 0x0A30
		0x08, 0x3B, 0x0A, 0x08, 0x80, 0x30, 0x12, 0x40,
		0x00, 0xE0, 0xC3, 0x2E, 0x64, 0xD8, 0x56, 0x00, // 0x0A40
		0x00, 0x23, 0x64, 0xDC, 0x56, 0x00, 0x91, 0x14,
		0x07, 0x33, 0x64, 0xDC, 0x24, 0x00, 0x30, 0x33, // 0x0A50
		0x64, 0xDC, 0x25, 0x00, 0x00, 0xE0, 0xD7, 0x22,
		0x30, 0x31, 0x1F, 0x00, 0xFF, 0xE3, 0xC0, 0xFE, // 0x0A60
		0xE6, 0x07, 0x07, 0x33, 0x64, 0xDC, 0x24, 0x00,
		0x31, 0x33, 0x64, 0xDC, 0x25, 0x00, 0x00, 0xE0, // 0x0A70
		0xCA, 0x22, 0x31, 0x31, 0xF3, 0x07, 0x65, 0x01,
		0x23, 0xD8, 0xAC, 0x01, 0x63, 0xD8, 0xB0, 0x01, // 0x0A80
		0x4E, 0x64, 0x08, 0x0C, 0x04, 0x33, 0x02, 0x30,
		0x64, 0xDC, 0x55, 0x00, 0xFF, 0xE3, 0x8C, 0xFF, // 0x0A90
		0xCE, 0x07, 0x6C, 0x01, 0x23, 0xD8, 0xAF, 0x01,
		0x63, 0xD8, 0xB3, 0x01, 0x4E, 0x64, 0x06, 0x0C, // 0x0AA0
		0x05, 0x33, 0x03, 0x30, 0x64, 0xDC, 0x55, 0x00,
		0xF2, 0x07, 0x72, 0x01, 0x23, 0xD8, 0xAD, 0x01, // 0x0AB0
		0x63, 0xD8, 0xB1, 0x01, 0x4E, 0x64, 0x06, 0x0C,
		0x06, 0x33, 0x01, 0x30, 0x64, 0xDC, 0x55, 0x00, // 0x0AC0
		0xE6, 0x07, 0x78, 0x01, 0x23, 0xD8, 0xAE, 0x01,
		0x63, 0xD8, 0xB2, 0x01, 0x4E, 0x64, 0x06, 0x0C, // 0x0AD0
		0x07, 0x33, 0x04, 0x30, 0x64, 0xDC, 0x55, 0x00,
		0xDA, 0x07, 0x08, 0x33, 0x24, 0xD8, 0x59, 0x00, // 0x0AE0
		0x64, 0xDC, 0x55, 0x00, 0x00, 0x30, 0xD3, 0x07,
		0x41, 0x02, 0x62, 0x92, 0x63, 0xEC, 0x02, 0x00, // 0x0AF0
		0x62, 0xB2, 0x3C, 0x78, 0xD0, 0x14, 0xFA, 0x31,
		0x22, 0x41, 0x00, 0xE0, 0x57, 0x39, 0x01, 0x74, // 0x0B00
		0xC3, 0x6C, 0x15, 0x38, 0x02, 0x08, 0x16, 0x33,
		0x8D, 0x74, 0x1D, 0x3A, 0x02, 0x0C, 0x1D, 0x33, // 0x0B10
		0x2A, 0x02, 0x09, 0x02, 0x40, 0x91, 0x15, 0x2B,
		0xCD, 0x74, 0x80, 0x68, 0x61, 0x43, 0x0B, 0x02, // 0x0B20
		0xC0, 0x60, 0x60, 0x8B, 0xC8, 0x6C, 0x60, 0xB1,
		0x90, 0x14, 0xD0, 0x14, 0xFA, 0x31, 0x22, 0x41, // 0x0B30
		0x00, 0xE0, 0x3C, 0x39, 0x01, 0x74, 0xC3, 0x6C,
		0x13, 0x38, 0x02, 0x08, 0x14, 0x33, 0x0D, 0x74, // 0x0B40
		0x56, 0x02, 0x1B, 0x38, 0x20, 0x92, 0x02, 0x0C,
		0x1B, 0x33, 0x00, 0x30, 0x07, 0x28, 0x40, 0x68, // 0x0B50
		0xCD, 0x74, 0x13, 0x2B, 0xC4, 0x6C, 0x60, 0xB2,
		0x90, 0x14, 0xD1, 0x14, 0x9D, 0x02, 0x09, 0x38, // 0x0B60
		0x05, 0x08, 0x65, 0x94, 0x8D, 0x3B, 0x65, 0xB4,
		0x91, 0x14, 0x00, 0xEB, 0x63, 0x00, 0x0E, 0x08, // 0x0B70
		0x0A, 0x31, 0x00, 0xE0, 0x1B, 0x39, 0x65, 0x94,
		0x00, 0x32, 0x0F, 0x2A, 0xC8, 0x68, 0x0C, 0x6C, // 0x0B80
		0x05, 0xB4, 0x65, 0x94, 0x63, 0xEC, 0x00, 0x20,
		0xEF, 0x07, 0x00, 0xEB, 0xFA, 0x00, 0x07, 0x08, // 0x0B90
		0x19, 0x31, 0x63, 0x28, 0x00, 0xE0, 0x0A, 0x39,
		0x08, 0x20, 0xEE, 0x07, 0x0F, 0x30, 0xEC, 0x07, // 0x0BA0
		0x6B, 0x03, 0x40, 0x38, 0x41, 0x93, 0x42, 0xEC,
		0x40, 0x00, 0x41, 0xB3, 0x41, 0x93, 0x05, 0x0C, // 0x0BB0
		0x42, 0xEC, 0x20, 0x00, 0x41, 0xB3, 0x3C, 0x78,
		0x85, 0x3A, 0xFD, 0x07, 0x71, 0x03, 0x30, 0x03, // 0x0BC0
		0x43, 0x93, 0x84, 0x6C, 0x43, 0xB3, 0x40, 0x93,
		0x42, 0xEC, 0x24, 0x41, 0x40, 0xB3, 0x3C, 0x78, // 0x0BD0
		0xD0, 0x14, 0x0A, 0x31, 0x00, 0xE0, 0xEA, 0x38,
		0x03, 0xEA, 0xFF, 0x0F, 0x00, 0xEB, 0xFF, 0x0F, // 0x0BE0
		0x03, 0xC4, 0x40, 0x0C, 0x7B, 0x03, 0x43, 0x93,
		0xBB, 0x3A, 0x43, 0xB3, 0x43, 0x93, 0x92, 0x3A, // 0x0BF0
		0x93, 0x3A, 0x43, 0xB3, 0x43, 0x93, 0xB2, 0x3A,
		0xB3, 0x3A, 0x43, 0xB3, 0x01, 0xB3, 0x90, 0x14, // 0x0C00
		0xD3, 0x14, 0x7F, 0x13, 0x81, 0x75, 0x43, 0x93,
		0x42, 0xE4, 0x08, 0x20, 0x43, 0x6D, 0x40, 0x3A, // 0x0C10
		0x80, 0x30, 0xC3, 0xDC, 0x26, 0x10, 0x07, 0x40,
		0x0F, 0x6D, 0x05, 0x0C, 0x79, 0x13, 0x61, 0x8B, // 0x0C20
		0x4C, 0x65, 0x09, 0x08, 0x00, 0xE0, 0xC7, 0x2D,
		0x17, 0x6C, 0xFF, 0xE3, 0xD3, 0xFF, 0xC4, 0xDC, // 0x0C30
		0x25, 0x10, 0x93, 0x14, 0x00, 0xE0, 0xC5, 0x2D,
		0xFA, 0x31, 0x21, 0x41, 0x12, 0x13, 0xFF, 0xE3, // 0x0C40
		0x5D, 0xFC, 0xF8, 0x07, 0xD2, 0x14, 0x8E, 0x13,
		0x80, 0x30, 0x63, 0x94, 0x07, 0x40, 0xC0, 0x68, // 0x0C50
		0x40, 0x3B, 0x13, 0x0C, 0x6B, 0x13, 0x42, 0x13,
		0x61, 0x8B, 0x42, 0xD8, 0xB5, 0x10, 0xCA, 0x60, // 0x0C60
		0x23, 0xEB, 0x31, 0x00, 0x0B, 0x0C, 0x00, 0xE0,
		0xA6, 0x2D, 0xA4, 0xD8, 0x26, 0x10, 0x17, 0x6C, // 0x0C70
		0xFF, 0xE3, 0xB0, 0xFF, 0xA4, 0xDC, 0x25, 0x10,
		0x92, 0x14, 0x64, 0x31, 0x02, 0x13, 0xFF, 0xE3, // 0x0C80
		0x3D, 0xFC, 0xFB, 0x07, 0x61, 0x13, 0x60, 0x93,
		0x63, 0xE4, 0x7F, 0x20, 0xC0, 0x68, 0x40, 0x3B, // 0x0C90
		0x0D, 0x08, 0x23, 0xEA, 0x01, 0x40, 0x07, 0x48,
		0x60, 0x93, 0x00, 0xE4, 0x1F, 0x20, 0x0C, 0x68, // 0x0CA0
		0x40, 0x38, 0x00, 0xC4, 0x00, 0x05, 0x00, 0x74,
		0x3C, 0x78, 0x01, 0x30, 0xFE, 0x07, 0xC1, 0x14, // 0x0CB0
		0x44, 0x74, 0x56, 0x12, 0x40, 0x39, 0x60, 0xE4,
		0x7F, 0x20, 0x81, 0x92, 0x0F, 0x0C, 0xD0, 0x6C, // 0x0CC0
		0x61, 0xB2, 0x40, 0x39, 0x07, 0x48, 0x23, 0xEA,
		0x01, 0x40, 0x00, 0xE4, 0x1F, 0x20, 0x41, 0x93, // 0x0CD0
		0x08, 0x0C, 0x02, 0xC4, 0x40, 0x20, 0x01, 0xB3,
		0x81, 0x14, 0x64, 0xC4, 0x43, 0x20, 0xF1, 0x07, // 0x0CE0
		0x08, 0x6C, 0xFA, 0x07, 0xD0, 0x14, 0x6A, 0x12,
		0x20, 0x93, 0xC5, 0x74, 0x40, 0x3B, 0x07, 0x0C, // 0x0CF0
		0x4F, 0x6C, 0x08, 0x12, 0x00, 0xE0, 0x66, 0x37,
		0x01, 0x74, 0x90, 0x14, 0x01, 0x30, 0xFD, 0x07, // 0x0D00
		0xD4, 0x14, 0xC5, 0x12, 0x96, 0x11, 0x21, 0x8E,
		0x51, 0x8C, 0xBD, 0x11, 0x48, 0x64, 0x17, 0x08, // 0x0D10
		0x02, 0x12, 0xFF, 0xE3, 0x65, 0xFD, 0x80, 0x30,
		0x01, 0x40, 0x00, 0xE0, 0x52, 0x2D, 0x32, 0x33, // 0x0D20
		0x03, 0x30, 0x64, 0xB5, 0x04, 0x33, 0x64, 0xDC,
		0x90, 0x01, 0x65, 0xDC, 0x5C, 0x00, 0x00, 0xE0, // 0x0D30
		0xCB, 0x2C, 0x05, 0xD8, 0x5C, 0x00, 0xFF, 0xE3,
		0x24, 0xFE, 0x94, 0x14, 0x08, 0x41, 0x06, 0x60, // 0x0D40
		0x01, 0xEA, 0x34, 0x21, 0x00, 0xE0, 0x3E, 0x37,
		0xFF, 0x33, 0x00, 0xEB, 0xFF, 0x00, 0x03, 0xC4, // 0x0D50
		0x40, 0x0C, 0x01, 0x33, 0x00, 0x74, 0x65, 0xDC,
		0x24, 0x00, 0x04, 0xDC, 0xA0, 0x01, 0x05, 0xDC, // 0x0D60
		0x25, 0x00, 0xFF, 0xE3, 0xC1, 0xFF, 0x0A, 0x31,
		0xC3, 0x6D, 0x00, 0xE0, 0x1F, 0x38, 0x01, 0x74, // 0x0D70
		0x04, 0xDC, 0xBA, 0x10, 0x04, 0xDC, 0x60, 0x10,
		0x00, 0xE0, 0x45, 0x21, 0x80, 0x30, 0x08, 0x40, // 0x0D80
		0x00, 0xE0, 0x15, 0x09, 0x41, 0x8E, 0x66, 0x11,
		0x24, 0xD8, 0xA0, 0x01, 0x05, 0x11, 0x44, 0xDC, // 0x0D90
		0xB6, 0x10, 0x71, 0xB5, 0xFF, 0xE3, 0x24, 0xFD,
		0x64, 0x31, 0x1F, 0x6C, 0x00, 0xE0, 0x60, 0x38, // 0x0DA0
		0x01, 0x75, 0x64, 0x31, 0x1F, 0x6C, 0x00, 0xE0,
		0x01, 0x38, 0x41, 0x74, 0x93, 0x6C, 0x1E, 0x10, // 0x0DB0
		0xFF, 0xE3, 0x16, 0xFD, 0xC3, 0x07, 0xD0, 0x14,
		0x7C, 0x10, 0x40, 0x38, 0x40, 0x93, 0x39, 0x0C, // 0x0DC0
		0x42, 0xEC, 0x03, 0x00, 0x40, 0xB3, 0x01, 0x31,
		0x03, 0x30, 0x00, 0xE0, 0xDB, 0x34, 0x78, 0x10, // 0x0DD0
		0x08, 0x32, 0x40, 0xB3, 0x90, 0x14, 0x00, 0x00,
		0xAF, 0x74, 0x00, 0x00, 0x00, 0x00, 0x00, 0x20, // 0x0DE0
		0x00, 0xF0, 0x01, 0x40, 0x00, 0x50, 0x01, 0x40,
		0xFF, 0xF1, 0xFF, 0xFF, 0x1C, 0x7F, 0x00, 0x00, // 0x0DF0
		0x00, 0x60, 0x01, 0x40, 0x00, 0x30, 0x01, 0x40,
		0x40, 0x10, 0x00, 0x08, 0x08, 0x02, 0x00, 0x20, // 0x0E00
		0xD0, 0x04, 0x00, 0x20, 0x54, 0x0C, 0x00, 0x00,
		0x00, 0x60, 0x00, 0x40, 0x00, 0x20, 0x01, 0x40, // 0x0E10
		0x00, 0x40, 0x42, 0x0F, 0x40, 0x0C, 0x00, 0x20,
		0xBB, 0x74, 0x00, 0x00, 0xE8, 0x0E, 0x00, 0x00, // 0x0E20
		0xE1, 0x74, 0x00, 0x00, 0xF3, 0x74, 0x00, 0x00,
		0x00, 0x30, 0x00, 0x40, 0x00, 0xE1, 0x00, 0xE0, // 0x0E30
		0x42, 0xEC, 0x01, 0x00, 0x40, 0xB3, 0x40, 0x93,
		0x81, 0x3A, 0xC5, 0x07, 0x6C, 0x00, 0x01, 0xEA, // 0x0E40
		0x6F, 0x28, 0x41, 0x93, 0x85, 0x68, 0x41, 0xB3,
		0x04, 0x68, 0x41, 0x93, 0x08, 0x6C, 0x01, 0xB3, // 0x0E50
		0x3C, 0x78, 0xC1, 0x14, 0x31, 0x00, 0x70, 0x00,
		0x90, 0x81, 0x40, 0x93, 0x12, 0x64, 0x09, 0x0C, // 0x0E60
		0x10, 0xA1, 0x21, 0xEA, 0x01, 0xFF, 0x10, 0x40,
		0x00, 0x29, 0x84, 0x68, 0x08, 0x6C, 0x00, 0xB3, // 0x0E70
		0x41, 0x93, 0x42, 0xEC, 0x01, 0x00, 0x41, 0xB3,
		0x81, 0x14, 0x78, 0x00, 0x40, 0x39, 0x40, 0x93, // 0x0E80
		0x0B, 0x0C, 0x42, 0xEC, 0x02, 0x00, 0x40, 0xB3,
		0x40, 0x38, 0x40, 0x93, 0x07, 0x0C, 0x42, 0xEC, // 0x0E90
		0x09, 0x00, 0x40, 0xB3, 0x3C, 0x78, 0x81, 0x3A,
		0xF7, 0x07, 0x80, 0x3A, 0x83, 0x3A, 0xFA, 0x07, // 0x0EA0
		0xD1, 0x14, 0x03, 0x6D, 0x43, 0x6C, 0x00, 0x30,
		0xFF, 0xE3, 0xE9, 0xFF, 0x53, 0x6C, 0x01, 0x30, // 0x0EB0
		0xFF, 0xE3, 0xE5, 0xFF, 0x01, 0x31, 0x0F, 0x30,
		0x00, 0xE0, 0x64, 0x34, 0x48, 0x01, 0x80, 0x33, // 0x0EC0
		0x68, 0x43, 0x60, 0xB2, 0x91, 0x14, 0x80, 0x60,
		0x82, 0x64, 0x02, 0x08, 0x3C, 0x78, 0x60, 0x81, // 0x0ED0
		0x00, 0x21, 0x60, 0xA0, 0x00, 0x20, 0xF9, 0x07,
		0xD2, 0x14, 0x6E, 0x01, 0x62, 0x8B, 0x03, 0xEB, // 0x0EE0
		0xB8, 0x0B, 0x06, 0x0C, 0x10, 0x01, 0xFF, 0xE3,
		0x7B, 0xFC, 0x00, 0xE0, 0xD1, 0x37, 0x20, 0x31, // 0x0EF0
		0x12, 0x01, 0x91, 0x01, 0x00, 0xE0, 0xA4, 0x26,
		0x71, 0x33, 0xB2, 0x01, 0x08, 0x31, 0x64, 0xDC, // 0x0F00
		0x24, 0x00, 0x12, 0x33, 0x05, 0xE4, 0x97, 0x01,
		0x64, 0xDC, 0x25, 0x00, 0x68, 0x8D, 0x48, 0x43, // 0x0F10
		0x68, 0x4B, 0xC8, 0x6C, 0x73, 0xAC, 0x64, 0xD8,
		0x28, 0x00, 0x00, 0x32, 0x7F, 0x2A, 0xC8, 0x68, // 0x0F20
		0x64, 0xDC, 0x28, 0x00, 0x00, 0x33, 0x64, 0xDC,
		0x29, 0x00, 0x64, 0x33, 0x64, 0xDC, 0x2A, 0x00, // 0x0F30
		0x00, 0x33, 0x79, 0x2B, 0x64, 0xDC, 0x2B, 0x00,
		0x00, 0xE0, 0x82, 0x26, 0x08, 0x32, 0x24, 0xE4, // 0x0F40
		0x23, 0x00, 0x05, 0xE4, 0x97, 0x01, 0xFF, 0xE3,
		0xC0, 0xFF, 0x65, 0xD8, 0xCD, 0x10, 0x48, 0x43, // 0x0F50
		0x68, 0x4B, 0xC8, 0x6C, 0x65, 0xDC, 0xCD, 0x10,
		0x00, 0xE0, 0x55, 0x20, 0x80, 0x30, 0x09, 0x40, // 0x0F60
		0x00, 0xE0, 0x25, 0x08, 0x6C, 0x02, 0x28, 0x8D,
		0x0C, 0x02, 0x71, 0xB4, 0xFF, 0xE3, 0x38, 0xFC, // 0x0F70
		0x92, 0x14, 0xD2, 0x14, 0x23, 0x14, 0x01, 0x31,
		0x08, 0x30, 0xAF, 0x02, 0xFF, 0xE3, 0x99, 0xFE, // 0x0F80
		0x10, 0x02, 0x94, 0x02, 0xFF, 0xE3, 0x2C, 0xFC,
		0x17, 0x6C, 0x05, 0x31, 0x00, 0xE0, 0x58, 0x26, // 0x0F90
		0x0A, 0x33, 0x44, 0xD8, 0x80, 0x00, 0x64, 0xDC,
		0xA4, 0x01, 0x2B, 0x33, 0x44, 0x42, 0x64, 0xDC, // 0x0FA0
		0xA7, 0x01, 0x64, 0xD8, 0x80, 0x00, 0x63, 0xE4,
		0x03, 0x20, 0x24, 0x43, 0x64, 0xD8, 0xA8, 0x01, // 0x0FB0
		0x63, 0xE4, 0x8F, 0x20, 0xC4, 0x6C, 0x42, 0xE4,
		0x40, 0x20, 0xC8, 0x6C, 0x64, 0xDC, 0xA8, 0x01, // 0x0FC0
		0x64, 0xD8, 0xA6, 0x01, 0x00, 0x32, 0x07, 0x2A,
		0xC8, 0x68, 0x64, 0xDC, 0xA6, 0x01, 0x04, 0x33, // 0x0FD0
		0x80, 0x30, 0x64, 0xDC, 0xB0, 0x01, 0x0A, 0x33,
		0x12, 0x40, 0x64, 0xDC, 0xB2, 0x01, 0x64, 0xDC, // 0x0FE0
		0xB1, 0x01, 0x64, 0xD8, 0x80, 0x00, 0x64, 0xDC,
		0xB3, 0x01, 0x64, 0xD8, 0x6C, 0x20, 0x64, 0xDC, // 0x0FF0
		0x6B, 0x20, 0x00, 0xE0, 0xE6, 0x2B, 0x80, 0x30,
		0x0F, 0x40, 0x00, 0xE0, 0xE2, 0x2B, 0x64, 0xD8, // 0x1000
		0xA8, 0x01, 0x00, 0x32, 0x7F, 0x2A, 0xC8, 0x6C,
		0x64, 0xDC, 0xA8, 0x01, 0x00, 0x33, 0x18, 0x03, // 0x1010
		0x57, 0x6C, 0x60, 0xDC, 0x59, 0x00, 0x31, 0x33,
		0x05, 0x32, 0x64, 0xDC, 0xAC, 0x01, 0x00, 0x33, // 0x1020
		0x64, 0xDC, 0xAD, 0x01, 0x64, 0xDC, 0xAE, 0x01,
		0x64, 0xD8, 0x80, 0x00, 0x64, 0xDC, 0xAF, 0x01, // 0x1030
		0x7B, 0x03, 0x71, 0xB0, 0x51, 0x33, 0x60, 0xDC,
		0x24, 0x00, 0x24, 0x20, 0xFF, 0xE3, 0x45, 0xFF, // 0x1040
		0x00, 0xE0, 0xE1, 0x1F, 0x80, 0x30, 0x0A, 0x40,
		0x00, 0xE0, 0xB1, 0x07, 0x04, 0xD8, 0xA8, 0x01, // 0x1050
		0xA4, 0xD8, 0xA7, 0x01, 0x44, 0xD8, 0xA4, 0x01,
		0x27, 0x48, 0x9A, 0x40, 0x19, 0x40, 0x65, 0xE4, // 0x1060
		0x07, 0x20, 0x9E, 0x4C, 0x1F, 0x48, 0xA3, 0x4D,
		0x01, 0xB8, 0x42, 0xE4, 0x3F, 0x20, 0x82, 0xB8, // 0x1070
		0xA0, 0xB8, 0x15, 0x13, 0xFF, 0xE3, 0xB4, 0xFB,
		0x03, 0x14, 0x92, 0x14, 0xD4, 0x14, 0x27, 0x14, // 0x1080
		0x6A, 0x13, 0x0F, 0x6D, 0x43, 0x93, 0x42, 0xE4,
		0x04, 0x20, 0x40, 0x3A, 0x06, 0x0C, 0x16, 0x31, // 0x1090
		0x0C, 0x13, 0xFF, 0xE3, 0x33, 0xFA, 0x0D, 0x04,
		0x43, 0x93, 0x42, 0xE4, 0x00, 0x21, 0x40, 0xB8, // 0x10A0
		0x40, 0x3A, 0x09, 0x0C, 0x32, 0x32, 0x03, 0xD8,
		0x5C, 0x00, 0x44, 0xB3, 0xFF, 0xE3, 0x69, 0xFC, // 0x10B0
		0x07, 0x14, 0x94, 0x14, 0x63, 0xD8, 0x5A, 0x00,
		0xBD, 0x12, 0x43, 0x3B, 0x63, 0x13, 0x61, 0xB8, // 0x10C0
		0xF5, 0x08, 0x45, 0x94, 0x60, 0x93, 0xCA, 0x60,
		0x45, 0xD8, 0x2D, 0x10, 0xC8, 0x64, 0x0A, 0x08, // 0x10D0
		0x63, 0x94, 0x63, 0xE4, 0x08, 0x20, 0x40, 0x3B,
		0x09, 0x0C, 0x64, 0xD8, 0x53, 0x40, 0x40, 0x3B, // 0x10E0
		0x05, 0x0C, 0x64, 0xD8, 0x55, 0x00, 0x4C, 0x3B,
		0x74, 0x08, 0x78, 0x12, 0x25, 0xD8, 0xA7, 0x01, // 0x10F0
		0x40, 0x93, 0x61, 0xE4, 0x07, 0x20, 0x23, 0x49,
		0xC4, 0x60, 0x24, 0xD8, 0x20, 0x20, 0x62, 0x43, // 0x1100
		0x1C, 0x21, 0xC4, 0x60, 0xC8, 0x64, 0x03, 0x08,
		0x01, 0x31, 0xC3, 0x07, 0x6F, 0x12, 0x60, 0x93, // 0x1110
		0x65, 0xB4, 0x65, 0xD8, 0x45, 0x20, 0x63, 0xE4,
		0x60, 0x20, 0x43, 0xEB, 0x60, 0x00, 0x06, 0x08, // 0x1120
		0xFF, 0xE3, 0x37, 0xF9, 0x32, 0x33, 0x64, 0xB4,
		0xC4, 0x07, 0x80, 0x33, 0xE3, 0x94, 0x71, 0x43, // 0x1130
		0xCC, 0x69, 0x40, 0x3F, 0xF6, 0x0B, 0x66, 0x12,
		0x26, 0x12, 0x60, 0x83, 0x00, 0x23, 0x25, 0x3B, // 0x1140
		0x67, 0xC4, 0x20, 0x0C, 0x61, 0x43, 0x44, 0x12,
		0x8C, 0x60, 0xC4, 0x60, 0x40, 0x8A, 0xFA, 0x31, // 0x1150
		0x02, 0xE4, 0x09, 0x00, 0x44, 0xD8, 0x5E, 0x00,
		0x80, 0x60, 0x00, 0x8B, 0x22, 0x41, 0x08, 0x7C, // 0x1160
		0x40, 0xB8, 0x00, 0xE0, 0x23, 0x36, 0x40, 0x98,
		0x83, 0x6D, 0x0B, 0x6C, 0x00, 0xE0, 0x04, 0x27, // 0x1170
		0x2F, 0x20, 0x01, 0x40, 0x14, 0x60, 0x60, 0x80,
		0x40, 0x98, 0x8C, 0x7D, 0x00, 0xD8, 0x01, 0x40, // 0x1180
		0x32, 0x33, 0x0C, 0x7C, 0xC7, 0x56, 0x80, 0x61,
		0x09, 0x74, 0xDF, 0x3E, 0xC7, 0xC4, 0x40, 0x0C, // 0x1190
		0xFF, 0xE3, 0x30, 0xF8, 0x03, 0xEA, 0xFF, 0xFF,
		0x18, 0x60, 0x00, 0xEB, 0xFF, 0xFF, 0x60, 0xC4, // 0x11A0
		0x20, 0x0C, 0x1E, 0xB4, 0x65, 0xDC, 0xB8, 0x10,
		0x01, 0xEA, 0x88, 0x13, 0x07, 0x40, 0x00, 0xE0, // 0x11B0
		0xFD, 0x35, 0xFF, 0x33, 0x00, 0xEB, 0xFF, 0x00,
		0x03, 0xC4, 0x40, 0x0C, 0x04, 0x33, 0x04, 0xDC, // 0x11C0
		0x25, 0x00, 0x64, 0xDC, 0x24, 0x00, 0x05, 0xDC,
		0xDB, 0x10, 0x00, 0xE0, 0x1C, 0x1F, 0xAB, 0x07, // 0x11D0
		0x63, 0x94, 0x63, 0xE4, 0x00, 0x22, 0x40, 0x3B,
		0x44, 0x0C, 0x80, 0x30, 0x02, 0x40, 0x00, 0xE0, // 0x11E0
		0xEA, 0x2A, 0x80, 0x30, 0x12, 0x40, 0x00, 0xE0,
		0xEC, 0x2A, 0x09, 0x33, 0x64, 0xDC, 0x24, 0x00, // 0x11F0
		0x00, 0x33, 0x64, 0xDC, 0x25, 0x00, 0x00, 0xE0,
		0x06, 0x1F, 0x18, 0x10, 0xFF, 0xE3, 0xF0, 0xFA, // 0x1200
		0x0E, 0x33, 0x64, 0xDC, 0x55, 0x00, 0x2B, 0x04,
		0x00, 0xC0, 0x01, 0x40, 0x7C, 0x0C, 0x00, 0x20, // 0x1210
		0x00, 0x90, 0x00, 0x40, 0x00, 0x10, 0x01, 0x40,
		0x00, 0xE1, 0x00, 0xE0, 0x40, 0x0C, 0x00, 0x20, // 0x1220
		0x04, 0x75, 0x00, 0x00, 0x2C, 0x02, 0x00, 0x20,
		0x08, 0x02, 0x00, 0x20, 0x00, 0x00, 0x00, 0x20, // 0x1230
		0x82, 0x0F, 0x00, 0x00, 0x0F, 0x75, 0x00, 0x00,
		0xA4, 0x01, 0x00, 0x20, 0x26, 0x75, 0x00, 0x00, // 0x1240
		0x8C, 0x10, 0x00, 0x00, 0x34, 0x75, 0x00, 0x00,
		0xF0, 0x04, 0x00, 0x20, 0x60, 0x0C, 0x00, 0x20, // 0x1250
		0x6E, 0x0C, 0x00, 0x20, 0x62, 0x0C, 0x00, 0x20,
		0x78, 0x75, 0x00, 0x00, 0x14, 0x33, 0x64, 0x07, // 0x1260
		0x63, 0x94, 0x63, 0xE4, 0x00, 0x24, 0x40, 0x3B,
		0x15, 0x0C, 0x80, 0x30, 0x03, 0x40, 0x00, 0xE0, // 0x1270
		0xA2, 0x2A, 0x20, 0x32, 0x2B, 0x01, 0x0A, 0x01,
		0xFF, 0xE3, 0x27, 0xFE, 0x00, 0xE0, 0xC3, 0x1E, // 0x1280
		0x80, 0x30, 0x04, 0x40, 0x00, 0xE0, 0x9D, 0x2A,
		0x80, 0x30, 0x06, 0x40, 0x00, 0xE0, 0x29, 0x2A, // 0x1290
		0x10, 0x07, 0x70, 0x01, 0x66, 0xB8, 0x40, 0x93,
		0x40, 0x3A, 0x08, 0x08, 0x72, 0x01, 0xD1, 0x01, // 0x12A0
		0x60, 0x93, 0x62, 0xB8, 0x40, 0x3B, 0x4C, 0x08,
		0x60, 0xA6, 0x00, 0xE0, 0xE7, 0x25, 0xD4, 0x01, // 0x12B0
		0xFF, 0xE3, 0x1A, 0xFD, 0x0A, 0x31, 0x00, 0xE0,
		0x79, 0x35, 0x61, 0x8E, 0xCF, 0x6D, 0x65, 0xDC, // 0x12C0
		0xB4, 0x10, 0x62, 0x8E, 0x41, 0x74, 0x65, 0xDC,
		0xB0, 0x10, 0x60, 0x8E, 0x25, 0xDC, 0xBA, 0x10, // 0x12D0
		0x65, 0xDC, 0xB2, 0x10, 0x63, 0x8E, 0x1D, 0x01,
		0x65, 0xDC, 0xBC, 0x10, 0x00, 0x21, 0x00, 0xE0, // 0x12E0
		0x71, 0x34, 0x61, 0x98, 0x25, 0x94, 0x40, 0x93,
		0x86, 0x60, 0x25, 0xD8, 0x2D, 0x10, 0x05, 0xDC, // 0x12F0
		0xBB, 0x10, 0x84, 0x64, 0x81, 0x0C, 0x44, 0xD8,
		0x55, 0x00, 0x4C, 0x3A, 0x7D, 0x0C, 0x66, 0x02, // 0x1300
		0x43, 0x94, 0x8C, 0x68, 0xDF, 0x6C, 0x40, 0x3A,
		0x5B, 0x0C, 0xFF, 0xE3, 0xB5, 0xF7, 0xC3, 0x6D, // 0x1310
		0x64, 0xD8, 0x55, 0x00, 0x09, 0x2B, 0xCC, 0x74,
		0x01, 0x3B, 0x08, 0x08, 0x67, 0xE4, 0x08, 0x00, // 0x1320
		0xCC, 0x74, 0x12, 0x3B, 0x00, 0x33, 0xE3, 0xC4,
		0x20, 0x0C, 0x51, 0x94, 0x71, 0x02, 0xCA, 0x64, // 0x1330
		0x65, 0x0C, 0x64, 0xD8, 0x57, 0x00, 0x44, 0x3B,
		0x61, 0x0C, 0x32, 0x33, 0x68, 0x04, 0x54, 0x02, // 0x1340
		0x60, 0x86, 0x07, 0x37, 0x00, 0x30, 0x44, 0xB8,
		0x43, 0xB8, 0x45, 0x43, 0x25, 0x43, 0x45, 0xB8, // 0x1350
		0x44, 0x98, 0x84, 0x60, 0x40, 0x92, 0x22, 0x98,
		0x48, 0x68, 0x40, 0x39, 0x25, 0x0C, 0x40, 0x38, // 0x1360
		0x02, 0x0C, 0x60, 0xA6, 0x66, 0x98, 0x01, 0x31,
		0x1E, 0x02, 0x8A, 0x6C, 0x20, 0xB3, 0x60, 0x90, // 0x1370
		0xC8, 0x68, 0x60, 0xB0, 0x65, 0xD8, 0x75, 0x20,
		0x8C, 0x68, 0x61, 0x98, 0x45, 0xDC, 0x75, 0x20, // 0x1380
		0x40, 0x93, 0x25, 0x98, 0x64, 0x03, 0x45, 0xB3,
		0x63, 0x98, 0x4C, 0x60, 0x62, 0x91, 0xCD, 0x7B, // 0x1390
		0x60, 0x86, 0x43, 0x98, 0x65, 0x43, 0xC8, 0x60,
		0x41, 0x93, 0x28, 0x03, 0x68, 0x03, 0x07, 0x03, // 0x13A0
		0xFF, 0xE3, 0x1E, 0xFA, 0x86, 0x06, 0x00, 0x23,
		0xCC, 0x74, 0x00, 0x32, 0x06, 0x3B, 0x62, 0xC4, // 0x13B0
		0x40, 0x0C, 0x43, 0x5F, 0xC8, 0x75, 0x01, 0x30,
		0x40, 0x3F, 0xC8, 0x0B, 0x76, 0x07, 0x58, 0x8D, // 0x13C0
		0x22, 0xE4, 0xE7, 0x03, 0xC5, 0x65, 0x11, 0x0C,
		0xFF, 0xE3, 0x56, 0xF7, 0xC3, 0x6D, 0x14, 0x33, // 0x13D0
		0x45, 0xD8, 0x44, 0x20, 0x8C, 0x64, 0x9D, 0x0B,
		0x1E, 0x31, 0x15, 0x03, 0xFF, 0xE3, 0x8E, 0xF8, // 0x13E0
		0x16, 0x03, 0xFF, 0xE3, 0xFD, 0xF9, 0x95, 0x07,
		0xC8, 0x64, 0x03, 0x32, 0x14, 0x33, 0x20, 0x37, // 0x13F0
		0x62, 0xC4, 0x20, 0x0C, 0xEE, 0x07, 0x00, 0x37,
		0x8C, 0x07, 0xDF, 0x3F, 0xDF, 0x6C, 0x03, 0x0C, // 0x1400
		0x00, 0x33, 0xDE, 0x60, 0x24, 0x3B, 0x9A, 0x0F,
		0x65, 0xD8, 0x2C, 0x10, 0x80, 0x30, 0x64, 0xB4, // 0x1410
		0x06, 0x40, 0x63, 0x94, 0xC0, 0x68, 0x40, 0x3B,
		0x19, 0x0C, 0x00, 0x33, 0x04, 0x2B, 0xDD, 0x64, // 0x1420
		0x5B, 0x08, 0x00, 0xE0, 0xC8, 0x29, 0x00, 0x33,
		0x58, 0x13, 0x64, 0xDC, 0x5D, 0x00, 0x00, 0x37, // 0x1430
		0x60, 0x92, 0x88, 0x3B, 0x60, 0xB2, 0x09, 0x2F,
		0x04, 0xD8, 0x5E, 0x00, 0xFF, 0xE3, 0x8F, 0xFB, // 0x1440
		0x24, 0xD8, 0x5D, 0x00, 0x12, 0x13, 0xFF, 0xE3,
		0xCB, 0xF9, 0x65, 0xD8, 0x44, 0x20, 0x00, 0x23, // 0x1450
		0x65, 0xDC, 0x44, 0x20, 0x65, 0xD8, 0xB4, 0x41,
		0xE3, 0xC4, 0x42, 0x24, 0x8A, 0x74, 0xDF, 0x3A, // 0x1460
		0x0F, 0x0C, 0xDC, 0x60, 0x24, 0x3B, 0x0C, 0x0C,
		0xDF, 0x3F, 0xDF, 0x6C, 0x03, 0x0C, 0x00, 0x33, // 0x1470
		0xDE, 0x60, 0x21, 0x3B, 0x05, 0x08, 0x7F, 0x4F,
		0xCC, 0x61, 0xE1, 0x57, 0xDE, 0x75, 0x61, 0x98, // 0x1480
		0x45, 0x94, 0x60, 0x93, 0xCA, 0x60, 0x45, 0xD8,
		0x2D, 0x10, 0xE4, 0xDC, 0x53, 0x00, 0xC8, 0x64, // 0x1490
		0x03, 0x0C, 0xE5, 0xDC, 0xB4, 0x01, 0x03, 0x33,
		0xE4, 0xDC, 0x25, 0x00, 0x64, 0xDC, 0x24, 0x00, // 0x14A0
		0x00, 0xE0, 0xB1, 0x1D, 0x72, 0x12, 0x01, 0x31,
		0x60, 0x93, 0x23, 0xC4, 0x22, 0x20, 0x40, 0x3A, // 0x14B0
		0x07, 0x08, 0x08, 0x12, 0xC3, 0x6D, 0x40, 0x90,
		0x48, 0x68, 0x40, 0x39, 0x32, 0x0C, 0x63, 0xE4, // 0x14C0
		0x00, 0x22, 0x40, 0x3B, 0x4D, 0x08, 0x80, 0x30,
		0x04, 0x40, 0x00, 0xE0, 0x7A, 0x29, 0x71, 0x12, // 0x14D0
		0x01, 0x32, 0x40, 0xB3, 0x45, 0x04, 0x64, 0xD8,
		0x5D, 0x00, 0x42, 0x5B, 0x14, 0x3B, 0x44, 0xDC, // 0x14E0
		0x5D, 0x00, 0xAF, 0x0F, 0x0B, 0x33, 0x05, 0x30,
		0x65, 0xDC, 0x90, 0x01, 0x65, 0xD8, 0x40, 0x20, // 0x14F0
		0x63, 0xEC, 0x00, 0x10, 0x65, 0xDC, 0x40, 0x20,
		0x00, 0xE0, 0xE6, 0x28, 0x06, 0x12, 0xFF, 0xE3, // 0x1500
		0x6F, 0xF9, 0x9F, 0x07, 0x14, 0x33, 0x35, 0x04,
		0x62, 0x12, 0x00, 0x98, 0x60, 0x93, 0x40, 0x3B, // 0x1510
		0x14, 0x33, 0x03, 0xC4, 0x40, 0x0C, 0x00, 0xB8,
		0x7F, 0x33, 0xCA, 0x60, 0xC2, 0x60, 0x3C, 0x04, // 0x1520
		0x25, 0xD8, 0x45, 0x20, 0x01, 0xE4, 0x08, 0x20,
		0x40, 0x38, 0x06, 0x0C, 0x03, 0x94, 0x00, 0xE4, // 0x1530
		0x18, 0x20, 0x40, 0x38, 0x0E, 0x08, 0x21, 0xE4,
		0x10, 0x20, 0x40, 0x39, 0xC1, 0x0F, 0x23, 0x94, // 0x1540
		0x21, 0xE4, 0x08, 0x20, 0x40, 0x39, 0xBC, 0x0F,
		0x24, 0xD8, 0x57, 0x00, 0x40, 0x39, 0xB8, 0x0B, // 0x1550
		0x42, 0xEC, 0x0F, 0x00, 0x28, 0x11, 0x11, 0x11,
		0x40, 0xB7, 0xFF, 0xE3, 0x41, 0xF9, 0x62, 0x8E, // 0x1560
		0x03, 0xEB, 0xDF, 0x2E, 0xD0, 0x0B, 0x60, 0x8E,
		0x03, 0xEB, 0xB8, 0x0B, 0xCC, 0x0F, 0x00, 0x33, // 0x1570
		0x65, 0xDC, 0x29, 0x10, 0x6A, 0x11, 0x4F, 0x6C,
		0x40, 0x93, 0x40, 0x3A, 0x40, 0xE8, 0x9A, 0xFD, // 0x1580
		0x61, 0x98, 0x40, 0x93, 0x7B, 0x10, 0x65, 0x93,
		0x8E, 0x60, 0x62, 0xE4, 0x1E, 0x00, 0x03, 0xEB, // 0x1590
		0x96, 0x00, 0xBB, 0x0F, 0x08, 0x33, 0x64, 0xB4,
		0x00, 0x33, 0x60, 0xB1, 0x00, 0xE8, 0x8A, 0xFD, // 0x15A0
		0xC3, 0x6C, 0x40, 0x81, 0x40, 0x3A, 0x40, 0xA3,
		0x02, 0x08, 0x3C, 0x78, 0x00, 0x21, 0x00, 0x23, // 0x15B0
		0xF9, 0x07, 0xC3, 0x6C, 0x40, 0x83, 0x40, 0x3A,
		0x03, 0x08, 0x01, 0x5B, 0x3C, 0x78, 0x00, 0x23, // 0x15C0
		0xFA, 0x07, 0x00, 0x00, 0x20, 0x01, 0x00, 0x20,
		0x2C, 0x02, 0x00, 0x20, 0xCC, 0x05, 0x00, 0x20, // 0x15D0
		0xF8, 0x0A, 0x00, 0x20, 0xD0, 0x05, 0x00, 0x20,
		0xD0, 0x04, 0x00, 0x20, 0xA0, 0x68, 0x06, 0x00, // 0x15E0
		0x18, 0x00, 0x00, 0x01, 0x8C, 0x10, 0x00, 0x00,
		0x18, 0x6B, 0x00, 0x00, 0xD4, 0x05, 0x00, 0x20, // 0x15F0
		0x7C, 0x0C, 0x00, 0x20, 0x10, 0x6B, 0x00, 0x00,
		0x81, 0x75, 0x00, 0x00, 0x89, 0x75, 0x00, 0x00, // 0x1600
		0xC4, 0x66, 0x00, 0x00, 0x95, 0x75, 0x00, 0x00,
		0x00, 0x50, 0x01, 0x40, 0xD5, 0x75, 0x00, 0x00, // 0x1610
		0xC8, 0x05, 0x00, 0x20, 0xAE, 0x75, 0x00, 0x00,
		0xE3, 0x75, 0x00, 0x00, 0xDC, 0x05, 0x00, 0x20, // 0x1620
		0x00, 0x30, 0x3C, 0x78, 0x79, 0x00, 0x63, 0xD8,
		0x40, 0x01, 0x43, 0xEB, 0x3C, 0x00, 0x13, 0x0C, // 0x1630
		0x03, 0xEB, 0x3C, 0x00, 0x08, 0x08, 0x40, 0x3B,
		0x04, 0x0C, 0x43, 0xEB, 0x33, 0x00, 0x09, 0x08, // 0x1640
		0x01, 0x30, 0x3C, 0x78, 0x43, 0xEB, 0x55, 0x00,
		0xFC, 0x0F, 0x43, 0xEB, 0xFF, 0x00, 0x03, 0x0C, // 0x1650
		0x02, 0x30, 0xF8, 0x07, 0x00, 0x30, 0xF6, 0x07,
		0x45, 0x01, 0x00, 0x31, 0x60, 0x92, 0x0F, 0x29, // 0x1660
		0xC4, 0x68, 0x60, 0xB2, 0x3C, 0x78, 0x69, 0x01,
		0x43, 0xD8, 0x40, 0x01, 0x42, 0xEB, 0x4F, 0x00, // 0x1670
		0x25, 0x08, 0x2A, 0x01, 0x43, 0xD8, 0x50, 0x20,
		0x48, 0x42, 0x01, 0xD8, 0x30, 0x10, 0x50, 0x4A, // 0x1680
		0x82, 0x64, 0x15, 0x08, 0x01, 0xD8, 0x62, 0x00,
		0x43, 0xD8, 0x43, 0x01, 0x82, 0x64, 0x0F, 0x08, // 0x1690
		0x21, 0xD8, 0x63, 0x00, 0x43, 0xD8, 0x44, 0x01,
		0x86, 0x64, 0x09, 0x08, 0x43, 0xD8, 0x45, 0x20, // 0x16A0
		0x42, 0xEC, 0x20, 0x00, 0x43, 0xDC, 0x45, 0x20,
		0x00, 0x30, 0x3C, 0x78, 0x5A, 0x01, 0x01, 0x30, // 0x16B0
		0x60, 0x92, 0x82, 0x3B, 0x83, 0x3B, 0x60, 0xB2,
		0xF9, 0x07, 0x02, 0x30, 0xF7, 0x07, 0x7F, 0x01, // 0x16C0
		0x43, 0xD8, 0x41, 0x01, 0x42, 0xEB, 0x3B, 0x00,
		0x0E, 0x08, 0x63, 0xD8, 0xA1, 0x10, 0x43, 0xEB, // 0x16D0
		0x02, 0xBB, 0x0B, 0x0C, 0x44, 0x02, 0x00, 0x31,
		0x60, 0x92, 0x0E, 0x29, 0xC4, 0x68, 0x60, 0xB2, // 0x16E0
		0x01, 0x30, 0x3C, 0x78, 0x02, 0x30, 0xFE, 0x07,
		0x00, 0x30, 0xFC, 0x07, 0xD0, 0x14, 0x6B, 0x02, // 0x16F0
		0x43, 0xD8, 0xA0, 0x10, 0x42, 0xEB, 0x5F, 0x4C,
		0x16, 0x08, 0x23, 0xD8, 0x42, 0x01, 0x43, 0xD8, // 0x1700
		0x43, 0x01, 0x50, 0x42, 0x38, 0x41, 0x48, 0x6C,
		0x43, 0xD8, 0x45, 0x01, 0x48, 0x6C, 0x43, 0xD8, // 0x1710
		0x44, 0x01, 0x48, 0x42, 0x48, 0x6C, 0x12, 0x02,
		0x23, 0xDC, 0x77, 0x20, 0xFF, 0xE3, 0x60, 0xF8, // 0x1720
		0x00, 0x30, 0x90, 0x14, 0x02, 0x30, 0xFE, 0x07,
		0xD0, 0x14, 0x7A, 0x02, 0x43, 0xD8, 0xA0, 0x10, // 0x1730
		0x42, 0xEB, 0x2F, 0x0B, 0x0A, 0x08, 0x23, 0xD8,
		0x42, 0x01, 0x1A, 0x02, 0x23, 0xDC, 0xD8, 0x01, // 0x1740
		0xFF, 0xE3, 0x4E, 0xF8, 0x00, 0x30, 0x90, 0x14,
		0x02, 0x30, 0xFE, 0x07, 0xD4, 0x14, 0x23, 0x14, // 0x1750
		0x03, 0x6D, 0x22, 0xB8, 0x00, 0xC0, 0x26, 0x60,
		0x02, 0xC0, 0x25, 0x60, 0x04, 0xC0, 0x23, 0x60, // 0x1760
		0x48, 0x90, 0xE7, 0x90, 0x40, 0xB8, 0x61, 0xB8,
		0x05, 0x03, 0xFF, 0xE3, 0x39, 0xF8, 0x22, 0x98, // 0x1770
		0x06, 0x03, 0xFF, 0xE3, 0x35, 0xF8, 0x61, 0x98,
		0x4F, 0x6C, 0x07, 0x03, 0xFF, 0xE3, 0x30, 0xF8, // 0x1780
		0x40, 0x98, 0x4B, 0x6C, 0x09, 0x03, 0xFF, 0xE3,
		0x2B, 0xF8, 0x5B, 0x6C, 0x0A, 0x03, 0xC9, 0x03, // 0x1790
		0xFF, 0xE3, 0x26, 0xF8, 0x57, 0x6C, 0x0A, 0x03,
		0xA4, 0xE4, 0x7F, 0x00, 0xFF, 0xE3, 0x20, 0xF8, // 0x17A0
		0x5F, 0x6C, 0x0C, 0x03, 0xFF, 0xE3, 0x1C, 0xF8,
		0x6D, 0x03, 0x0C, 0x03, 0x23, 0xD8, 0xC0, 0x22, // 0x17B0
		0xFF, 0xE3, 0x16, 0xF8, 0x0E, 0x03, 0xFF, 0xE3,
		0x13, 0xF8, 0x4E, 0x03, 0x2E, 0x03, 0x0D, 0x03, // 0x17C0
		0xFF, 0xE3, 0x0E, 0xF8, 0x53, 0x6C, 0x0E, 0x03,
		0xFF, 0xE3, 0x0A, 0xF8, 0x40, 0x94, 0x53, 0x6C, // 0x17D0
		0x1B, 0x6C, 0x03, 0x24, 0xFF, 0xE3, 0x04, 0xF8,
		0x52, 0x65, 0xF9, 0x0B, 0x18, 0x03, 0x00, 0x34, // 0x17E0
		0xFF, 0xE3, 0xFE, 0xF7, 0x38, 0x03, 0x15, 0x03,
		0xBF, 0x13, 0xFF, 0xE3, 0xF9, 0xF7, 0x3A, 0x03, // 0x17F0
		0x50, 0x60, 0x40, 0x91, 0x17, 0x6C, 0x03, 0x24,
		0xFF, 0xE3, 0xF2, 0xF7, 0x44, 0xEB, 0x40, 0x00, // 0x1800
		0xF7, 0x0B, 0x03, 0x14, 0x94, 0x14, 0xD0, 0x14,
		0x6D, 0x13, 0x43, 0xD8, 0x40, 0x01, 0x42, 0xEB, // 0x1810
		0x3C, 0x00, 0x0C, 0x0C, 0x5E, 0x3A, 0x08, 0x08,
		0x63, 0xD8, 0x41, 0x01, 0x43, 0xEB, 0xFF, 0x00, // 0x1820
		0x05, 0x0C, 0x01, 0x30, 0x90, 0x14, 0x02, 0x30,
		0xFE, 0x07, 0x7A, 0x13, 0x01, 0x32, 0x40, 0x30, // 0x1830
		0x40, 0xB3, 0x00, 0xE0, 0x5E, 0x27, 0x00, 0xE0,
		0x21, 0x23, 0x00, 0x30, 0xF4, 0x07, 0xD1, 0x14, // 0x1840
		0x61, 0x13, 0x9F, 0x12, 0x09, 0x32, 0x43, 0xDC,
		0x24, 0x00, 0x44, 0xD8, 0xE4, 0x01, 0x43, 0xDC, // 0x1850
		0x25, 0x00, 0x00, 0xE0, 0xD8, 0x1B, 0x80, 0x30,
		0x04, 0x40, 0x00, 0xE0, 0xB2, 0x27, 0x44, 0xD8, // 0x1860
		0xE4, 0x01, 0x2D, 0x13, 0x0D, 0x13, 0xFF, 0xE3,
		0xBB, 0xF7, 0x91, 0x14, 0xD0, 0x14, 0x76, 0x12, // 0x1870
		0x18, 0x32, 0x43, 0xDC, 0x24, 0x00, 0x4C, 0x32,
		0x43, 0xDC, 0x25, 0x00, 0x00, 0xE0, 0xC3, 0x1B, // 0x1880
		0x80, 0x30, 0x04, 0x40, 0x00, 0xE0, 0x9D, 0x27,
		0x90, 0x14, 0xD0, 0x14, 0x6E, 0x12, 0x18, 0x32, // 0x1890
		0x43, 0xDC, 0x24, 0x00, 0x0B, 0x32, 0x43, 0xDC,
		0x25, 0x00, 0x00, 0xE0, 0xB4, 0x1B, 0x80, 0x30, // 0x18A0
		0x04, 0x40, 0x00, 0xE0, 0x8E, 0x27, 0x90, 0x14,
		0xD0, 0x14, 0x67, 0x12, 0x38, 0x32, 0x43, 0xDC, // 0x18B0
		0x24, 0x00, 0x3B, 0x32, 0x43, 0xDC, 0x25, 0x00,
		0x02, 0x32, 0x43, 0xDC, 0x26, 0x00, 0x00, 0x32, // 0x18C0
		0x44, 0x2A, 0x43, 0xDC, 0x27, 0x00, 0x00, 0xE0,
		0x9E, 0x1B, 0x80, 0x30, 0x04, 0x40, 0x00, 0xE0, // 0x18D0
		0x78, 0x27, 0x90, 0x14, 0xD1, 0x14, 0x7B, 0x11,
		0x8E, 0x5B, 0x04, 0x83, 0xFF, 0xE3, 0x6A, 0xF7, // 0x18E0
		0x53, 0x6C, 0x42, 0x58, 0x0E, 0x12, 0xFF, 0xE3,
		0xF0, 0xFA, 0x00, 0xE0, 0x8C, 0x1B, 0x80, 0x30, // 0x18F0
		0x04, 0x40, 0x00, 0xE0, 0x66, 0x27, 0x91, 0x14,
		0xD2, 0x14, 0x91, 0x11, 0x69, 0x12, 0xB1, 0x11, // 0x1900
		0x04, 0xD8, 0xF0, 0x10, 0x61, 0x8B, 0x72, 0xAD,
		0xFF, 0xE3, 0x7C, 0xF9, 0x6A, 0x95, 0x40, 0x3B, // 0x1910
		0x6D, 0x11, 0x14, 0x0C, 0x03, 0x32, 0x43, 0xDC,
		0x24, 0x00, 0x00, 0x32, 0x43, 0xDC, 0x25, 0x00, // 0x1920
		0x00, 0xE0, 0x71, 0x1B, 0x21, 0x31, 0x00, 0x12,
		0xFF, 0xE3, 0xE8, 0xF5, 0x44, 0xD8, 0xF0, 0x10, // 0x1930
		0x39, 0x11, 0x1E, 0x11, 0xFF, 0xE3, 0x54, 0xF7,
		0x92, 0x14, 0x38, 0x32, 0x43, 0xDC, 0x24, 0x00, // 0x1940
		0x0A, 0x32, 0x43, 0xDC, 0x25, 0x00, 0x44, 0xD8,
		0xF0, 0x10, 0x43, 0xDC, 0x26, 0x00, 0x48, 0x4A, // 0x1950
		0x43, 0xDC, 0x27, 0x00, 0x00, 0xE0, 0x57, 0x1B,
		0x80, 0x30, 0x04, 0x40, 0x00, 0xE0, 0x31, 0x27, // 0x1960
		0xE2, 0x07, 0xD2, 0x14, 0x3E, 0x14, 0x92, 0x11,
		0x00, 0x33, 0x06, 0x2B, 0x60, 0xA4, 0x2A, 0x33, // 0x1970
		0x08, 0x32, 0x65, 0xA4, 0x00, 0x33, 0x2B, 0x2B,
		0x62, 0xA4, 0x58, 0x33, 0x2D, 0x11, 0x67, 0xA4, // 0x1980
		0x00, 0x33, 0x1C, 0x2B, 0x64, 0xA4, 0x6E, 0x33,
		0x3B, 0x6C, 0x61, 0xA4, 0x00, 0x33, 0x48, 0x2B, // 0x1990
		0x66, 0xA4, 0x00, 0x33, 0x3E, 0x2B, 0x63, 0xA4,
		0xFF, 0xE3, 0x97, 0xFA, 0x53, 0x6C, 0x08, 0x32, // 0x19A0
		0x02, 0x18, 0xFF, 0xE3, 0x92, 0xFA, 0x08, 0x10,
		0x00, 0x33, 0x5B, 0x2B, 0x60, 0xDC, 0x24, 0x00, // 0x19B0
		0x0B, 0x32, 0x08, 0x33, 0x7B, 0x6C, 0x60, 0xDC,
		0x25, 0x00, 0x3D, 0x04, 0x00, 0x00, 0x00, 0x20, // 0x19C0
		0xF8, 0x0A, 0x00, 0x20, 0x08, 0x02, 0x00, 0x20,
		0xF1, 0x72, 0x00, 0x00, 0x01, 0x73, 0x00, 0x00, // 0x19D0
		0x14, 0x73, 0x00, 0x00, 0x2B, 0x73, 0x00, 0x00,
		0x36, 0x73, 0x00, 0x00, 0x42, 0x73, 0x00, 0x00, // 0x19E0
		0x51, 0x73, 0x00, 0x00, 0xB5, 0x73, 0x00, 0x00,
		0x5D, 0x73, 0x00, 0x00, 0x6A, 0x73, 0x00, 0x00, // 0x19F0
		0x00, 0xE1, 0x00, 0xE0, 0x7A, 0x73, 0x00, 0x00,
		0x8A, 0x73, 0x00, 0x00, 0x00, 0x18, 0x00, 0x20, // 0x1A00
		0x00, 0x10, 0x00, 0x20, 0x94, 0x73, 0x00, 0x00,
		0xAA, 0x73, 0x00, 0x00, 0xC2, 0x73, 0x00, 0x00, // 0x1A10
		0xC4, 0x05, 0x00, 0x20, 0x10, 0x6B, 0x00, 0x00,
		0xD6, 0x73, 0x00, 0x00, 0x2C, 0x02, 0x00, 0x20, // 0x1A20
		0xD0, 0x04, 0x00, 0x20, 0xF0, 0x1F, 0x00, 0x00,
		0xED, 0x73, 0x00, 0x00, 0x24, 0x0B, 0x00, 0x20, // 0x1A30
		0x0C, 0x02, 0x00, 0x20, 0x25, 0x20, 0xFF, 0xE3,
		0x48, 0xFA, 0x00, 0x33, 0x00, 0x34, 0x69, 0xB8, // 0x1A40
		0x6A, 0xB8, 0x6B, 0xB8, 0x73, 0x00, 0x64, 0xB8,
		0x73, 0x00, 0x65, 0xB8, 0x73, 0x00, 0x66, 0xB8, // 0x1A50
		0x73, 0x00, 0x67, 0xB8, 0x73, 0x00, 0x68, 0xB8,
		0x00, 0x33, 0x7C, 0xB8, 0x7D, 0xB8, 0x7D, 0x98, // 0x1A60
		0x40, 0x3B, 0x20, 0x08, 0x6B, 0x98, 0x04, 0x19,
		0x42, 0x5B, 0xC4, 0x60, 0x53, 0x6C, 0x78, 0x60, // 0x1A70
		0x20, 0x81, 0x23, 0xDC, 0x20, 0x00, 0x69, 0x98,
		0x07, 0x23, 0x40, 0x3B, 0x4B, 0xB8, 0x69, 0xB8, // 0x1A80
		0x08, 0x08, 0x6A, 0x98, 0x00, 0x23, 0x40, 0x3B,
		0x6A, 0xB8, 0x03, 0x08, 0x01, 0x33, 0x7D, 0xB8, // 0x1A90
		0x42, 0xEB, 0x40, 0x00, 0x04, 0x08, 0x04, 0x18,
		0xFF, 0xE3, 0x7A, 0xF5, 0x00, 0x24, 0x50, 0x3C, // 0x1AA0
		0xDF, 0x0B, 0x9D, 0x98, 0x40, 0x3C, 0x09, 0x0C,
		0x00, 0xE0, 0xAD, 0x1A, 0x80, 0x30, 0x04, 0x40, // 0x1AB0
		0x00, 0xE0, 0x87, 0x26, 0x1E, 0x14, 0x92, 0x14,
		0xBC, 0x98, 0x40, 0x3D, 0x48, 0x08, 0x4B, 0x98, // 0x1AC0
		0x04, 0x19, 0x22, 0xEB, 0x37, 0x00, 0x62, 0x5A,
		0x84, 0x60, 0x00, 0x31, 0x7F, 0x29, 0x22, 0xDC, // 0x1AD0
		0x20, 0x00, 0x6B, 0xB8, 0x00, 0x32, 0x61, 0x08,
		0x23, 0xEB, 0x3F, 0x00, 0x4A, 0x08, 0x40, 0x3A, // 0x1AE0
		0x02, 0x0C, 0x6B, 0xB8, 0x04, 0x18, 0xFF, 0xE3,
		0x53, 0xF5, 0x6B, 0x98, 0x00, 0x32, 0x23, 0xEB, // 0x1AF0
		0x37, 0x00, 0x46, 0x08, 0x40, 0x3A, 0x02, 0x0C,
		0x6B, 0xB8, 0x6A, 0x98, 0x58, 0x4B, 0x6E, 0xDC, // 0x1B00
		0x6B, 0x00, 0x4E, 0xDC, 0x68, 0x00, 0x50, 0x4B,
		0x04, 0x18, 0x4E, 0xDC, 0x69, 0x00, 0x48, 0x4B, // 0x1B10
		0x69, 0x98, 0x4E, 0xDC, 0x6A, 0x00, 0x58, 0x4B,
		0x6E, 0xDC, 0x6F, 0x00, 0x4E, 0xDC, 0x6C, 0x00, // 0x1B20
		0x50, 0x4B, 0x4E, 0xDC, 0x6D, 0x00, 0x48, 0x4B,
		0x4E, 0xDC, 0x6E, 0x00, 0xFF, 0xE3, 0x30, 0xF5, // 0x1B30
		0x04, 0x1B, 0x00, 0x32, 0xD4, 0x60, 0x00, 0x25,
		0x45, 0xEB, 0x40, 0x00, 0x43, 0xDC, 0x20, 0x00, // 0x1B40
		0xF8, 0x0B, 0x00, 0x33, 0x69, 0xB8, 0x6A, 0xB8,
		0x01, 0x33, 0x7C, 0xB8, 0x50, 0x02, 0x03, 0x31, // 0x1B50
		0x62, 0x54, 0x04, 0x18, 0x62, 0x43, 0xC0, 0x60,
		0x81, 0xC4, 0x40, 0x20, 0x03, 0x40, 0x60, 0x93, // 0x1B60
		0x00, 0x24, 0x54, 0x3C, 0xC1, 0x70, 0x62, 0xDC,
		0x60, 0x00, 0x00, 0x22, 0xF2, 0x0B, 0x9D, 0x07, // 0x1B70
		0x00, 0x31, 0x00, 0x23, 0x04, 0x1A, 0x8C, 0x60,
		0x3F, 0xA2, 0x01, 0x32, 0xAE, 0x07, 0x00, 0x31, // 0x1B80
		0x00, 0x23, 0x04, 0x1A, 0x8C, 0x60, 0x3F, 0xA2,
		0x01, 0x32, 0xB2, 0x07, 0x00, 0x31, 0x00, 0x23, // 0x1B90
		0x04, 0x1A, 0x8C, 0x60, 0x3F, 0xA2, 0x01, 0x32,
		0x43, 0xEB, 0x38, 0x00, 0xF8, 0x0B, 0xAB, 0x07, // 0x1BA0
		0xD1, 0x14, 0x44, 0x03, 0x62, 0xD8, 0x42, 0x20,
		0x42, 0xD8, 0x41, 0x20, 0xC8, 0x68, 0x40, 0x3B, // 0x1BB0
		0x14, 0x0C, 0x89, 0x03, 0x60, 0x94, 0x00, 0x23,
		0x60, 0xB4, 0x63, 0xE4, 0x01, 0x20, 0x40, 0x3B, // 0x1BC0
		0x0D, 0x0C, 0x01, 0x31, 0x80, 0x30, 0xFF, 0xE3,
		0x74, 0xF8, 0x60, 0x94, 0x04, 0x3B, 0x05, 0x08, // 0x1BD0
		0x05, 0x31, 0x0F, 0x03, 0xFF, 0xE3, 0x92, 0xF4,
		0x91, 0x14, 0x00, 0x31, 0x80, 0x30, 0xFF, 0xE3, // 0x1BE0
		0x68, 0xF8, 0x96, 0x31, 0xF7, 0x07, 0x73, 0x03,
		0x53, 0x03, 0x60, 0x83, 0x65, 0x43, 0xC8, 0x60, // 0x1BF0
		0x20, 0x93, 0x74, 0x03, 0x40, 0x93, 0x85, 0x68,
		0x40, 0xB3, 0x55, 0x03, 0x60, 0x92, 0xC4, 0x6C, // 0x1C00
		0x60, 0xB2, 0x00, 0x32, 0x77, 0x03, 0x40, 0xA3,
		0x00, 0x32, 0x77, 0x03, 0x40, 0xB3, 0x77, 0x03, // 0x1C10
		0x40, 0xB3, 0x3C, 0x78, 0x60, 0x14, 0x62, 0x14,
		0xD0, 0x14, 0x3B, 0x6C, 0x7F, 0x6C, 0xFF, 0xE3, // 0x1C20
		0x97, 0xFD, 0x00, 0x04, 0x60, 0x14, 0x62, 0x14,
		0x63, 0x14, 0x61, 0x14, 0x60, 0x14, 0x62, 0x14, // 0x1C30
		0x63, 0x14, 0x61, 0x14, 0x60, 0x14, 0x62, 0x14,
		0x63, 0x14, 0x61, 0x14, 0x60, 0x14, 0x62, 0x14, // 0x1C40
		0x63, 0x14, 0x61, 0x14, 0x60, 0x14, 0x62, 0x14,
		0x63, 0x14, 0x61, 0x14, 0x60, 0x14, 0x62, 0x14, // 0x1C50
		0x63, 0x14, 0x61, 0x14, 0x60, 0x14, 0x62, 0x14,
		0x63, 0x14, 0x61, 0x14, 0x60, 0x14, 0x62, 0x14, // 0x1C60
		0x63, 0x14, 0x61, 0x14, 0x60, 0x14, 0x62, 0x14,
		0x52, 0x13, 0x73, 0x13, 0x60, 0x93, 0x60, 0x92, // 0x1C70
		0x00, 0x23, 0x60, 0xB2, 0x63, 0x14, 0x61, 0x14,
		0x60, 0x14, 0x62, 0x14, 0xD2, 0x14, 0x8F, 0x13, // 0x1C80
		0xA1, 0x94, 0x65, 0xE4, 0x02, 0x20, 0xA2, 0xB4,
		0x40, 0x3B, 0x05, 0x0C, 0x26, 0x94, 0x00, 0x30, // 0x1C90
		0x00, 0xE0, 0x8A, 0x19, 0xA5, 0xE4, 0x00, 0x22,
		0x40, 0x3D, 0x05, 0x0C, 0x27, 0x94, 0x01, 0x30, // 0x1CA0
		0x00, 0xE0, 0x82, 0x19, 0x6D, 0x94, 0x63, 0xE4,
		0x02, 0x20, 0x40, 0x3B, 0x07, 0x0C, 0x03, 0x33, // 0x1CB0
		0x02, 0x30, 0x6E, 0xB4, 0x2F, 0x94, 0x00, 0xE0,
		0x77, 0x19, 0x80, 0x13, 0x74, 0x94, 0x63, 0xE4, // 0x1CC0
		0x02, 0x20, 0x40, 0x3B, 0x07, 0x0C, 0x03, 0x33,
		0x03, 0x30, 0x75, 0xB4, 0x36, 0x94, 0x00, 0xE0, // 0x1CD0
		0x6B, 0x19, 0x7B, 0x94, 0x63, 0xE4, 0x02, 0x20,
		0x40, 0x3B, 0x07, 0x0C, 0x03, 0x33, 0x04, 0x30, // 0x1CE0
		0x7C, 0xB4, 0x3D, 0x94, 0x00, 0xE0, 0x60, 0x19,
		0x74, 0x12, 0x43, 0xD8, 0x22, 0x20, 0x42, 0xE4, // 0x1CF0
		0x02, 0x20, 0x40, 0x3A, 0x09, 0x0C, 0x03, 0x32,
		0x05, 0x30, 0x43, 0xDC, 0x23, 0x20, 0x23, 0xD8, // 0x1D00
		0x24, 0x20, 0x00, 0xE0, 0x51, 0x19, 0xEE, 0xD9,
		0x02, 0x20, 0xA1, 0x98, 0x80, 0x98, 0x03, 0x14, // 0x1D10
		0x63, 0x14, 0x61, 0x14, 0x60, 0x14, 0x62, 0x14,
		0xD3, 0x14, 0x21, 0x14, 0x88, 0x12, 0x01, 0x36, // 0x1D20
		0xA2, 0x94, 0xC5, 0xC4, 0x23, 0x20, 0xA5, 0xB4,
		0x40, 0x3B, 0x1D, 0x0C, 0x60, 0x94, 0x80, 0x3B, // 0x1D30
		0x81, 0x3B, 0x60, 0xB4, 0x02, 0x30, 0x00, 0xE0,
		0x44, 0x25, 0x74, 0x11, 0x66, 0x93, 0x8C, 0x69, // 0x1D40
		0x40, 0x3E, 0x11, 0x08, 0x60, 0x94, 0x63, 0xEC,
		0x04, 0x00, 0x60, 0xB4, 0x03, 0xEA, 0x71, 0x02, // 0x1D50
		0x60, 0xB8, 0x60, 0x98, 0x43, 0x5B, 0x40, 0x3B,
		0x40, 0xB8, 0x14, 0x08, 0x58, 0x11, 0x60, 0x92, // 0x1D60
		0x82, 0x3B, 0x60, 0xB2, 0xA5, 0xE4, 0x02, 0x20,
		0x40, 0x3D, 0x03, 0x0C, 0x00, 0xE0, 0x7C, 0x1F, // 0x1D70
		0x01, 0x14, 0xEE, 0xD9, 0x03, 0x20, 0xC2, 0x98,
		0xA1, 0x98, 0x80, 0x98, 0x04, 0x14, 0x63, 0x14, // 0x1D80
		0x61, 0x14, 0x03, 0x6C, 0xE7, 0x07, 0x60, 0x14,
		0x62, 0x14, 0xD2, 0x14, 0x6D, 0x11, 0x4F, 0x6D, // 0x1D90
		0x82, 0x93, 0xE4, 0xC4, 0x22, 0x28, 0x4B, 0xB3,
		0x44, 0xE4, 0x40, 0x20, 0x40, 0x3A, 0x07, 0x0C, // 0x1DA0
		0x00, 0x33, 0x80, 0x30, 0x60, 0xB5, 0x09, 0x40,
		0x00, 0xE0, 0x0B, 0x25, 0x64, 0xE4, 0x00, 0x27, // 0x1DB0
		0x40, 0x3B, 0x07, 0x0C, 0x00, 0x33, 0x80, 0x30,
		0x60, 0xB5, 0x09, 0x40, 0x00, 0xE0, 0x01, 0x25, // 0x1DC0
		0x64, 0xE4, 0x20, 0x20, 0x40, 0x3B, 0x0E, 0x0C,
		0x7E, 0x10, 0x5F, 0x10, 0x27, 0x93, 0x22, 0xDC, // 0x1DD0
		0x9A, 0x00, 0x58, 0x10, 0x20, 0x92, 0x4D, 0x10,
		0x22, 0xDC, 0x21, 0x20, 0x41, 0x93, 0x85, 0x3A, // 0x1DE0
		0x41, 0xB3, 0x84, 0xE4, 0x10, 0x20, 0x40, 0x3C,
		0x3C, 0x0C, 0x77, 0x10, 0x43, 0xD8, 0x99, 0x00, // 0x1DF0
		0x22, 0x5A, 0x2B, 0x04, 0x01, 0x23, 0x45, 0x67,
		0x89, 0xAB, 0xCD, 0xEF, 0xFE, 0xDC, 0xBA, 0x98, // 0x1E00
		0x76, 0x54, 0x32, 0x10, 0xF0, 0xE1, 0xD2, 0xC3,
		0x08, 0x02, 0x00, 0x20, 0x00, 0x00, 0x00, 0x20, // 0x1E10
		0xB0, 0x1B, 0x00, 0x00, 0xD0, 0x05, 0x00, 0x20,
		0x18, 0x6B, 0x00, 0x00, 0xF8, 0x0A, 0x00, 0x20, // 0x1E20
		0xD4, 0x05, 0x00, 0x20, 0xD8, 0x05, 0x00, 0x20,
		0xDC, 0x05, 0x00, 0x20, 0xCC, 0x05, 0x00, 0x20, // 0x1E30
		0xF0, 0x04, 0x00, 0x20, 0x10, 0xE0, 0x00, 0xE0,
		0x00, 0xD0, 0x01, 0x40, 0x00, 0xC0, 0x01, 0x40, // 0x1E40
		0x00, 0xB0, 0x01, 0x40, 0x34, 0x0B, 0x00, 0x20,
		0x23, 0xDC, 0x99, 0x00, 0x23, 0x00, 0xC8, 0x60, // 0x1E50
		0x26, 0x91, 0x23, 0xDC, 0x9C, 0x00, 0x64, 0x00,
		0x40, 0x93, 0x64, 0x00, 0x43, 0xDC, 0x21, 0x20, // 0x1E60
		0xEE, 0xD9, 0x02, 0x20, 0xA1, 0x98, 0x80, 0x98,
		0x03, 0x14, 0x63, 0x14, 0x61, 0x14, 0x60, 0x14, // 0x1E70
		0x62, 0x14, 0x63, 0x14, 0x61, 0x14, 0x60, 0x14,
		0x62, 0x14, 0x63, 0x14, 0x61, 0x14, 0x60, 0x14, // 0x1E80
		0x62, 0x14, 0xD0, 0x14, 0x0E, 0x00, 0xFF, 0xE3,
		0xAB, 0xF4, 0x00, 0xE0, 0x01, 0x30, 0x60, 0x14, // 0x1E90
		0x62, 0x14, 0xD2, 0x14, 0x91, 0x00, 0x80, 0x32,
		0x60, 0x94, 0x48, 0x42, 0xC8, 0x68, 0x40, 0x3B, // 0x1EA0
		0x24, 0x0C, 0x60, 0x94, 0x8F, 0x3B, 0x60, 0xB4,
		0x78, 0x00, 0x4F, 0x6D, 0x43, 0xD8, 0x4C, 0x11, // 0x1EB0
		0x23, 0xD8, 0x4D, 0x11, 0x84, 0x64, 0x58, 0x00,
		0x22, 0x08, 0x65, 0x49, 0x01, 0xE4, 0x1F, 0x20, // 0x1EC0
		0x8D, 0x23, 0x01, 0x31, 0x62, 0x43, 0xD4, 0x60,
		0x40, 0x70, 0x60, 0x93, 0xC4, 0x68, 0x26, 0x82, // 0x1ED0
		0x40, 0x3B, 0x12, 0x0C, 0x7F, 0x00, 0x03, 0xD8,
		0xBB, 0x10, 0x00, 0xE0, 0x5C, 0x15, 0x65, 0xD8, // 0x1EE0
		0x4D, 0x11, 0x00, 0x23, 0x65, 0xDC, 0x4D, 0x11,
		0xEE, 0xD9, 0x02, 0x20, 0xA1, 0x98, 0x80, 0x98, // 0x1EF0
		0x03, 0x14, 0x63, 0x14, 0x61, 0x14, 0x05, 0xD8,
		0x54, 0x11, 0xF0, 0x07, 0x03, 0xD8, 0x54, 0x11, // 0x1F00
		0x26, 0x82, 0x00, 0xE0, 0x48, 0x15, 0x10, 0x30,
		0x00, 0xE0, 0x55, 0x24, 0x60, 0x94, 0x60, 0x94, // 0x1F10
		0x82, 0x3B, 0x86, 0x3B, 0x60, 0xB4, 0x60, 0x94,
		0x86, 0x3B, 0x60, 0xB4, 0xE6, 0x07, 0x60, 0x14, // 0x1F20
		0x62, 0x14, 0x63, 0x14, 0x61, 0x14, 0x60, 0x14,
		0x62, 0x14, 0x63, 0x14, 0x61, 0x14, 0x60, 0x14, // 0x1F30
		0x62, 0x14, 0x63, 0x14, 0x61, 0x14, 0x60, 0x14,
		0x62, 0x14, 0x63, 0x14, 0x61, 0x14, 0x60, 0x14, // 0x1F40
		0x62, 0x14, 0x63, 0x14, 0x61, 0x14, 0x60, 0x14,
		0x62, 0x14, 0x63, 0x14, 0x61, 0x14, 0x60, 0x14, // 0x1F50
		0x62, 0x14, 0x63, 0x14, 0x61, 0x14, 0x60, 0x14,
		0x62, 0x14, 0x63, 0x14, 0x61, 0x14, 0x60, 0x14, // 0x1F60
		0x62, 0x14, 0x63, 0x14, 0x61, 0x14, 0x60, 0x14,
		0x62, 0x14, 0x63, 0x14, 0x61, 0x14, 0x60, 0x14, // 0x1F70
		0x62, 0x14, 0x63, 0x14, 0x61, 0x14, 0x60, 0x14,
		0x62, 0x14, 0x63, 0x14, 0x61, 0x14, 0x60, 0x14, // 0x1F80
		0x62, 0x14, 0x63, 0x14, 0x61, 0x14, 0xD0, 0x14,
		0x6C, 0x02, 0x43, 0xD8, 0x42, 0x20, 0x02, 0xC4, // 0x1F90
		0x40, 0x20, 0x03, 0xDC, 0x42, 0x20, 0x63, 0xD8,
		0x41, 0x20, 0x0C, 0x68, 0x40, 0x38, 0x05, 0x08, // 0x1FA0
		0x01, 0x31, 0x80, 0x30, 0xFF, 0xE3, 0x85, 0xF6,
		0x90, 0x14, 0xD0, 0x14, 0x55, 0x02, 0x62, 0xD8, // 0x1FB0
		0x42, 0x20, 0x03, 0xC4, 0x21, 0x20, 0x40, 0x39,
		0x13, 0x08, 0xC0, 0x6C, 0x62, 0xDC, 0x42, 0x20, // 0x1FC0
		0x62, 0xD8, 0x41, 0x20, 0x0C, 0x68, 0x40, 0x38,
		0x0B, 0x0C, 0x80, 0x30, 0xFF, 0xE3, 0x71, 0xF6, // 0x1FD0
		0x62, 0x03, 0x00, 0x32, 0x96, 0x31, 0x1E, 0x02,
		0x40, 0xB3, 0xFF, 0xE3, 0x8F, 0xF2, 0x90, 0x14, // 0x1FE0
		0xD4, 0x14, 0x21, 0x14, 0x81, 0x03, 0x10, 0x32,
		0x60, 0x94, 0xC8, 0x68, 0x40, 0x3B, 0x4A, 0x08, // 0x1FF0
		0xC3, 0x03, 0x02, 0x03, 0x20, 0x86, 0x62, 0x03,
		0x25, 0x41, 0xA0, 0x90, 0x4C, 0x60, 0x94, 0x68, // 0x2000
		0x20, 0x91, 0x84, 0x68, 0x4F, 0x6D, 0x40, 0x3A,
		0xC3, 0x6D, 0x3C, 0x0C, 0x67, 0x03, 0x21, 0x8B, // 0x2010
		0x6E, 0x03, 0x43, 0xD8, 0xF0, 0x10, 0x42, 0xE4,
		0xE7, 0x13, 0x85, 0x64, 0x06, 0x0C, 0x52, 0x88, // 0x2020
		0x42, 0xE4, 0xB7, 0x0B, 0x49, 0x64, 0x30, 0x0C,
		0x4D, 0x03, 0x40, 0x30, 0x60, 0xB8, 0x01, 0x33, // 0x2030
		0x60, 0xB2, 0x00, 0xE0, 0x5E, 0x23, 0x60, 0x98,
		0x40, 0x86, 0x45, 0x42, 0x94, 0x60, 0x23, 0xD8, // 0x2040
		0x75, 0x20, 0x00, 0x92, 0x40, 0x6C, 0x05, 0x92,
		0x23, 0xDC, 0x75, 0x20, 0xFF, 0xE3, 0xAF, 0xFF, // 0x2050
		0x60, 0x86, 0x65, 0x43, 0xD4, 0x60, 0x40, 0x93,
		0x20, 0x94, 0x48, 0x6C, 0x00, 0x30, 0x20, 0xB4, // 0x2060
		0x3A, 0x03, 0x00, 0xA1, 0x00, 0x30, 0x3A, 0x03,
		0x00, 0xB1, 0x20, 0x97, 0x41, 0xC4, 0x42, 0x20, // 0x2070
		0x40, 0xB7, 0x41, 0x93, 0x3D, 0x03, 0x7C, 0x03,
		0x1C, 0x03, 0xFF, 0xE3, 0xB1, 0xF3, 0x00, 0xE0, // 0x2080
		0xFD, 0x1E, 0x01, 0x14, 0x94, 0x14, 0x03, 0x31,
		0x1F, 0x03, 0xFF, 0xE3, 0x37, 0xF2, 0xFA, 0x07, // 0x2090
		0x60, 0x14, 0x62, 0x14, 0xD1, 0x14, 0x7E, 0x13,
		0x1E, 0x13, 0x85, 0x93, 0x53, 0x6C, 0x86, 0xB3, // 0x20A0
		0xFF, 0xE3, 0x9E, 0xF3, 0x64, 0xE4, 0x08, 0x20,
		0x40, 0x3B, 0x1B, 0x08, 0x84, 0xE4, 0x20, 0x20, // 0x20B0
		0x40, 0x3C, 0x17, 0x0C, 0x64, 0x13, 0x32, 0x32,
		0x07, 0x30, 0x44, 0xB3, 0x05, 0x32, 0x66, 0x13, // 0x20C0
		0x43, 0xDC, 0x90, 0x01, 0x43, 0xD8, 0x40, 0x20,
		0x42, 0xEC, 0x00, 0x10, 0x43, 0xDC, 0x40, 0x20, // 0x20D0
		0x00, 0xE0, 0xFA, 0x22, 0x01, 0x30, 0xFF, 0xE3,
		0x6A, 0xFF, 0x0F, 0x13, 0xFF, 0xE3, 0x80, 0xF3, // 0x20E0
		0xEE, 0xD9, 0x01, 0x20, 0x80, 0x98, 0x02, 0x14,
		0x63, 0x14, 0x61, 0x14, 0x60, 0x14, 0x62, 0x14, // 0x20F0
		0xD3, 0x14, 0x6A, 0x13, 0xB8, 0x12, 0x82, 0x93,
		0x83, 0xB3, 0x64, 0xE4, 0x01, 0x20, 0x40, 0x3B, // 0x2100
		0x14, 0x0C, 0x65, 0xD8, 0x45, 0x20, 0x43, 0xE4,
		0x04, 0x20, 0x40, 0x3A, 0x2D, 0x0C, 0x6E, 0x12, // 0x2110
		0x44, 0x93, 0xB3, 0x3A, 0x44, 0xB3, 0x0A, 0x32,
		0x43, 0xDC, 0xB0, 0x02, 0x09, 0x30, 0x00, 0xE0, // 0x2120
		0xD3, 0x22, 0x40, 0x30, 0xFF, 0xE3, 0x43, 0xFF,
		0x45, 0xD8, 0x45, 0x20, 0x62, 0xE4, 0x04, 0x20, // 0x2130
		0x40, 0x3B, 0x22, 0x0C, 0x84, 0xE4, 0x02, 0x20,
		0x40, 0x3C, 0x0E, 0x0C, 0x62, 0x12, 0x06, 0x30, // 0x2140
		0x44, 0x93, 0xB6, 0x3A, 0x44, 0xB3, 0x0A, 0x32,
		0x43, 0xDC, 0xB0, 0x02, 0x00, 0xE0, 0xBC, 0x22, // 0x2150
		0x04, 0x30, 0xFF, 0xE3, 0x2C, 0xFF, 0xEE, 0xD9,
		0x03, 0x20, 0xC2, 0x98, 0xA1, 0x98, 0x80, 0x98, // 0x2160
		0x04, 0x14, 0x63, 0x14, 0x61, 0x14, 0x63, 0xE4,
		0x02, 0x20, 0x40, 0x3B, 0xDB, 0x0F, 0x03, 0x30, // 0x2170
		0x00, 0xE0, 0xC8, 0x1D, 0xD4, 0x07, 0x02, 0x33,
		0x8C, 0x68, 0x40, 0x3A, 0xED, 0x0F, 0xD0, 0x68, // 0x2180
		0x40, 0x3B, 0x1F, 0x0C, 0x45, 0x12, 0x80, 0x30,
		0x61, 0x92, 0x81, 0x3B, 0x61, 0xB2, 0x06, 0x40, // 0x2190
		0x32, 0x33, 0xCD, 0x11, 0x64, 0xB6, 0x00, 0xE0,
		0x14, 0x23, 0x00, 0x33, 0x05, 0xD8, 0x4B, 0x10, // 0x21A0
		0x66, 0xDC, 0x5D, 0x00, 0xFF, 0xE3, 0xDB, 0xF4,
		0x04, 0x30, 0xFF, 0xE3, 0x00, 0xFF, 0x00, 0x33, // 0x21B0
		0x80, 0x30, 0x65, 0xDC, 0x8D, 0x01, 0x00, 0xE0,
		0x04, 0x23, 0x19, 0x11, 0xFF, 0xE3, 0x10, 0xF3, // 0x21C0
		0x84, 0xE4, 0x04, 0x20, 0x40, 0x3C, 0xC8, 0x0F,
		0x54, 0x11, 0x0B, 0x30, 0x61, 0x92, 0x82, 0x3B, // 0x21D0
		0x61, 0xB2, 0x9D, 0x10, 0x00, 0xE0, 0x78, 0x22,
		0x80, 0x30, 0x32, 0x33, 0x06, 0x40, 0x64, 0xB4, // 0x21E0
		0x00, 0xE0, 0xEF, 0x22, 0x00, 0x33, 0x05, 0xD8,
		0x4B, 0x10, 0x64, 0xDC, 0x5D, 0x00, 0xFF, 0xE3, // 0x21F0
		0xB6, 0xF4, 0x08, 0x30, 0xFF, 0xE3, 0xDB, 0xFE,
		0x0A, 0x11, 0xFF, 0xE3, 0xF1, 0xF2, 0xAC, 0x07, // 0x2200
		0x60, 0x14, 0x62, 0x14, 0xD0, 0x14, 0x68, 0x11,
		0x40, 0x93, 0x42, 0xE4, 0x80, 0x20, 0x40, 0x3A, // 0x2210
		0x61, 0x0C, 0x40, 0x93, 0x87, 0x3A, 0x40, 0xB3,
		0x60, 0x93, 0x63, 0xE4, 0x40, 0x20, 0x40, 0x3B, // 0x2220
		0x59, 0x0C, 0x00, 0x31, 0x00, 0x30, 0xFF, 0xE3,
		0x2A, 0xF6, 0x80, 0x30, 0x01, 0x40, 0x00, 0xE0, // 0x2230
		0x60, 0x22, 0x49, 0x10, 0x62, 0xD8, 0x45, 0x20,
		0x38, 0x04, 0x00, 0x00, 0x00, 0xB0, 0x01, 0x40, // 0x2240
		0xF0, 0x04, 0x00, 0x20, 0x08, 0x02, 0x00, 0x20,
		0x19, 0x74, 0x00, 0x00, 0x00, 0x30, 0x00, 0x40, // 0x2250
		0x00, 0x02, 0x00, 0x20, 0x00, 0x00, 0x00, 0x20,
		0xB0, 0x1B, 0x00, 0x00, 0xD4, 0x05, 0x00, 0x20, // 0x2260
		0xD0, 0x05, 0x00, 0x20, 0xF8, 0x0A, 0x00, 0x20,
		0x18, 0x6B, 0x00, 0x00, 0xD0, 0x04, 0x00, 0x20, // 0x2270
		0xC4, 0x05, 0x00, 0x20, 0xD8, 0x05, 0x00, 0x20,
		0xDC, 0x05, 0x00, 0x20, 0x10, 0x6B, 0x00, 0x00, // 0x2280
		0x2C, 0x74, 0x00, 0x00, 0x89, 0x75, 0x00, 0x00,
		0xF0, 0x1F, 0x00, 0x00, 0x00, 0x30, 0x01, 0x40, // 0x2290
		0x39, 0x74, 0x00, 0x00, 0x4A, 0x74, 0x00, 0x00,
		0x00, 0x50, 0x01, 0x40, 0x56, 0x74, 0x00, 0x00, // 0x22A0
		0x63, 0x74, 0x00, 0x00, 0x00, 0x10, 0x01, 0x40,
		0x63, 0xE4, 0x04, 0x20, 0x40, 0x3B, 0x08, 0x08, // 0x22B0
		0x62, 0xD8, 0x40, 0x20, 0x80, 0x32, 0x4C, 0x42,
		0xC8, 0x68, 0x40, 0x3B, 0x0B, 0x0C, 0x40, 0x30, // 0x22C0
		0x00, 0xE0, 0x7F, 0x22, 0x1C, 0x30, 0x00, 0xE0,
		0xFF, 0x21, 0x80, 0x30, 0x0B, 0x40, 0xFF, 0xE3, // 0x22D0
		0x6E, 0xFE, 0xEE, 0xD9, 0x00, 0x20, 0x01, 0x14,
		0x63, 0x14, 0x61, 0x14, 0x60, 0x14, 0x62, 0x14, // 0x22E0
		0xD0, 0x14, 0x53, 0x10, 0x64, 0x92, 0x65, 0xB2,
		0x63, 0xE4, 0x01, 0x20, 0x40, 0x3B, 0x1A, 0x0C, // 0x22F0
		0x70, 0x10, 0x63, 0xD8, 0x45, 0x20, 0x63, 0xE4,
		0x04, 0x20, 0x40, 0x3B, 0x13, 0x0C, 0x6E, 0x10, // 0x2300
		0x05, 0x30, 0x44, 0x93, 0x42, 0xEC, 0x00, 0x80,
		0x44, 0xB3, 0x0A, 0x32, 0x43, 0xDC, 0xB0, 0x02, // 0x2310
		0x00, 0xE0, 0xDA, 0x21, 0x80, 0x30, 0x14, 0x40,
		0xFF, 0xE3, 0x49, 0xFE, 0x07, 0x10, 0xFF, 0xE3, // 0x2320
		0x5F, 0xF2, 0xEE, 0xD9, 0x00, 0x20, 0x01, 0x14,
		0x63, 0x14, 0x61, 0x14, 0x00, 0x40, 0x01, 0x40, // 0x2330
		0x00, 0x00, 0x00, 0x20, 0x08, 0x02, 0x00, 0x20,
		0x6B, 0x74, 0x00, 0x00, 0xD2, 0x14, 0x72, 0x10, // 0x2340
		0x92, 0x10, 0xB3, 0x10, 0x63, 0x93, 0x63, 0xE4,
		0x00, 0x21, 0x40, 0x3B, 0x0B, 0x08, 0x11, 0x10, // 0x2350
		0x22, 0x8D, 0x00, 0x21, 0x00, 0xE0, 0x36, 0x2C,
		0x66, 0x85, 0x04, 0xDC, 0xBA, 0x10, 0x64, 0xDC, // 0x2360
		0x7C, 0x01, 0x6D, 0x10, 0x40, 0x8B, 0x44, 0xDC,
		0xB2, 0x10, 0x41, 0x8B, 0x44, 0xDC, 0xB4, 0x10, // 0x2370
		0x42, 0x8B, 0x63, 0x8B, 0x64, 0xDC, 0xBC, 0x10,
		0x62, 0x8D, 0x44, 0xDC, 0xB0, 0x10, 0x64, 0xDC, // 0x2380
		0xBB, 0x10, 0x92, 0x14, 0x08, 0x02, 0x00, 0x20,
		0x00, 0x00, 0x00, 0x20, 0x00, 0x02, 0x00, 0x20, // 0x2390
		0xA0, 0x68, 0x06, 0x00, 0xD0, 0x04, 0x00, 0x20,
		0xD0, 0x14, 0x20, 0x30, 0x00, 0xE0, 0x11, 0x22, // 0x23A0
		0x0C, 0x00, 0xC0, 0xC7, 0x21, 0x50, 0x02, 0x29,
		0xFF, 0xE3, 0xA8, 0xF0, 0x90, 0x14, 0xD4, 0x14, // 0x23B0
		0x00, 0x35, 0xEF, 0x00, 0xC3, 0x45, 0x9C, 0x61,
		0x00, 0x96, 0x00, 0x74, 0x00, 0xE0, 0xCF, 0x1F, // 0x23C0
		0x03, 0x6D, 0x40, 0x38, 0x07, 0x0C, 0x61, 0x96,
		0xCD, 0x7B, 0x0E, 0x5C, 0x00, 0xE0, 0x00, 0x16, // 0x23D0
		0x94, 0x14, 0x00, 0x25, 0x44, 0x3D, 0xEF, 0x0B,
		0x00, 0x34, 0xF8, 0x00, 0xC3, 0x44, 0x9C, 0x61, // 0x23E0
		0x00, 0x96, 0x00, 0x74, 0x00, 0xE0, 0xBB, 0x1F,
		0x43, 0x6D, 0x40, 0x38, 0x16, 0x0C, 0x61, 0x96, // 0x23F0
		0x8E, 0x5D, 0xCD, 0x7B, 0x20, 0x31, 0x1E, 0x00,
		0x00, 0xE0, 0x22, 0x1C, 0x04, 0x85, 0xFF, 0xE3, // 0x2400
		0xD9, 0xF1, 0x83, 0x6C, 0x53, 0x6C, 0x02, 0x01,
		0xFF, 0xE3, 0x5F, 0xF5, 0x80, 0x30, 0x02, 0x40, // 0x2410
		0xFF, 0xE3, 0xCD, 0xFD, 0x13, 0x6C, 0xDB, 0x07,
		0x00, 0x24, 0x4D, 0x3C, 0xE0, 0x0B, 0x01, 0x30, // 0x2420
		0x88, 0x01, 0x00, 0xE0, 0x9C, 0x1F, 0x40, 0x38,
		0x08, 0x0C, 0x03, 0x20, 0x00, 0xE0, 0xD0, 0x15, // 0x2430
		0x01, 0x33, 0x64, 0xDC, 0xB2, 0x02, 0xCD, 0x07,
		0x64, 0xD8, 0xB2, 0x02, 0x41, 0x3B, 0x0F, 0x08, // 0x2440
		0x71, 0x30, 0x00, 0xE0, 0x8C, 0x1F, 0x43, 0x6D,
		0x40, 0x38, 0xC3, 0x0F, 0x0A, 0x33, 0x1E, 0x30, // 0x2450
		0x64, 0xDC, 0xB0, 0x02, 0x00, 0xE0, 0x38, 0x21,
		0x0E, 0x5D, 0xB9, 0x07, 0x00, 0x33, 0xEA, 0x07, // 0x2460
		0xD1, 0x14, 0x81, 0x30, 0x99, 0x01, 0x00, 0xE0,
		0x7A, 0x1F, 0x40, 0x38, 0x10, 0x0C, 0x64, 0xD8, // 0x2470
		0xB0, 0x02, 0xCC, 0x74, 0x64, 0xDC, 0xB1, 0x02,
		0x16, 0x30, 0x05, 0x33, 0x64, 0xDC, 0xB0, 0x02, // 0x2480
		0x00, 0xE0, 0x3E, 0x14, 0x60, 0x02, 0x64, 0xDC,
		0x8D, 0x20, 0x91, 0x14, 0x64, 0x94, 0x63, 0xEC, // 0x2490
		0x10, 0x00, 0x64, 0xB4, 0x10, 0x30, 0x0A, 0x33,
		0x64, 0xDC, 0xB0, 0x02, 0x00, 0xE0, 0x14, 0x21, // 0x24A0
		0xF5, 0x07, 0xD3, 0x14, 0x51, 0x30, 0x00, 0xE0,
		0x5A, 0x1F, 0x83, 0x6D, 0x40, 0x38, 0x70, 0x0C, // 0x24B0
		0x61, 0x88, 0x8C, 0x02, 0x40, 0x3B, 0x61, 0x0C,
		0x32, 0x58, 0xAC, 0x02, 0x05, 0x32, 0x0C, 0x02, // 0x24C0
		0xFF, 0xE3, 0x03, 0xF5, 0x25, 0xD8, 0xA7, 0x01,
		0x65, 0xD8, 0xA4, 0x01, 0x41, 0xE4, 0x07, 0x20, // 0x24D0
		0x63, 0xE4, 0x3F, 0x20, 0x23, 0x49, 0x11, 0x02,
		0xFF, 0xE3, 0x82, 0xF1, 0x64, 0xD8, 0xB0, 0x02, // 0x24E0
		0xCC, 0x74, 0x64, 0xDC, 0xB1, 0x02, 0x65, 0xD8,
		0xA6, 0x01, 0x63, 0xE4, 0x07, 0x20, 0x44, 0xD8, // 0x24F0
		0xB5, 0x02, 0x8E, 0x64, 0x11, 0x0C, 0x64, 0x94,
		0x63, 0xEC, 0x40, 0x00, 0x64, 0xB4, 0x18, 0x30, // 0x2500
		0x0A, 0x33, 0x64, 0xDC, 0xB0, 0x02, 0x00, 0xE0,
		0xDF, 0x20, 0x00, 0xE0, 0x35, 0x1C, 0x0E, 0x5E, // 0x2510
		0x00, 0xE0, 0x5E, 0x15, 0x3C, 0x04, 0x65, 0xD8,
		0xA4, 0x01, 0x63, 0xE4, 0x3F, 0x20, 0x65, 0xDC, // 0x2520
		0xB2, 0x01, 0x0A, 0x33, 0x45, 0xD8, 0xA8, 0x01,
		0x65, 0xDC, 0xB1, 0x01, 0x04, 0x33, 0x00, 0xEA, // 0x2530
		0xDC, 0x05, 0x65, 0xDC, 0xB0, 0x01, 0x64, 0x4A,
		0x23, 0xE4, 0x04, 0x20, 0x65, 0xD8, 0xB3, 0x01, // 0x2540
		0x5A, 0x42, 0x63, 0xE4, 0xF8, 0x20, 0x5E, 0x4A,
		0xC4, 0x6C, 0xC8, 0x6C, 0x65, 0xDC, 0xB3, 0x01, // 0x2550
		0x65, 0xD8, 0x6C, 0x20, 0x65, 0xDC, 0x6B, 0x20,
		0x71, 0x03, 0x40, 0x93, 0x60, 0x93, 0x64, 0xDC, // 0x2560
		0xB0, 0x20, 0x08, 0x33, 0x44, 0xDC, 0xB1, 0x20,
		0x64, 0xDC, 0xB0, 0x02, 0x75, 0x03, 0x64, 0xDC, // 0x2570
		0x8D, 0x20, 0x00, 0xE0, 0xC5, 0x13, 0xCA, 0x07,
		0x64, 0x94, 0x63, 0xEC, 0x20, 0x00, 0x64, 0xB4, // 0x2580
		0x11, 0x30, 0x0A, 0x33, 0x64, 0xDC, 0xB0, 0x02,
		0x00, 0xE0, 0x9E, 0x20, 0x93, 0x14, 0x06, 0x30, // 0x2590
		0x00, 0xE0, 0xE5, 0x1E, 0x03, 0x6D, 0x40, 0x38,
		0x1A, 0x08, 0xD7, 0x13, 0x63, 0x44, 0xD8, 0x60, // 0x25A0
		0x00, 0x93, 0x00, 0x74, 0x00, 0xE0, 0xDB, 0x1E,
		0x43, 0x6D, 0x40, 0x38, 0x0C, 0x0C, 0x54, 0x13, // 0x25B0
		0x16, 0x30, 0x62, 0xD8, 0xB5, 0x02, 0x00, 0x23,
		0x62, 0xDC, 0xB5, 0x02, 0x00, 0xE0, 0xA0, 0x13, // 0x25C0
		0x0E, 0x5D, 0xA7, 0x07, 0x00, 0x24, 0x4D, 0x3C,
		0xEA, 0x0B, 0xE1, 0x07, 0x45, 0x80, 0x6E, 0x13, // 0x25D0
		0x43, 0xDC, 0xA1, 0x01, 0x04, 0x2A, 0x6A, 0x13,
		0x88, 0x74, 0x23, 0xD8, 0xB0, 0x02, 0x44, 0x74, // 0x25E0
		0x23, 0xDC, 0xB1, 0x02, 0xC8, 0x31, 0x84, 0x64,
		0x0F, 0x0C, 0x43, 0xD8, 0xB0, 0x02, 0x45, 0x3A, // 0x25F0
		0x06, 0x08, 0x43, 0xD8, 0xB5, 0x02, 0x00, 0x22,
		0x43, 0xDC, 0xB5, 0x02, 0x16, 0x30, 0x00, 0xE0, // 0x2600
		0x7F, 0x13, 0x0E, 0x5C, 0x86, 0x07, 0x44, 0x93,
		0x42, 0xEC, 0x80, 0x00, 0x44, 0xB3, 0x19, 0x30, // 0x2610
		0x0A, 0x32, 0x43, 0xDC, 0xB0, 0x02, 0x00, 0xE0,
		0x57, 0x20, 0xF1, 0x07, 0xD4, 0x14, 0x30, 0x14, // 0x2620
		0x7E, 0x12, 0x5F, 0x12, 0x42, 0xB3, 0x5F, 0x12,
		0x40, 0xB3, 0x00, 0xE0, 0x86, 0x1F, 0x76, 0x12, // 0x2630
		0xCF, 0x6D, 0x03, 0xD8, 0x43, 0x20, 0x40, 0x38,
		0x06, 0x0C, 0x00, 0x33, 0x67, 0xDC, 0x43, 0x20, // 0x2640
		0xFF, 0xE3, 0xA3, 0xFC, 0xA7, 0xD8, 0x40, 0x20,
		0x8D, 0x12, 0x40, 0x3D, 0x4A, 0x0D, 0x00, 0x33, // 0x2650
		0x57, 0x6C, 0x15, 0x12, 0x67, 0xDC, 0x40, 0x20,
		0xFF, 0xE3, 0xC2, 0xF0, 0x65, 0xE4, 0x02, 0x20, // 0x2660
		0x40, 0x3B, 0x05, 0x0C, 0x00, 0xE0, 0x42, 0x12,
		0x00, 0xE0, 0x12, 0x2C, 0x65, 0xE4, 0x04, 0x20, // 0x2670
		0x40, 0x3B, 0x27, 0x0C, 0x07, 0xD8, 0x40, 0x01,
		0xFF, 0xE3, 0x9C, 0xF0, 0x93, 0x6C, 0x00, 0x33, // 0x2680
		0x2C, 0x31, 0xC2, 0xD8, 0x96, 0x10, 0x40, 0x3E,
		0x0E, 0x09, 0x2C, 0x32, 0xC8, 0x7C, 0x01, 0x32, // 0x2690
		0xCC, 0x5C, 0x46, 0xDC, 0x96, 0x10, 0x01, 0x20,
		0x24, 0x12, 0x80, 0x74, 0x68, 0xB8, 0x04, 0x12, // 0x26A0
		0x0C, 0x60, 0xFF, 0xE3, 0x12, 0xF4, 0x43, 0x12,
		0x68, 0x98, 0x23, 0x12, 0xC8, 0x60, 0x44, 0xD8, // 0x26B0
		0x4A, 0x20, 0x26, 0xDC, 0x54, 0x20, 0x64, 0xDC,
		0x4A, 0x20, 0x46, 0xDC, 0x55, 0x20, 0x60, 0xB2, // 0x26C0
		0x65, 0xE4, 0x08, 0x20, 0x40, 0x3B, 0x05, 0x0C,
		0x67, 0xD8, 0x52, 0x10, 0x64, 0xDC, 0x4E, 0x11, // 0x26D0
		0x65, 0xE4, 0x10, 0x20, 0x40, 0x3B, 0x0D, 0x0C,
		0x67, 0xD8, 0x57, 0x10, 0x07, 0xD8, 0x58, 0x10, // 0x26E0
		0x64, 0xDC, 0x4F, 0x11, 0xFF, 0xE3, 0x23, 0xF2,
		0x07, 0xD8, 0x59, 0x10, 0xFF, 0xE3, 0x04, 0xF2, // 0x26F0
		0x65, 0xE4, 0x20, 0x20, 0x40, 0x3B, 0x05, 0x0C,
		0x67, 0xD8, 0x55, 0x10, 0x64, 0xDC, 0x50, 0x11, // 0x2700
		0x65, 0xE4, 0x80, 0x20, 0x40, 0x3B, 0x05, 0x0C,
		0x67, 0xD8, 0xB4, 0x00, 0x64, 0xDC, 0xB7, 0x02, // 0x2710
		0x65, 0xE4, 0x00, 0x21, 0x40, 0x3B, 0x04, 0x0C,
		0x68, 0x11, 0xDC, 0x32, 0x40, 0xAB, 0x65, 0xE4, // 0x2720
		0x00, 0x24, 0x40, 0x3B, 0x05, 0x0C, 0x80, 0x30,
		0x03, 0x40, 0x00, 0xE0, 0xDA, 0x1F, 0x65, 0xE4, // 0x2730
		0x00, 0x28, 0x40, 0x3B, 0x05, 0x0C, 0x80, 0x30,
		0x03, 0x40, 0x00, 0xE0, 0xDA, 0x1F, 0x80, 0x33, // 0x2740
		0x6B, 0x43, 0xD4, 0x68, 0x40, 0x3B, 0x3B, 0x0C,
		0x0A, 0x33, 0x1F, 0x30, 0x64, 0xDC, 0xB0, 0x02, // 0x2750
		0x64, 0x94, 0x63, 0xEC, 0x01, 0x00, 0x64, 0xB4,
		0x67, 0xD8, 0x40, 0x20, 0x63, 0xEC, 0x02, 0x00, // 0x2760
		0x67, 0xDC, 0x40, 0x20, 0x00, 0xE0, 0xB0, 0x1F,
		0x2A, 0x04, 0x00, 0x00, 0x2C, 0x26, 0x00, 0x00, // 0x2770
		0x54, 0x7A, 0x00, 0x00, 0x74, 0x7A, 0x00, 0x00,
		0x20, 0x01, 0x00, 0x20, 0x08, 0x02, 0x00, 0x20, // 0x2780
		0xB2, 0x24, 0x00, 0x00, 0x00, 0x00, 0x00, 0x20,
		0xA4, 0x01, 0x00, 0x20, 0xFA, 0x75, 0x00, 0x00, // 0x2790
		0xF0, 0x04, 0x00, 0x20, 0xBE, 0x23, 0x00, 0x00,
		0x00, 0x70, 0x00, 0x40, 0x5F, 0x58, 0x4E, 0x5F, // 0x27A0
		0x5F, 0x43, 0x53, 0x5F, 0x20, 0x72, 0x00, 0x00,
		0x40, 0x01, 0x00, 0x20, 0x38, 0x03, 0x00, 0x20, // 0x27B0
		0x58, 0x03, 0x00, 0x20, 0x2C, 0x03, 0x00, 0x20,
		0x00, 0x02, 0x00, 0x20, 0x80, 0x33, 0x6D, 0x43, // 0x27C0
		0xD4, 0x68, 0x40, 0x3B, 0x04, 0x0C, 0x02, 0x30,
		0x00, 0xE0, 0xFB, 0x1F, 0x80, 0x33, 0x6E, 0x43, // 0x27D0
		0xD4, 0x68, 0x40, 0x3B, 0x04, 0x0C, 0x02, 0x30,
		0x00, 0xE0, 0xED, 0x1F, 0x80, 0x33, 0x6F, 0x43, // 0x27E0
		0xD4, 0x68, 0x40, 0x3B, 0x18, 0x0C, 0x1B, 0x00,
		0x27, 0xD8, 0x60, 0x10, 0x00, 0x21, 0x00, 0xE0, // 0x27F0
		0xE9, 0x29, 0xDD, 0x00, 0x27, 0xD8, 0x51, 0x10,
		0x04, 0xDC, 0x53, 0x11, 0x01, 0x01, 0x00, 0x21, // 0x2800
		0x00, 0xE0, 0xE0, 0x29, 0x27, 0xD8, 0x50, 0x10,
		0x00, 0xAE, 0x04, 0x01, 0x00, 0x21, 0x00, 0xE0, // 0x2810
		0xD9, 0x29, 0x01, 0xAE, 0x80, 0x33, 0x70, 0x43,
		0xD4, 0x68, 0x40, 0x3B, 0x0D, 0x0C, 0x09, 0x01, // 0x2820
		0xC7, 0xD8, 0x7C, 0x01, 0x27, 0xD8, 0xBA, 0x10,
		0x00, 0x21, 0x00, 0xE0, 0xCB, 0x29, 0x01, 0x74, // 0x2830
		0x5B, 0x6C, 0x00, 0xE0, 0xB0, 0x10, 0x80, 0x33,
		0x71, 0x43, 0xD4, 0x68, 0x40, 0x3B, 0x04, 0x0C, // 0x2840
		0x80, 0x30, 0x00, 0xE0, 0xBE, 0x1F, 0x80, 0x33,
		0x72, 0x43, 0xD4, 0x68, 0x40, 0x3B, 0x04, 0x0C, // 0x2850
		0x80, 0x30, 0x00, 0xE0, 0xB0, 0x1F, 0x80, 0x33,
		0x73, 0x43, 0xD4, 0x68, 0x40, 0x3B, 0x05, 0x0C, // 0x2860
		0x67, 0xD8, 0x54, 0x10, 0x64, 0xDC, 0x52, 0x11,
		0x80, 0x33, 0x74, 0x43, 0xD4, 0x68, 0x40, 0x3B, // 0x2870
		0x05, 0x0C, 0x67, 0xD8, 0x56, 0x10, 0x64, 0xDC,
		0x51, 0x11, 0x80, 0x33, 0x75, 0x43, 0xD4, 0x68, // 0x2880
		0x40, 0x3B, 0x0D, 0x0C, 0x63, 0x94, 0x63, 0xE4,
		0x00, 0x21, 0x80, 0x30, 0x40, 0x3B, 0x01, 0x40, // 0x2890
		0x0F, 0x0C, 0x00, 0xE0, 0x90, 0x1F, 0x05, 0x02,
		0xFF, 0xE3, 0xA2, 0xEF, 0xDF, 0x3D, 0x21, 0x0C, // 0x28A0
		0x00, 0xE0, 0x3B, 0x1E, 0x00, 0x23, 0x46, 0x3B,
		0x84, 0x60, 0xEC, 0x0A, 0x0A, 0x07, 0x00, 0xE0, // 0x28B0
		0x88, 0x1F, 0x63, 0x94, 0x63, 0xE4, 0x01, 0x20,
		0x40, 0x3B, 0x11, 0x08, 0x00, 0x31, 0x00, 0x30, // 0x28C0
		0xFF, 0xE3, 0xDD, 0xF2, 0x01, 0x31, 0x00, 0x30,
		0xFF, 0xE3, 0xD9, 0xF2, 0x52, 0x02, 0x62, 0x92, // 0x28D0
		0x87, 0x3B, 0x62, 0xB2, 0x00, 0xE0, 0x6F, 0x11,
		0x00, 0xE0, 0x70, 0x0F, 0x15, 0x02, 0xDD, 0x07, // 0x28E0
		0x63, 0x94, 0x63, 0xE4, 0x08, 0x20, 0x40, 0x3B,
		0x08, 0x0C, 0x08, 0x30, 0x00, 0xE0, 0x63, 0x1F, // 0x28F0
		0x00, 0x31, 0x19, 0x02, 0xFF, 0xE3, 0x02, 0xEE,
		0x64, 0xD8, 0xB0, 0x02, 0x4A, 0x3B, 0x7B, 0x02, // 0x2900
		0x68, 0xB8, 0xE6, 0x08, 0x00, 0xE0, 0xF2, 0x10,
		0x00, 0xEA, 0x01, 0x06, 0x00, 0xE0, 0x53, 0x1F, // 0x2910
		0x00, 0x33, 0x07, 0xD8, 0x5E, 0x10, 0x64, 0xDC,
		0xB0, 0x02, 0x62, 0x03, 0x60, 0x93, 0x64, 0xDC, // 0x2920
		0xB1, 0x20, 0x00, 0xE0, 0xED, 0x11, 0x80, 0x30,
		0x08, 0x40, 0x00, 0xE0, 0xDA, 0x1E, 0x4A, 0x03, // 0x2930
		0x00, 0x30, 0x62, 0x92, 0x63, 0xEC, 0x80, 0x00,
		0x62, 0xB2, 0xFF, 0xE3, 0xB3, 0xF2, 0x00, 0xE0, // 0x2940
		0x87, 0x19, 0x64, 0xD8, 0xB1, 0x02, 0x48, 0x3B,
		0x0B, 0x08, 0x80, 0x30, 0x08, 0x40, 0xFF, 0xE3, // 0x2950
		0x2E, 0xFB, 0x64, 0x94, 0x67, 0xDC, 0x65, 0x20,
		0x01, 0x33, 0x64, 0xDC, 0xAE, 0x20, 0x24, 0x94, // 0x2960
		0x61, 0xE4, 0x02, 0x20, 0x40, 0x3B, 0x04, 0x08,
		0x15, 0x03, 0xFF, 0xE3, 0x39, 0xEF, 0x00, 0x33, // 0x2970
		0x64, 0xB4, 0x0A, 0x33, 0x64, 0xDC, 0xB1, 0x02,
		0x68, 0x98, 0x58, 0x03, 0x60, 0x93, 0x21, 0x92, // 0x2980
		0xC6, 0x60, 0x03, 0xEB, 0xE8, 0x03, 0x62, 0x0C,
		0x68, 0x98, 0x60, 0x93, 0x61, 0xB2, 0x64, 0xD8, // 0x2990
		0xB0, 0x02, 0xCC, 0x74, 0x02, 0x3B, 0x5A, 0x0C,
		0x64, 0xD8, 0xB0, 0x02, 0xCC, 0x74, 0x09, 0x3B, // 0x29A0
		0x55, 0x08, 0x67, 0xD8, 0x45, 0x20, 0x63, 0xE4,
		0x10, 0x20, 0xDC, 0x13, 0x40, 0x3B, 0x7C, 0x13, // 0x29B0
		0xC3, 0xC4, 0x20, 0x0C, 0x67, 0xD8, 0xB9, 0x10,
		0x0A, 0x31, 0x69, 0xB8, 0x79, 0x13, 0x42, 0x8B, // 0x29C0
		0xA3, 0xD8, 0x03, 0x50, 0x4A, 0xB8, 0x41, 0x8B,
		0x17, 0x6C, 0x4B, 0xB8, 0x40, 0x8B, 0x4C, 0xB8, // 0x29D0
		0x00, 0xE0, 0xF8, 0x28, 0xC3, 0x74, 0x0A, 0x31,
		0x17, 0x6C, 0x6D, 0xB8, 0x00, 0xE0, 0xBE, 0x29, // 0x29E0
		0xC3, 0x74, 0xDF, 0x3B, 0x03, 0x0C, 0x00, 0x32,
		0x6D, 0x5A, 0x43, 0x94, 0x42, 0xE4, 0x04, 0x20, // 0x29F0
		0x2D, 0x13, 0x40, 0x3A, 0x4D, 0x13, 0x07, 0xD8,
		0x7C, 0x01, 0x41, 0xC4, 0x20, 0x0C, 0x32, 0x31, // 0x2A00
		0x04, 0x7C, 0xFF, 0x31, 0x6F, 0xB8, 0x4E, 0xB8,
		0x00, 0xE0, 0xDC, 0x28, 0xA7, 0xD8, 0xBA, 0x10, // 0x2A10
		0x0A, 0x31, 0x07, 0xB8, 0x17, 0x6C, 0x00, 0xE0,
		0x23, 0x2A, 0x01, 0x74, 0x06, 0xB8, 0x0A, 0x31, // 0x2A20
		0x17, 0x6C, 0x00, 0xE0, 0xC3, 0x29, 0x6F, 0x98,
		0x4E, 0x98, 0x63, 0xB8, 0x6D, 0x98, 0x01, 0x74, // 0x2A30
		0x62, 0xB8, 0x6C, 0x98, 0x05, 0xB8, 0x61, 0xB8,
		0x6B, 0x98, 0x44, 0xB8, 0x60, 0xB8, 0x49, 0x98, // 0x2A40
		0x6A, 0x98, 0x5B, 0x6C, 0x1A, 0x12, 0xFF, 0xE3,
		0xCB, 0xEE, 0x68, 0x98, 0x39, 0x12, 0x40, 0x93, // 0x2A50
		0x60, 0x91, 0x8E, 0x60, 0x02, 0xEB, 0xBC, 0x02,
		0x39, 0x0C, 0x44, 0xD8, 0xB0, 0x02, 0x48, 0x3A, // 0x2A60
		0x35, 0x08, 0xA6, 0x12, 0x63, 0xE4, 0x2B, 0x01,
		0x60, 0xB1, 0x66, 0x85, 0x24, 0xD8, 0xBC, 0x42, // 0x2A70
		0x68, 0xB8, 0x00, 0x32, 0x03, 0x2A, 0x85, 0x64,
		0x6E, 0xD8, 0x10, 0x10, 0x43, 0x94, 0x02, 0x8D, // 0x2A80
		0xCD, 0x74, 0xC2, 0x58, 0x42, 0xE4, 0x04, 0x20,
		0xCC, 0x09, 0x40, 0x3A, 0xA3, 0x09, 0x41, 0x8D, // 0x2A90
		0x02, 0x2A, 0x80, 0x64, 0x9F, 0x0D, 0x43, 0xEB,
		0xFF, 0x00, 0xC0, 0x09, 0x64, 0x33, 0x67, 0xDC, // 0x2AA0
		0xD1, 0x00, 0x00, 0xE0, 0xA7, 0x0F, 0x14, 0x11,
		0x22, 0x8D, 0x00, 0x21, 0x00, 0xE0, 0x8A, 0x28, // 0x2AB0
		0x03, 0x6D, 0x5B, 0x6C, 0x10, 0x11, 0x00, 0xE0,
		0x79, 0x29, 0x66, 0x85, 0x43, 0x6C, 0x60, 0xB8, // 0x2AC0
		0x93, 0x6C, 0x68, 0x98, 0x1C, 0x11, 0xFF, 0xE3,
		0x8B, 0xEE, 0x10, 0x14, 0x94, 0x14, 0x64, 0xD8, // 0x2AD0
		0xB0, 0x02, 0xCC, 0x74, 0x05, 0x3B, 0x16, 0x0C,
		0x64, 0xD8, 0xB0, 0x02, 0xCC, 0x74, 0x09, 0x3B, // 0x2AE0
		0x11, 0x08, 0x6B, 0x11, 0x44, 0xD8, 0xB1, 0x20,
		0x60, 0x93, 0xCA, 0x60, 0x03, 0xEB, 0xD8, 0x59, // 0x2AF0
		0x1D, 0x08, 0x67, 0x11, 0x44, 0xD8, 0xB0, 0x20,
		0x60, 0x93, 0xCA, 0x60, 0x03, 0xEB, 0xDC, 0x05, // 0x2B00
		0x15, 0x08, 0x4E, 0x11, 0x00, 0x33, 0x49, 0xB8,
		0x7C, 0x30, 0x0C, 0x35, 0x48, 0x98, 0xC9, 0x98, // 0x2B10
		0x20, 0x92, 0x03, 0xC4, 0x22, 0x84, 0x98, 0x60,
		0xC2, 0x92, 0x94, 0x60, 0x40, 0x92, 0x5A, 0x60, // 0x2B20
		0x48, 0x64, 0x2B, 0x0B, 0x00, 0x23, 0x46, 0x3B,
		0xF2, 0x0B, 0x64, 0xD8, 0xB0, 0x02, 0xCC, 0x74, // 0x2B30
		0x40, 0x3B, 0x15, 0x0C, 0x41, 0x3B, 0xA9, 0x0C,
		0x01, 0x11, 0xFF, 0xE3, 0x51, 0xEE, 0x04, 0xD8, // 0x2B40
		0xB0, 0x02, 0x00, 0x74, 0x01, 0x28, 0x06, 0x38,
		0x3D, 0x09, 0x00, 0xE0, 0xBD, 0x29, 0x02, 0x01, // 0x2B50
		0x0D, 0x01, 0x16, 0x01, 0x1F, 0x01, 0x28, 0x01,
		0x31, 0x01, 0xDE, 0x00, 0x49, 0x10, 0x01, 0x31, // 0x2B60
		0x62, 0x92, 0x63, 0xEC, 0x80, 0x00, 0x62, 0xB2,
		0x56, 0x10, 0x62, 0x92, 0x63, 0xEC, 0x01, 0x00, // 0x2B70
		0x62, 0xB2, 0x29, 0x04, 0xA0, 0x68, 0x06, 0x00,
		0x00, 0x02, 0x00, 0x20, 0x14, 0x76, 0x00, 0x00, // 0x2B80
		0x00, 0x40, 0x01, 0x40, 0x26, 0x76, 0x00, 0x00,
		0xF4, 0x47, 0x00, 0x00, 0xF0, 0x04, 0x00, 0x20, // 0x2B90
		0x39, 0x76, 0x00, 0x00, 0x94, 0x0C, 0x00, 0x20,
		0x40, 0x71, 0x00, 0x00, 0x44, 0x71, 0x00, 0x00, // 0x2BA0
		0xD0, 0x04, 0x00, 0x20, 0x4D, 0x71, 0x00, 0x00,
		0x48, 0x71, 0x00, 0x00, 0xEB, 0x76, 0x00, 0x00, // 0x2BB0
		0xC8, 0x08, 0x00, 0x20, 0x2D, 0x77, 0x00, 0x00,
		0xE0, 0x05, 0x00, 0x20, 0x50, 0x76, 0x00, 0x00, // 0x2BC0
		0x00, 0xF0, 0x01, 0x40, 0x62, 0x92, 0xC4, 0x68,
		0xCC, 0x74, 0x40, 0x3B, 0xFC, 0x0B, 0x62, 0x92, // 0x2BD0
		0x80, 0x3B, 0x62, 0xB2, 0x00, 0x31, 0x7A, 0x00,
		0x6C, 0x29, 0x23, 0xDC, 0x44, 0x00, 0x6B, 0x31, // 0x2BE0
		0x1C, 0x00, 0x23, 0xDC, 0x45, 0x00, 0xD9, 0x31,
		0x23, 0xDC, 0x21, 0x10, 0x00, 0x31, 0x73, 0x29, // 0x2BF0
		0x23, 0xDC, 0x46, 0x00, 0x03, 0xEA, 0xFF, 0x1F,
		0xC0, 0x92, 0x8C, 0x69, 0xA1, 0x92, 0x61, 0x92, // 0x2C00
		0x68, 0x4B, 0xFF, 0x32, 0xC8, 0x68, 0x48, 0x69,
		0x4E, 0x61, 0x03, 0xEA, 0x2E, 0x04, 0x4C, 0x7D, // 0x2C10
		0x55, 0x75, 0x9B, 0x6C, 0x57, 0x6C, 0xFF, 0xE3,
		0xE3, 0xED, 0x49, 0x01, 0x62, 0x92, 0x87, 0x3B, // 0x2C20
		0x62, 0xB2, 0x67, 0xD8, 0x45, 0x20, 0x63, 0xE4,
		0x00, 0x28, 0x40, 0x3B, 0x05, 0x0C, 0x64, 0x30, // 0x2C30
		0x00, 0xE0, 0x66, 0x10, 0xA2, 0x06, 0x05, 0xEB,
		0xCF, 0x07, 0x04, 0x0C, 0x06, 0xEB, 0x4B, 0x02, // 0x2C40
		0x05, 0x08, 0x0A, 0x30, 0x00, 0xE0, 0x40, 0x1D,
		0xF3, 0x07, 0xA5, 0xE4, 0x9F, 0x1F, 0x55, 0x75, // 0x2C50
		0x56, 0x01, 0x05, 0xEB, 0xD0, 0x07, 0x0C, 0x0C,
		0x00, 0x33, 0x60, 0xA2, 0x64, 0xD8, 0xB0, 0x02, // 0x2C60
		0xCC, 0x74, 0x64, 0xDC, 0xB1, 0x02, 0x01, 0x33,
		0x64, 0xDC, 0xB0, 0x02, 0x86, 0x06, 0xC6, 0xE4, // 0x2C70
		0x89, 0x12, 0x99, 0x75, 0x06, 0xEB, 0x2C, 0x01,
		0xF0, 0x0B, 0x60, 0x82, 0x00, 0x23, 0xCC, 0x74, // 0x2C80
		0x60, 0xA2, 0x04, 0x3B, 0xEA, 0x0B, 0xD4, 0x07,
		0x63, 0x02, 0x42, 0x8B, 0x64, 0xD8, 0x51, 0x11, // 0x2C90
		0x8C, 0x64, 0x0B, 0x08, 0x64, 0x94, 0xB5, 0x3B,
		0x64, 0xB4, 0x01, 0x30, 0x0A, 0x33, 0x64, 0xDC, // 0x2CA0
		0xB0, 0x02, 0x00, 0xE0, 0x11, 0x1D, 0x69, 0x06,
		0x64, 0xD8, 0xB0, 0x02, 0xCC, 0x74, 0x64, 0xDC, // 0x2CB0
		0xB1, 0x02, 0x02, 0x33, 0x80, 0x30, 0x64, 0xDC,
		0xB0, 0x02, 0x07, 0x40, 0x6F, 0x02, 0x64, 0xDC, // 0x2CC0
		0x8D, 0x20, 0x00, 0xE0, 0x16, 0x1D, 0x64, 0xD8,
		0xAE, 0x20, 0x40, 0x3B, 0x08, 0x0C, 0x80, 0x30, // 0x2CD0
		0x00, 0x33, 0x0E, 0x40, 0x64, 0xDC, 0xAE, 0x20,
		0xFF, 0xE3, 0x69, 0xF9, 0xFF, 0xE3, 0x30, 0xFB, // 0x2CE0
		0x00, 0x31, 0x00, 0x30, 0xFF, 0xE3, 0xCB, 0xF0,
		0x01, 0x31, 0x00, 0x30, 0xFF, 0xE3, 0xC7, 0xF0, // 0x2CF0
		0x5F, 0x02, 0x62, 0x92, 0x87, 0x3B, 0x62, 0xB2,
		0x00, 0xE0, 0x5D, 0x0F, 0x1E, 0x02, 0x05, 0x31, // 0x2D00
		0xFF, 0xE3, 0xFC, 0xEB, 0x07, 0xD8, 0x5F, 0x10,
		0x94, 0x07, 0x68, 0x98, 0x44, 0xD8, 0xB1, 0x20, // 0x2D10
		0x60, 0x93, 0xCA, 0x60, 0x03, 0xEB, 0xD8, 0x59,
		0x64, 0x94, 0x10, 0x0C, 0x05, 0x03, 0x63, 0xEC, // 0x2D20
		0x00, 0x20, 0x64, 0xB4, 0xFF, 0xE3, 0x5C, 0xED,
		0x0D, 0x30, 0x00, 0xE0, 0xCD, 0x1C, 0x80, 0x30, // 0x2D30
		0x0D, 0x40, 0xFF, 0xE3, 0x3C, 0xF9, 0x0A, 0x33,
		0x98, 0x07, 0x0B, 0x03, 0x63, 0xEC, 0x00, 0x10, // 0x2D40
		0x64, 0xB4, 0xFF, 0xE3, 0x4D, 0xED, 0x0C, 0x30,
		0x00, 0xE0, 0xBE, 0x1C, 0x80, 0x30, 0x0C, 0x40, // 0x2D50
		0xF1, 0x07, 0x64, 0x94, 0x63, 0xEC, 0x04, 0x00,
		0x12, 0x03, 0x64, 0xB4, 0xFF, 0xE3, 0x40, 0xED, // 0x2D60
		0x12, 0x30, 0x00, 0xE0, 0xB1, 0x1C, 0xE8, 0x07,
		0x64, 0x94, 0x63, 0xEC, 0x08, 0x00, 0x16, 0x03, // 0x2D70
		0x64, 0xB4, 0xFF, 0xE3, 0x35, 0xED, 0x13, 0x30,
		0xF5, 0x07, 0x64, 0x94, 0x63, 0xEC, 0x10, 0x00, // 0x2D80
		0x1A, 0x03, 0x64, 0xB4, 0xFF, 0xE3, 0x2C, 0xED,
		0x14, 0x30, 0xEC, 0x07, 0x64, 0x94, 0x63, 0xEC, // 0x2D90
		0x20, 0x00, 0x1D, 0x03, 0x64, 0xB4, 0xFF, 0xE3,
		0x23, 0xED, 0x15, 0x30, 0xE3, 0x07, 0x64, 0x94, // 0x2DA0
		0x63, 0xEC, 0x00, 0x01, 0x1E, 0x13, 0x64, 0xB4,
		0xFF, 0xE3, 0x1A, 0xED, 0x16, 0x30, 0xDA, 0x07, // 0x2DB0
		0x64, 0x94, 0x63, 0xEC, 0x00, 0x02, 0x1B, 0x13,
		0x64, 0xB4, 0xFF, 0xE3, 0x11, 0xED, 0x17, 0x30, // 0x2DC0
		0xD1, 0x07, 0x64, 0x94, 0x63, 0xEC, 0x00, 0x08,
		0x17, 0x13, 0x64, 0xB4, 0xFF, 0xE3, 0x08, 0xED, // 0x2DD0
		0xB3, 0x07, 0x43, 0xEB, 0xFF, 0x00, 0x22, 0x08,
		0x5B, 0x6C, 0x14, 0x13, 0xCF, 0x6D, 0x00, 0xE0, // 0x2DE0
		0xE5, 0x27, 0x20, 0xE4, 0x4E, 0x10, 0x11, 0x13,
		0x00, 0xE0, 0xE0, 0x27, 0xDF, 0x6C, 0x40, 0x8D, // 0x2DF0
		0x80, 0x64, 0x05, 0x0C, 0x41, 0x8D, 0x80, 0x64,
		0x40, 0xC4, 0x20, 0x0C, 0x24, 0xD8, 0xB6, 0x02, // 0x2E00
		0x4C, 0x64, 0x07, 0x0C, 0x03, 0xEB, 0xFF, 0x00,
		0x4F, 0x6C, 0x02, 0x0C, 0xFF, 0x31, 0x45, 0x74, // 0x2E10
		0x44, 0x74, 0x09, 0x74, 0x00, 0xE0, 0xBF, 0x0D,
		0x47, 0x06, 0x0A, 0x23, 0xCD, 0x74, 0xE8, 0x07, // 0x2E20
		0x40, 0x3A, 0x0F, 0x0C, 0x40, 0x8D, 0x02, 0x22,
		0x08, 0x64, 0x0B, 0x0C, 0x44, 0xD8, 0xB6, 0x02, // 0x2E30
		0xC8, 0x64, 0x07, 0x0C, 0x32, 0x33, 0x67, 0xDC,
		0xD1, 0x00, 0x00, 0xE0, 0x19, 0x0E, 0x34, 0x06, // 0x2E40
		0x84, 0xD8, 0xB6, 0x02, 0xD0, 0x64, 0x1D, 0x0C,
		0x5B, 0x6C, 0x18, 0x12, 0xCF, 0x6D, 0x00, 0xE0, // 0x2E50
		0xAD, 0x27, 0x20, 0xE4, 0x50, 0x00, 0x15, 0x12,
		0x00, 0xE0, 0xA8, 0x27, 0xDF, 0x6C, 0x40, 0x8D, // 0x2E60
		0x80, 0x64, 0x05, 0x0C, 0x41, 0x8D, 0x80, 0x64,
		0x40, 0xC4, 0x20, 0x0C, 0x0C, 0x65, 0x07, 0x0C, // 0x2E70
		0x03, 0xEB, 0xFF, 0x00, 0x0F, 0x6D, 0x02, 0x0C,
		0xFF, 0x34, 0x11, 0x75, 0x50, 0x74, 0xCA, 0x07, // 0x2E80
		0x0A, 0x2B, 0xCD, 0x74, 0xED, 0x07, 0xD4, 0x14,
		0x23, 0x14, 0x68, 0x59, 0x0D, 0x64, 0x43, 0x6D, // 0x2E90
		0x20, 0xB8, 0x41, 0xB8, 0x68, 0x0C, 0x39, 0x11,
		0x74, 0x11, 0x01, 0x89, 0x42, 0x89, 0xE0, 0x89, // 0x2EA0
		0xC1, 0xD8, 0x03, 0x50, 0x75, 0x31, 0x08, 0x64,
		0x97, 0x8B, 0x69, 0x58, 0x00, 0x32, 0x06, 0xE4, // 0x2EB0
		0xF9, 0x10, 0x04, 0x7C, 0x01, 0xEA, 0x20, 0x4E,
		0x62, 0xC4, 0x40, 0x0C, 0x62, 0xB8, 0x00, 0xE0, // 0x2EC0
		0x81, 0x26, 0xFA, 0x31, 0x22, 0x41, 0x0D, 0x20,
		0x1C, 0x7C, 0x00, 0xE0, 0x7B, 0x26, 0x38, 0x11, // 0x2ED0
		0x62, 0x98, 0x21, 0xD8, 0x45, 0x20, 0x21, 0xE4,
		0x02, 0x20, 0x40, 0x39, 0x04, 0x0C, 0x55, 0x11, // 0x2EE0
		0x02, 0xDC, 0x3E, 0x10, 0xC0, 0x64, 0x05, 0x08,
		0xC2, 0x60, 0x03, 0xEB, 0x31, 0x00, 0x22, 0x08, // 0x2EF0
		0x4F, 0x2C, 0x26, 0xEB, 0x52, 0x03, 0x11, 0x75,
		0x0A, 0x08, 0x06, 0x30, 0xC6, 0xE4, 0x51, 0x13, // 0x2F00
		0x64, 0x31, 0x18, 0x7C, 0x00, 0xE0, 0x5E, 0x26,
		0x00, 0x61, 0x11, 0x75, 0x69, 0x11, 0x53, 0x6C, // 0x2F10
		0x63, 0x93, 0x63, 0xE4, 0x80, 0x20, 0x40, 0x3B,
		0x02, 0x08, 0x3B, 0x29, 0x00, 0xEA, 0x88, 0x13, // 0x2F20
		0x60, 0x98, 0x4E, 0x61, 0x61, 0x98, 0x4E, 0x61,
		0x14, 0x7C, 0x00, 0xE0, 0x3F, 0x27, 0x03, 0x14, // 0x2F30
		0x94, 0x14, 0x03, 0xEB, 0x63, 0x00, 0x62, 0xB8,
		0x00, 0xEA, 0x88, 0x13, 0x0E, 0x08, 0x50, 0x31, // 0x2F40
		0x1E, 0x60, 0x00, 0xE0, 0x3F, 0x26, 0x62, 0x98,
		0x4F, 0x2C, 0x05, 0x31, 0x02, 0x61, 0x0F, 0x6C, // 0x2F50
		0x00, 0xE0, 0x2C, 0x27, 0x02, 0x61, 0xCE, 0x07,
		0x50, 0x31, 0x68, 0x2C, 0x1E, 0x60, 0x00, 0xE0, // 0x2F60
		0x31, 0x26, 0xF9, 0x07, 0x00, 0x30, 0xE4, 0x07,
		0xF0, 0x0B, 0x00, 0x20, 0x45, 0x76, 0x00, 0x00, // 0x2F70
		0x00, 0x40, 0x01, 0x40, 0x94, 0x0C, 0x00, 0x20,
		0xD0, 0x04, 0x00, 0x20, 0x0C, 0x64, 0x00, 0x00, // 0x2F80
		0xC8, 0x47, 0x00, 0x00, 0x5C, 0x76, 0x00, 0x00,
		0x63, 0x76, 0x00, 0x00, 0x6A, 0x76, 0x00, 0x00, // 0x2F90
		0x7D, 0x76, 0x00, 0x00, 0x8F, 0x76, 0x00, 0x00,
		0xAA, 0x76, 0x00, 0x00, 0xBB, 0x76, 0x00, 0x00, // 0x2FA0
		0xCA, 0x76, 0x00, 0x00, 0xD9, 0x76, 0x00, 0x00,
		0xA0, 0x68, 0x06, 0x00, 0x00, 0x00, 0x00, 0x20, // 0x2FB0
		0x08, 0x02, 0x00, 0x20, 0xD4, 0x14, 0x26, 0x14,
		0x6E, 0x00, 0x42, 0x93, 0x42, 0xE4, 0x01, 0x20, // 0x2FC0
		0x40, 0x3A, 0x60, 0xE8, 0x2E, 0x02, 0xB0, 0x00,
		0x00, 0x85, 0x07, 0x38, 0x25, 0x08, 0x00, 0xE0, // 0x2FD0
		0x7B, 0x27, 0x08, 0x00, 0x4A, 0x02, 0x28, 0x02,
		0x84, 0x02, 0x9A, 0x02, 0x22, 0x00, 0xCC, 0x02, // 0x2FE0
		0xEE, 0x02, 0x76, 0x00, 0x63, 0xD8, 0x45, 0x20,
		0x63, 0xE4, 0x06, 0x20, 0x40, 0x3B, 0x14, 0x0C, // 0x2FF0
		0x79, 0x00, 0x61, 0x8B, 0x03, 0xEB, 0xA0, 0x0F,
		0x0F, 0x0C, 0x5A, 0x00, 0x60, 0x92, 0x63, 0xEC, // 0x3000
		0x40, 0x00, 0x60, 0xB2, 0x02, 0x33, 0x00, 0x32,
		0x60, 0xA5, 0x7D, 0x00, 0x42, 0xA3, 0x40, 0xA3, // 0x3010
		0x41, 0xA3, 0x00, 0x32, 0x41, 0xB3, 0x63, 0x01,
		0x63, 0xD8, 0x45, 0x20, 0x43, 0xE4, 0x02, 0x20, // 0x3020
		0x40, 0x3A, 0x0E, 0x0C, 0x23, 0x01, 0x43, 0x91,
		0x42, 0xE4, 0x05, 0x20, 0x40, 0x3A, 0x08, 0x08, // 0x3030
		0x45, 0x01, 0x21, 0xD8, 0x20, 0x20, 0x40, 0x92,
		0x86, 0x60, 0x02, 0x3A, 0x0F, 0x08, 0x43, 0xE4, // 0x3040
		0x04, 0x20, 0x40, 0x3A, 0x07, 0x0C, 0x4B, 0x01,
		0x43, 0x92, 0x42, 0xE4, 0x10, 0x20, 0x40, 0x3A, // 0x3050
		0x05, 0x0C, 0x63, 0xE4, 0x01, 0x20, 0x40, 0x3B,
		0x2D, 0x0D, 0x16, 0x01, 0x2F, 0x01, 0xEE, 0x01, // 0x3060
		0x86, 0x90, 0x60, 0x81, 0x43, 0xE4, 0x13, 0x00,
		0x41, 0x42, 0x9C, 0x60, 0x80, 0xAA, 0x43, 0xE4, // 0x3070
		0x27, 0x00, 0x00, 0x23, 0xCC, 0x74, 0x07, 0x90,
		0x13, 0x3B, 0x41, 0x42, 0x9C, 0x60, 0x00, 0xAA, // 0x3080
		0x60, 0xE8, 0x33, 0x05, 0xD7, 0x01, 0x07, 0xE4,
		0x27, 0x00, 0x60, 0xA1, 0x00, 0xE0, 0x06, 0x16, // 0x3090
		0x79, 0x8E, 0x46, 0xD8, 0x18, 0x50, 0xC8, 0x31,
		0x0A, 0x60, 0x0C, 0x7C, 0x43, 0xB8, 0x00, 0x35, // 0x30A0
		0x85, 0x02, 0x62, 0xB8, 0x00, 0xE0, 0x8E, 0x25,
		0x03, 0xEA, 0x88, 0x13, 0x0C, 0x60, 0xDF, 0x38, // 0x30B0
		0x05, 0xC4, 0x40, 0x0C, 0x01, 0xAC, 0x07, 0xE4,
		0x4F, 0x00, 0x00, 0xE0, 0xEF, 0x15, 0xE6, 0xD8, // 0x30C0
		0x1A, 0x50, 0xDB, 0x8E, 0xC8, 0x31, 0x1E, 0x60,
		0x18, 0x7C, 0x00, 0xE0, 0x7B, 0x25, 0x03, 0xEA, // 0x30D0
		0x88, 0x13, 0x0C, 0x60, 0xDF, 0x38, 0x05, 0xC4,
		0x40, 0x0C, 0x02, 0xAC, 0x97, 0x02, 0x62, 0x98, // 0x30E0
		0x06, 0x94, 0x43, 0x98, 0xC8, 0x31, 0x01, 0x74,
		0x0A, 0x60, 0x0C, 0x7C, 0x00, 0xE0, 0x6A, 0x25, // 0x30F0
		0x03, 0xEA, 0x88, 0x13, 0x0C, 0x60, 0xDF, 0x38,
		0x05, 0xC4, 0x40, 0x0C, 0x81, 0x74, 0x74, 0x02, // 0x3100
		0xC8, 0x31, 0x41, 0xAB, 0x43, 0xB8, 0x07, 0x94,
		0x01, 0x74, 0x1E, 0x60, 0x18, 0x7C, 0x62, 0xB8, // 0x3110
		0x00, 0xE0, 0x58, 0x25, 0x43, 0x98, 0x03, 0xEA,
		0x88, 0x13, 0x0C, 0x60, 0xDF, 0x38, 0x05, 0xC4, // 0x3120
		0x40, 0x0C, 0x62, 0x98, 0x02, 0xEB, 0xA8, 0x61,
		0x02, 0xAB, 0x0F, 0x6D, 0x0A, 0x0C, 0x04, 0x30, // 0x3130
		0x00, 0xE0, 0xE8, 0x15, 0x11, 0x30, 0x00, 0xE0,
		0xC7, 0x1A, 0x02, 0x03, 0xFF, 0xE3, 0x50, 0xEB, // 0x3140
		0x6A, 0x03, 0x63, 0x93, 0x63, 0xE4, 0x08, 0x20,
		0x40, 0x3B, 0xB4, 0x0C, 0x4C, 0x03, 0xAE, 0x03, // 0x3150
		0x60, 0x92, 0x25, 0xD8, 0x81, 0x20, 0xC6, 0x60,
		0x18, 0x3B, 0x42, 0x0C, 0x60, 0x92, 0x01, 0x8C, // 0x3160
		0x65, 0xDC, 0x81, 0x20, 0x62, 0x8C, 0x0C, 0x64,
		0x60, 0xE8, 0xC2, 0x04, 0x0E, 0x60, 0xFA, 0x31, // 0x3170
		0x60, 0x8C, 0x0C, 0x7C, 0x22, 0x41, 0x00, 0xE0,
		0x25, 0x25, 0x83, 0x6D, 0x06, 0xEB, 0xB0, 0x04, // 0x3180
		0xF3, 0x03, 0x00, 0xC4, 0x01, 0x05, 0x12, 0x33,
		0x14, 0x32, 0x1F, 0x6C, 0xFF, 0xE3, 0xEC, 0xEA, // 0x3190
		0x40, 0x38, 0x40, 0xE8, 0xB0, 0x04, 0x11, 0x30,
		0x00, 0xE0, 0xB4, 0x15, 0x0C, 0x30, 0x00, 0xE0, // 0x31A0
		0x93, 0x1A, 0x1A, 0x03, 0xFF, 0xE3, 0x1C, 0xEB,
		0x06, 0xEB, 0x40, 0x06, 0x00, 0xC4, 0x01, 0x05, // 0x31B0
		0x04, 0x33, 0x04, 0x32, 0x07, 0xE4, 0x17, 0x00,
		0xFF, 0xE3, 0xD6, 0xEA, 0x40, 0x38, 0x10, 0x0C, // 0x31C0
		0x10, 0x30, 0x00, 0xE0, 0x9F, 0x15, 0x10, 0x30,
		0x00, 0xE0, 0x7E, 0x1A, 0x21, 0x8C, 0x42, 0x8C, // 0x31D0
		0xC1, 0xB8, 0x69, 0x59, 0x00, 0x8C, 0x00, 0xB8,
		0x18, 0x13, 0xFF, 0xE3, 0x01, 0xEB, 0x61, 0x8C, // 0x31E0
		0x42, 0x8C, 0x49, 0x5B, 0x22, 0xEB, 0xA0, 0x0F,
		0x1C, 0x08, 0x45, 0xD8, 0x14, 0x11, 0xCA, 0x60, // 0x31F0
		0x23, 0xEB, 0xA0, 0x0F, 0x16, 0x08, 0x60, 0x8C,
		0x03, 0xEB, 0xEE, 0x02, 0x12, 0x0C, 0x10, 0x30, // 0x3200
		0x00, 0xE0, 0x80, 0x15, 0x0E, 0x30, 0x00, 0xE0,
		0x5F, 0x1A, 0x00, 0x8C, 0x21, 0x8C, 0x42, 0x8C, // 0x3210
		0x01, 0xB8, 0x69, 0x59, 0x05, 0xD8, 0x14, 0x11,
		0x00, 0xB8, 0x09, 0x13, 0xFF, 0xE3, 0xE0, 0xEA, // 0x3220
		0x61, 0x8C, 0x42, 0x8C, 0x49, 0x5B, 0x22, 0xEB,
		0xE0, 0x2E, 0x1E, 0x08, 0x45, 0xD8, 0x14, 0x11, // 0x3230
		0xCA, 0x60, 0x23, 0xEB, 0xE0, 0x2E, 0x18, 0x08,
		0x60, 0x8C, 0x03, 0xEB, 0x90, 0x01, 0x14, 0x0C, // 0x3240
		0x10, 0x30, 0x00, 0xE0, 0x5F, 0x15, 0x5F, 0x12,
		0x0F, 0x30, 0x60, 0x92, 0x63, 0xEC, 0x80, 0x00, // 0x3250
		0x60, 0xB2, 0x00, 0xE0, 0x39, 0x1A, 0x00, 0x8C,
		0x21, 0x8C, 0x42, 0x8C, 0x00, 0xB8, 0x69, 0x59, // 0x3260
		0x19, 0x12, 0xFF, 0xE3, 0xBD, 0xEA, 0x64, 0xD8,
		0x03, 0x50, 0x23, 0xEB, 0xE2, 0x04, 0x07, 0x08, // 0x3270
		0x03, 0x30, 0x00, 0xE0, 0x47, 0x15, 0x15, 0x12,
		0xFF, 0xE3, 0xB2, 0xEA, 0x64, 0x12, 0x67, 0x93, // 0x3280
		0x63, 0xE4, 0x10, 0x20, 0x40, 0x3B, 0x13, 0x0C,
		0x06, 0x30, 0x00, 0xE0, 0x3B, 0x15, 0x4D, 0x12, // 0x3290
		0x08, 0x30, 0x60, 0x92, 0x63, 0xEC, 0x80, 0x00,
		0x60, 0xB2, 0x00, 0xE0, 0x15, 0x1A, 0x80, 0x30, // 0x32A0
		0x0F, 0x40, 0xFF, 0xE3, 0x84, 0xF6, 0x0A, 0x12,
		0xFF, 0xE3, 0x9A, 0xEA, 0x62, 0x8C, 0x65, 0xDC, // 0x32B0
		0x14, 0x11, 0x08, 0x12, 0xBB, 0x11, 0x40, 0x80,
		0xC1, 0x42, 0x03, 0x31, 0x17, 0x6D, 0x72, 0x59, // 0x32C0
		0xEF, 0x11, 0x62, 0x43, 0xDC, 0x60, 0x60, 0x93,
		0xCF, 0x6D, 0x62, 0x41, 0xC4, 0x60, 0x00, 0x21, // 0x32D0
		0x48, 0x39, 0x63, 0x43, 0xD8, 0x60, 0xD4, 0x60,
		0xE0, 0xAB, 0xF2, 0x0B, 0x00, 0x22, 0x88, 0x74, // 0x32E0
		0x13, 0x3A, 0x60, 0xE8, 0x23, 0x04, 0x40, 0xA0,
		0x04, 0xE4, 0x77, 0x00, 0x00, 0xE0, 0xD6, 0x14, // 0x32F0
		0xFA, 0x31, 0x22, 0x41, 0xA5, 0x11, 0x65, 0x40,
		0xC2, 0x60, 0x63, 0x43, 0x01, 0x5B, 0x62, 0x40, // 0x3300
		0x0E, 0x60, 0x00, 0xE0, 0x5F, 0x24, 0x00, 0xE4,
		0x09, 0x0A, 0x03, 0xAD, 0x04, 0xE4, 0x9F, 0x00, // 0x3310
		0x00, 0xE0, 0xC4, 0x14, 0x7F, 0x48, 0x0C, 0x60,
		0x01, 0x50, 0x07, 0xAD, 0x04, 0xE4, 0xC7, 0x00, // 0x3320
		0x00, 0xE0, 0xBC, 0x14, 0x01, 0x40, 0x04, 0xAD,
		0x04, 0xE4, 0xEF, 0x00, 0x00, 0xE0, 0xB6, 0x14, // 0x3330
		0x01, 0x40, 0x06, 0xAD, 0x08, 0x11, 0x9D, 0x10,
		0x00, 0xE0, 0xB0, 0x14, 0x7F, 0x48, 0x0C, 0x60, // 0x3340
		0x01, 0x50, 0x05, 0xAD, 0xAE, 0x10, 0xFA, 0x31,
		0x68, 0x95, 0x22, 0x41, 0xCD, 0x74, 0x05, 0x43, // 0x3350
		0x0E, 0x60, 0x03, 0x40, 0x0E, 0x60, 0x62, 0x40,
		0x0E, 0x60, 0x00, 0xE0, 0x33, 0x24, 0x69, 0x95, // 0x3360
		0xCD, 0x74, 0x61, 0x4B, 0x67, 0xAC, 0x6A, 0x95,
		0x61, 0x43, 0x64, 0xAC, 0x6B, 0x95, 0x61, 0x43, // 0x3370
		0x66, 0xAC, 0x6C, 0x95, 0xCD, 0x74, 0x61, 0x4B,
		0x30, 0x04, 0x00, 0x00, 0x00, 0x90, 0x00, 0x40, // 0x3380
		0x3E, 0x0C, 0x00, 0x20, 0x00, 0x00, 0x00, 0x20,
		0xD0, 0x04, 0x00, 0x20, 0x00, 0x30, 0x01, 0x40, // 0x3390
		0xCC, 0x08, 0x00, 0x20, 0x08, 0x02, 0x00, 0x20,
		0xF0, 0x04, 0x00, 0x20, 0x3D, 0x0C, 0x00, 0x20, // 0x33A0
		0xFE, 0x08, 0x00, 0x20, 0xF0, 0x0B, 0x00, 0x20,
		0x40, 0x0C, 0x00, 0x20, 0x2B, 0x79, 0x00, 0x00, // 0x33B0
		0xD4, 0x0A, 0x00, 0x20, 0xCC, 0x78, 0x00, 0x00,
		0x38, 0x79, 0x00, 0x00, 0x55, 0x79, 0x00, 0x00, // 0x33C0
		0x00, 0xC0, 0x01, 0x40, 0x76, 0x79, 0x00, 0x00,
		0x8E, 0x79, 0x00, 0x00, 0x99, 0x79, 0x00, 0x00, // 0x33D0
		0x3C, 0x0C, 0x00, 0x20, 0x16, 0x0A, 0x00, 0x20,
		0x65, 0xAC, 0x00, 0xE4, 0x09, 0x0A, 0x6A, 0x01, // 0x33E0
		0x03, 0xAC, 0x63, 0xD8, 0x45, 0x20, 0x43, 0xE4,
		0x02, 0x20, 0x40, 0x3A, 0x07, 0x0C, 0x4D, 0x01, // 0x33F0
		0x43, 0x92, 0x42, 0xE4, 0x05, 0x20, 0x40, 0x3A,
		0x10, 0x0C, 0x43, 0xE4, 0x04, 0x20, 0x40, 0x3A, // 0x3400
		0x07, 0x0C, 0x52, 0x01, 0x43, 0x92, 0x42, 0xE4,
		0x10, 0x20, 0x40, 0x3A, 0x06, 0x0C, 0x63, 0xE4, // 0x3410
		0x01, 0x20, 0x40, 0x3B, 0x40, 0xE8, 0x8E, 0x03,
		0xFF, 0x30, 0xFF, 0xE3, 0x1C, 0xED, 0x06, 0x14, // 0x3420
		0x94, 0x14, 0x79, 0x01, 0x61, 0x8B, 0x03, 0xEB,
		0xA0, 0x0F, 0x40, 0xE8, 0xF6, 0xFD, 0x9B, 0x01, // 0x3430
		0x5B, 0x01, 0x61, 0x84, 0x25, 0x92, 0x41, 0x43,
		0x00, 0x23, 0xCC, 0x74, 0x1E, 0x5C, 0x13, 0x3B, // 0x3440
		0x80, 0x60, 0x20, 0xAA, 0x61, 0xA4, 0x40, 0xE8,
		0xE8, 0xFD, 0x40, 0x02, 0x60, 0x92, 0x86, 0x3B, // 0x3450
		0x60, 0xB2, 0x00, 0xE0, 0x23, 0x14, 0x00, 0x33,
		0x18, 0xAC, 0x60, 0xA4, 0x61, 0xA4, 0x01, 0x33, // 0x3460
		0x60, 0xA5, 0x00, 0xE8, 0xDA, 0xFD, 0x89, 0x02,
		0x25, 0x93, 0x45, 0x74, 0x61, 0x94, 0x4C, 0x60, // 0x3470
		0x60, 0x84, 0x00, 0x23, 0xCC, 0x74, 0x21, 0xB4,
		0x13, 0x3B, 0x60, 0xA4, 0x40, 0xE8, 0xCD, 0xFD, // 0x3480
		0x00, 0x33, 0x00, 0x36, 0x1E, 0x5C, 0x4C, 0x58,
		0x01, 0x23, 0x43, 0xEB, 0x28, 0x00, 0x40, 0x8A, // 0x3490
		0x88, 0x61, 0xFA, 0x0B, 0x9B, 0x6C, 0x12, 0x02,
		0xFF, 0xE3, 0xA2, 0xE9, 0x7A, 0x02, 0xE3, 0xD8, // 0x34A0
		0x45, 0x20, 0x67, 0xE4, 0x02, 0x20, 0xE7, 0xE4,
		0x04, 0x20, 0x40, 0x3B, 0x11, 0x0C, 0x61, 0x94, // 0x34B0
		0xDA, 0x60, 0x61, 0xB4, 0x01, 0x94, 0x14, 0x31,
		0x00, 0xE0, 0x84, 0x23, 0x00, 0x33, 0x40, 0x3F, // 0x34C0
		0x60, 0xA4, 0x07, 0x32, 0x03, 0x33, 0x01, 0xB4,
		0x62, 0xC4, 0x40, 0x0C, 0xCA, 0x07, 0x40, 0x3F, // 0x34D0
		0xF2, 0x0F, 0x61, 0x94, 0x4D, 0x5E, 0x41, 0xB4,
		0xEE, 0x07, 0x69, 0x03, 0x63, 0xD8, 0x45, 0x20, // 0x34E0
		0x43, 0xE4, 0x02, 0x20, 0x40, 0x3A, 0x40, 0xE8,
		0xAC, 0xFD, 0x4C, 0x03, 0x43, 0x92, 0x42, 0xE4, // 0x34F0
		0x08, 0x20, 0x40, 0x3A, 0x40, 0xE8, 0x98, 0xFD,
		0x4C, 0x03, 0x60, 0x92, 0x63, 0xEC, 0x40, 0x00, // 0x3500
		0x60, 0xB2, 0x04, 0x33, 0xAE, 0x07, 0x11, 0x03,
		0x5E, 0x58, 0x85, 0x93, 0x21, 0x80, 0x61, 0x41, // 0x3510
		0xC8, 0x60, 0x80, 0xAB, 0x62, 0x59, 0xCC, 0x74,
		0x61, 0xA0, 0x13, 0x3B, 0x03, 0x6D, 0x0E, 0x08, // 0x3520
		0xC3, 0x5B, 0xC1, 0x46, 0x88, 0x61, 0x61, 0x43,
		0xC0, 0x8E, 0xC8, 0x60, 0xC0, 0xAB, 0x66, 0x59, // 0x3530
		0xCC, 0x74, 0x54, 0x3B, 0x10, 0x08, 0x14, 0x33,
		0x61, 0xA0, 0x5C, 0x03, 0x1B, 0x03, 0x60, 0x92, // 0x3540
		0x86, 0x3B, 0x60, 0xB2, 0x00, 0xE0, 0xAA, 0x13,
		0x00, 0x33, 0x18, 0xAC, 0x60, 0xA4, 0x61, 0xA4, // 0x3550
		0x07, 0x33, 0x87, 0x07, 0x83, 0x5B, 0x81, 0x44,
		0x08, 0x61, 0x61, 0x43, 0xC8, 0x60, 0x40, 0x8C, // 0x3560
		0x40, 0xAB, 0x6A, 0x59, 0x61, 0xA0, 0x00, 0xE8,
		0x58, 0xFD, 0x35, 0x13, 0x1E, 0x59, 0x45, 0x93, // 0x3570
		0xC1, 0x81, 0x61, 0x46, 0xC0, 0x60, 0x40, 0xAB,
		0x40, 0x81, 0x00, 0x22, 0x88, 0x74, 0x40, 0xA1, // 0x3580
		0x02, 0x3A, 0x07, 0x6D, 0x0C, 0x0C, 0x50, 0x13,
		0x60, 0x92, 0x86, 0x3B, 0x60, 0xB2, 0x00, 0xE0, // 0x3590
		0x85, 0x13, 0x07, 0x33, 0x18, 0xAC, 0x60, 0xA5,
		0x00, 0x33, 0x60, 0xA4, 0x62, 0x5E, 0xCC, 0x74, // 0x35A0
		0x13, 0x3B, 0x04, 0x08, 0x61, 0xA4, 0x00, 0xE8,
		0x38, 0xFD, 0x00, 0x33, 0xFC, 0x07, 0x81, 0x13, // 0x35B0
		0x04, 0xD8, 0x45, 0x20, 0xC0, 0xE4, 0x02, 0x20,
		0x40, 0x3E, 0x07, 0x0C, 0x7E, 0x12, 0x63, 0x93, // 0x35C0
		0x63, 0xE4, 0x05, 0x20, 0x40, 0x3B, 0x0C, 0x0C,
		0x60, 0xE4, 0x04, 0x20, 0x40, 0x3B, 0x26, 0x0C, // 0x35D0
		0x79, 0x12, 0x63, 0x93, 0x63, 0xE4, 0x10, 0x20,
		0x40, 0x3B, 0x60, 0xE8, 0xAE, 0x02, 0x78, 0x12, // 0x35E0
		0x38, 0x12, 0x42, 0x83, 0xE5, 0x91, 0x21, 0x42,
		0x00, 0x22, 0x88, 0x74, 0x4C, 0x60, 0x13, 0x3A, // 0x35F0
		0xF9, 0xA9, 0x20, 0x83, 0x00, 0x21, 0x44, 0x74,
		0x42, 0xA3, 0x20, 0xA3, 0x03, 0x0C, 0x00, 0x32, // 0x3600
		0x42, 0xA3, 0x01, 0xEB, 0x63, 0x00, 0x0A, 0x0C,
		0x00, 0x32, 0x40, 0xA3, 0x06, 0x33, 0x4E, 0x12, // 0x3610
		0x60, 0xA5, 0x60, 0x92, 0x63, 0xEC, 0x40, 0x00,
		0x60, 0xB2, 0x40, 0x3E, 0xBD, 0x0D, 0x46, 0x12, // 0x3620
		0xC6, 0x12, 0x42, 0xB8, 0x63, 0x92, 0x63, 0xE4,
		0x08, 0x20, 0x40, 0x3B, 0xAE, 0x0D, 0xE4, 0x12, // 0x3630
		0x07, 0xE4, 0x31, 0x00, 0x00, 0xE0, 0x32, 0x13,
		0x01, 0x74, 0x47, 0xD8, 0x02, 0x50, 0x38, 0x8F, // 0x3640
		0x00, 0x35, 0xFF, 0xE3, 0x22, 0xFC, 0x7F, 0x11,
		0xDF, 0x38, 0x05, 0xC4, 0x40, 0x0C, 0x00, 0xAE, // 0x3650
		0x47, 0xD8, 0x02, 0x50, 0x05, 0x93, 0x38, 0x8F,
		0x01, 0x74, 0xFF, 0xE3, 0x16, 0xFC, 0x5D, 0x11, // 0x3660
		0xDF, 0x38, 0x05, 0xC4, 0x40, 0x0C, 0xC1, 0x74,
		0xE3, 0xB8, 0x60, 0xAA, 0x42, 0x98, 0xA3, 0x92, // 0x3670
		0xA5, 0xE4, 0x05, 0x20, 0x40, 0x3D, 0x39, 0x08,
		0x57, 0x11, 0x41, 0x92, 0x45, 0xB8, 0x44, 0xD8, // 0x3680
		0x22, 0x10, 0xC8, 0x64, 0x44, 0xB8, 0x08, 0x08,
		0x42, 0x98, 0x80, 0x37, 0x43, 0x92, 0xE6, 0x47, // 0x3690
		0x9C, 0x68, 0x40, 0x3A, 0x2E, 0x0D, 0x01, 0x74,
		0xE4, 0xD8, 0x23, 0x10, 0x44, 0xD8, 0x24, 0x10, // 0x36A0
		0x29, 0x5F, 0x41, 0x64, 0x09, 0x08, 0x25, 0x98,
		0xA6, 0x49, 0xA5, 0xE4, 0x03, 0x20, 0x40, 0x3D, // 0x36B0
		0x17, 0x09, 0xDC, 0x64, 0x43, 0x65, 0x64, 0xD8,
		0x8C, 0x01, 0x4E, 0x65, 0x16, 0x0C, 0x26, 0x11, // 0x36C0
		0x66, 0x45, 0x41, 0x91, 0x86, 0x3A, 0x87, 0x3A,
		0x63, 0xE4, 0xC0, 0x20, 0xC8, 0x6C, 0x61, 0xB1, // 0x36D0
		0x62, 0x98, 0xA4, 0xDC, 0x8C, 0x01, 0x11, 0x93,
		0x00, 0xE0, 0xF8, 0x12, 0x7D, 0x10, 0x57, 0x6C, // 0x36E0
		0x40, 0x8B, 0x1E, 0x10, 0xFF, 0xE3, 0x7C, 0xE8,
		0x62, 0x98, 0xA0, 0x8E, 0x63, 0xD8, 0x28, 0x10, // 0x36F0
		0x08, 0x32, 0x4C, 0x65, 0x43, 0x64, 0x04, 0x33,
		0x19, 0x10, 0xFF, 0xE3, 0x35, 0xE8, 0x40, 0x38, // 0x3700
		0x0A, 0x08, 0x05, 0xEB, 0xB3, 0x14, 0x2F, 0x0C,
		0x6F, 0x10, 0x67, 0x93, 0x63, 0xE4, 0x04, 0x20, // 0x3710
		0x40, 0x3B, 0x29, 0x0C, 0x05, 0x30, 0x00, 0xE0,
		0xF5, 0x12, 0x01, 0x30, 0xFF, 0xE3, 0x47, 0xF4, // 0x3720
		0x06, 0x30, 0x00, 0xE0, 0xD1, 0x17, 0x0F, 0x10,
		0xFF, 0xE3, 0x5A, 0xE8, 0x1C, 0x04, 0x00, 0x00, // 0x3730
		0x00, 0x00, 0x00, 0x20, 0x08, 0x02, 0x00, 0x20,
		0xD0, 0x04, 0x00, 0x20, 0xCC, 0x08, 0x00, 0x20, // 0x3740
		0x00, 0x90, 0x00, 0x40, 0x00, 0x30, 0x01, 0x40,
		0x90, 0x78, 0x00, 0x00, 0xD4, 0x08, 0x00, 0x20, // 0x3750
		0x40, 0x0C, 0x00, 0x20, 0x00, 0x40, 0x01, 0x40,
		0xAD, 0x78, 0x00, 0x00, 0x40, 0x0A, 0x00, 0x20, // 0x3760
		0xC2, 0x78, 0x00, 0x00, 0x01, 0x8E, 0x62, 0x8E,
		0x0C, 0x64, 0xC5, 0x08, 0x0E, 0x60, 0xFA, 0x31, // 0x3770
		0x60, 0x8E, 0x0C, 0x7C, 0x22, 0x41, 0x00, 0xE0,
		0x25, 0x22, 0xC3, 0x6D, 0x75, 0x8C, 0x43, 0x98, // 0x3780
		0x64, 0xB8, 0x63, 0x98, 0x32, 0x31, 0x03, 0xD8,
		0x5F, 0x20, 0x62, 0x58, 0x62, 0xDC, 0x5F, 0x20, // 0x3790
		0x00, 0xE0, 0x66, 0x23, 0x40, 0x38, 0x23, 0x08,
		0x07, 0xEB, 0xD0, 0x07, 0x00, 0xC4, 0x01, 0x05, // 0x37A0
		0x0A, 0x33, 0x0C, 0x32, 0xB8, 0x00, 0x1E, 0x5D,
		0xFF, 0xE3, 0xDE, 0xE7, 0x40, 0x38, 0xA5, 0x0C, // 0x37B0
		0x62, 0x98, 0x32, 0x32, 0x80, 0x30, 0x44, 0xB3,
		0x0B, 0x33, 0x0E, 0x40, 0x64, 0xDC, 0x90, 0x01, // 0x37C0
		0x64, 0xD8, 0x40, 0x20, 0x63, 0xEC, 0x00, 0x10,
		0x64, 0xDC, 0x40, 0x20, 0xFF, 0xE3, 0xEF, 0xF3, // 0x37D0
		0x0C, 0x30, 0x00, 0xE0, 0x79, 0x17, 0x03, 0x01,
		0xFF, 0xE3, 0x02, 0xE8, 0x62, 0x98, 0x63, 0x93, // 0x37E0
		0x63, 0xE4, 0x20, 0x20, 0x40, 0x3B, 0x12, 0x0C,
		0x62, 0x8E, 0x08, 0x32, 0x03, 0xEB, 0xAB, 0x0D, // 0x37F0
		0x43, 0x64, 0x04, 0x33, 0x0A, 0x01, 0xFF, 0xE3,
		0xB7, 0xE7, 0x40, 0x38, 0x07, 0x0C, 0x10, 0x30, // 0x3800
		0xFF, 0xE3, 0xD5, 0xF3, 0x0D, 0x01, 0xFF, 0xE3,
		0xEB, 0xE7, 0x62, 0x98, 0x42, 0x8E, 0x63, 0xD8, // 0x3810
		0x27, 0x10, 0x0F, 0x01, 0x8C, 0x64, 0x43, 0x64,
		0x04, 0x33, 0x08, 0x32, 0xFF, 0xE3, 0xA4, 0xE7, // 0x3820
		0x40, 0x38, 0x13, 0x0C, 0x62, 0x98, 0x32, 0x32,
		0x04, 0x30, 0x44, 0xB3, 0x0B, 0x33, 0x64, 0xDC, // 0x3830
		0x90, 0x01, 0x64, 0xD8, 0x40, 0x20, 0x63, 0xEC,
		0x00, 0x10, 0x64, 0xDC, 0x40, 0x20, 0x00, 0xE0, // 0x3840
		0x43, 0x17, 0x02, 0x30, 0xFF, 0xE3, 0xB3, 0xF3,
		0xE6, 0xD8, 0x03, 0x50, 0x62, 0x98, 0x27, 0xEB, // 0x3850
		0x4C, 0x04, 0xA3, 0xD8, 0x5F, 0x00, 0x43, 0x64,
		0x04, 0x33, 0x08, 0x32, 0x01, 0x02, 0xFF, 0xE3, // 0x3860
		0x83, 0xE7, 0x40, 0x38, 0x15, 0x0C, 0x02, 0x02,
		0x26, 0xD8, 0x03, 0x50, 0xFF, 0xE3, 0xB8, 0xE7, // 0x3870
		0x62, 0x98, 0x32, 0x32, 0x0A, 0x30, 0x44, 0xB3,
		0x03, 0x33, 0x64, 0xDC, 0x90, 0x01, 0x64, 0xD8, // 0x3880
		0x40, 0x20, 0x63, 0xEC, 0x00, 0x10, 0x64, 0xDC,
		0x40, 0x20, 0x00, 0xE0, 0x1D, 0x17, 0x0A, 0x33, // 0x3890
		0x4C, 0x7D, 0x08, 0x32, 0xD5, 0x65, 0x00, 0xC4,
		0x01, 0x05, 0x04, 0x33, 0x0F, 0x02, 0xFF, 0xE3, // 0x38A0
		0x63, 0xE7, 0x40, 0x38, 0x09, 0x0C, 0x12, 0x02,
		0x26, 0xD8, 0x03, 0x50, 0xFF, 0xE3, 0x98, 0xE7, // 0x38B0
		0x20, 0x30, 0xFF, 0xE3, 0x7C, 0xF3, 0x43, 0x98,
		0x60, 0x8E, 0x42, 0xD8, 0x76, 0x20, 0x40, 0x3A, // 0x38C0
		0x58, 0x08, 0x03, 0xEB, 0xE8, 0x03, 0x40, 0xE8,
		0xA8, 0xFB, 0x63, 0x98, 0x01, 0x32, 0x43, 0xDC, // 0x38D0
		0x76, 0x20, 0x5B, 0x02, 0x61, 0x92, 0x04, 0x23,
		0x61, 0xB2, 0x00, 0xE8, 0x9E, 0xFB, 0x43, 0x3D, // 0x38E0
		0xEB, 0x0A, 0x64, 0x98, 0xCA, 0x60, 0xC1, 0x64,
		0x01, 0x33, 0xA3, 0xC4, 0x40, 0x0C, 0xE4, 0x06, // 0x38F0
		0x03, 0x35, 0xE2, 0x06, 0x00, 0x37, 0x43, 0x07,
		0x07, 0xEB, 0xB8, 0x0B, 0x00, 0xC4, 0x01, 0x05, // 0x3900
		0x06, 0x33, 0x08, 0x32, 0x05, 0xE4, 0x0F, 0x00,
		0xFF, 0xE3, 0x2E, 0xE7, 0x40, 0x38, 0x51, 0x0B, // 0x3910
		0x07, 0xEB, 0xA0, 0x0F, 0x00, 0xC4, 0x01, 0x05,
		0x04, 0x33, 0x06, 0x32, 0x05, 0xE4, 0x17, 0x00, // 0x3920
		0xFF, 0xE3, 0x22, 0xE7, 0x40, 0x38, 0x45, 0x0B,
		0x07, 0xEB, 0x88, 0x13, 0x00, 0xC4, 0x01, 0x05, // 0x3930
		0x03, 0x33, 0x05, 0x32, 0x05, 0xE4, 0x1F, 0x00,
		0xFF, 0xE3, 0x16, 0xE7, 0x40, 0x38, 0x39, 0x0B, // 0x3940
		0x07, 0xEB, 0x70, 0x17, 0x00, 0xC4, 0x01, 0x05,
		0x02, 0x33, 0x04, 0x32, 0x05, 0xE4, 0x27, 0x00, // 0x3950
		0xFF, 0xE3, 0x0A, 0xE7, 0x40, 0x38, 0x2D, 0x0B,
		0x64, 0x98, 0x04, 0x32, 0xCC, 0x65, 0x43, 0x64, // 0x3960
		0x02, 0x33, 0x05, 0xE4, 0x2F, 0x00, 0xFF, 0xE3,
		0xFF, 0xE6, 0x40, 0x38, 0x22, 0x0B, 0x37, 0x07, // 0x3970
		0x03, 0xEB, 0x1F, 0x03, 0x60, 0xE8, 0x51, 0xFB,
		0x63, 0x98, 0x00, 0x32, 0x43, 0xDC, 0x76, 0x20, // 0x3980
		0x58, 0x13, 0x61, 0x92, 0x04, 0x2B, 0xA9, 0x07,
		0x00, 0x33, 0x00, 0x32, 0x60, 0xAE, 0x76, 0x13, // 0x3990
		0x40, 0xAB, 0x00, 0xE8, 0x42, 0xFB, 0x00, 0xE4,
		0x04, 0x20, 0x40, 0x38, 0x40, 0xE8, 0x3D, 0xFB, // 0x39A0
		0xD2, 0x13, 0x06, 0xE4, 0x31, 0x00, 0x00, 0xE0,
		0x79, 0x11, 0x01, 0x74, 0x46, 0xD8, 0x02, 0x50, // 0x39B0
		0x38, 0x8E, 0x00, 0x34, 0xFF, 0xE3, 0x69, 0xFA,
		0xAD, 0x13, 0xDF, 0x38, 0x04, 0xC4, 0x40, 0x0C, // 0x39C0
		0x6C, 0x13, 0x00, 0xAD, 0x46, 0xD8, 0x02, 0x50,
		0x05, 0x93, 0x38, 0x8E, 0x01, 0x74, 0xFF, 0xE3, // 0x39D0
		0x5C, 0xFA, 0x65, 0x13, 0xDF, 0x38, 0x04, 0xC4,
		0x40, 0x0C, 0x87, 0x13, 0x00, 0xAB, 0x63, 0x94, // 0x39E0
		0x63, 0xE4, 0x20, 0x20, 0x40, 0x3B, 0x40, 0xE8,
		0x18, 0xFB, 0x40, 0x8D, 0x64, 0xD8, 0x50, 0x11, // 0x39F0
		0x06, 0xE4, 0xDB, 0x01, 0x8C, 0x64, 0x43, 0x64,
		0x04, 0x33, 0x08, 0x32, 0xFF, 0xE3, 0xB4, 0xE6, // 0x3A00
		0x40, 0x38, 0x13, 0x0C, 0x00, 0xE0, 0x72, 0x08,
		0x64, 0x94, 0x63, 0xEC, 0x00, 0x80, 0x64, 0xB4, // 0x3A10
		0x01, 0x30, 0x0A, 0x33, 0x64, 0xDC, 0xB0, 0x02,
		0xFF, 0xE3, 0xC9, 0xF2, 0x04, 0x30, 0x00, 0xE0, // 0x3A20
		0x53, 0x16, 0x16, 0x12, 0xFF, 0xE3, 0xDC, 0xE6,
		0x42, 0x8D, 0x64, 0xD8, 0x4E, 0x11, 0x14, 0x12, // 0x3A30
		0xC8, 0x64, 0x43, 0x64, 0x04, 0x33, 0x08, 0x32,
		0xFF, 0xE3, 0x96, 0xE6, 0x40, 0x38, 0x10, 0x0C, // 0x3A40
		0x64, 0x94, 0xB1, 0x3B, 0x64, 0xB4, 0x10, 0x30,
		0x0A, 0x33, 0x64, 0xDC, 0xB0, 0x02, 0xFF, 0xE3, // 0x3A50
		0xAE, 0xF2, 0x07, 0x30, 0x00, 0xE0, 0x38, 0x16,
		0x0A, 0x12, 0xFF, 0xE3, 0xC1, 0xE6, 0x42, 0x8D, // 0x3A60
		0x64, 0xD8, 0x4F, 0x11, 0x08, 0x12, 0x8C, 0x64,
		0x43, 0x64, 0x04, 0x33, 0x08, 0x32, 0xFF, 0xE3, // 0x3A70
		0x7B, 0xE6, 0x40, 0x38, 0x0D, 0x0C, 0x64, 0x94,
		0xB0, 0x3B, 0x64, 0xB4, 0x02, 0x30, 0x0A, 0x33, // 0x3A80
		0x64, 0xDC, 0xB0, 0x02, 0xFF, 0xE3, 0x93, 0xF2,
		0x03, 0x30, 0x00, 0xE0, 0x1D, 0x16, 0xC5, 0xD8, // 0x3A90
		0x03, 0x50, 0x04, 0x33, 0x26, 0xEB, 0x40, 0x06,
		0x43, 0x64, 0x08, 0x32, 0x1B, 0x11, 0xA4, 0xD8, // 0x3AA0
		0xB7, 0x02, 0xFF, 0xE3, 0x61, 0xE6, 0x40, 0x38,
		0x0D, 0x0C, 0x64, 0x94, 0xB3, 0x3B, 0x64, 0xB4, // 0x3AB0
		0x40, 0x30, 0x0A, 0x33, 0x64, 0xDC, 0xB0, 0x02,
		0xFF, 0xE3, 0x79, 0xF2, 0x08, 0x30, 0x00, 0xE0, // 0x3AC0
		0x03, 0x16, 0x0A, 0x33, 0x4C, 0x7D, 0x08, 0x32,
		0x95, 0x65, 0x00, 0xC4, 0x01, 0x05, 0x04, 0x33, // 0x3AD0
		0x0F, 0x11, 0xFF, 0xE3, 0x49, 0xE6, 0x40, 0x38,
		0x40, 0xE8, 0x9F, 0xFA, 0x20, 0x30, 0xFF, 0xE3, // 0x3AE0
		0x66, 0xF2, 0x00, 0xE8, 0x9A, 0xFA, 0x00, 0x33,
		0x00, 0xE8, 0xCE, 0xFA, 0x00, 0x36, 0x00, 0xE8, // 0x3AF0
		0x47, 0xFB, 0x06, 0xEB, 0xD0, 0x07, 0x00, 0xC4,
		0x01, 0x05, 0x09, 0x33, 0x0B, 0x32, 0x1E, 0x5F, // 0x3B00
		0xFF, 0xE3, 0x32, 0xE6, 0x40, 0x38, 0x60, 0xE8,
		0x48, 0xFB, 0x06, 0xEB, 0xC4, 0x09, 0x00, 0xC4, // 0x3B10
		0x01, 0x05, 0x06, 0x33, 0x08, 0x32, 0x07, 0xE4,
		0x0F, 0x00, 0xFF, 0xE3, 0x25, 0xE6, 0x40, 0x38, // 0x3B20
		0x60, 0xE8, 0x3B, 0xFB, 0x00, 0xE8, 0x42, 0xFB,
		0x00, 0x33, 0x60, 0xA0, 0x00, 0xE8, 0xDE, 0xFB, // 0x3B30
		0xF9, 0x30, 0x00, 0xE8, 0x74, 0xFC, 0x40, 0x3E,
		0x34, 0x0F, 0x00, 0xE8, 0x72, 0xFD, 0x00, 0x00, // 0x3B40
		0x4C, 0x0A, 0x00, 0x20, 0xCC, 0x78, 0x00, 0x00,
		0x84, 0x0A, 0x00, 0x20, 0xE6, 0x78, 0x00, 0x00, // 0x3B50
		0x8C, 0x0A, 0x00, 0x20, 0x94, 0x0A, 0x00, 0x20,
		0xF5, 0x78, 0x00, 0x00, 0x9C, 0x0A, 0x00, 0x20, // 0x3B60
		0x00, 0x30, 0x01, 0x40, 0x40, 0x0C, 0x00, 0x20,
		0xCC, 0x08, 0x00, 0x20, 0xD0, 0x04, 0x00, 0x20, // 0x3B70
		0x00, 0x90, 0x00, 0x40, 0x08, 0x02, 0x00, 0x20,
		0xFF, 0x78, 0x00, 0x00, 0xB0, 0x0A, 0x00, 0x20, // 0x3B80
		0x15, 0x79, 0x00, 0x00, 0xB8, 0x0A, 0x00, 0x20,
		0xC0, 0x0A, 0x00, 0x20, 0xC8, 0x0A, 0x00, 0x20, // 0x3B90
		0xD4, 0x14, 0x2F, 0x14, 0x6E, 0x01, 0x8D, 0x01,
		0x47, 0x93, 0x42, 0xE4, 0x10, 0x20, 0x40, 0x3A, // 0x3BA0
		0x35, 0x0C, 0x43, 0x94, 0x42, 0xE4, 0x08, 0x20,
		0x40, 0x3A, 0x30, 0x0C, 0x40, 0x93, 0x32, 0x01, // 0x3BB0
		0x84, 0x68, 0x40, 0xB3, 0x33, 0x01, 0x43, 0x93,
		0x84, 0x68, 0x43, 0xB3, 0x08, 0x30, 0x00, 0xE0, // 0x3BC0
		0xFA, 0x15, 0x10, 0x30, 0x00, 0xE0, 0xFD, 0x15,
		0x80, 0x30, 0x0D, 0x40, 0xFF, 0xE3, 0xEF, 0xF1, // 0x3BD0
		0x00, 0x31, 0x08, 0x30, 0xFF, 0xE3, 0x6D, 0xE8,
		0x1B, 0x01, 0xFF, 0xE3, 0x01, 0xE6, 0x32, 0x33, // 0x3BE0
		0x05, 0x32, 0x64, 0xB4, 0x08, 0x30, 0x7D, 0x01,
		0x43, 0xDC, 0x90, 0x01, 0x43, 0xD8, 0x40, 0x20, // 0x3BF0
		0x42, 0xEC, 0x00, 0x10, 0x43, 0xDC, 0x40, 0x20,
		0x00, 0xE0, 0x66, 0x15, 0x80, 0x30, 0x0F, 0x40, // 0x3C00
		0xFF, 0xE3, 0xD5, 0xF1, 0x04, 0x02, 0xFF, 0xE3,
		0xEB, 0xE5, 0x04, 0x30, 0xFF, 0xE3, 0x3C, 0xE8, // 0x3C10
		0x66, 0x02, 0x40, 0x38, 0x67, 0xB8, 0x96, 0x0C,
		0x60, 0x93, 0x00, 0x23, 0x49, 0x02, 0x04, 0x3B, // 0x3C20
		0x60, 0xB2, 0x1D, 0x0C, 0x63, 0x94, 0x63, 0xE4,
		0x20, 0x20, 0x40, 0x3B, 0x8D, 0x0C, 0x80, 0x30, // 0x3C30
		0xCB, 0x6C, 0x02, 0x40, 0x00, 0x32, 0x40, 0xB3,
		0x00, 0xE0, 0x5B, 0x15, 0x73, 0x02, 0x0B, 0x32, // 0x3C40
		0x0D, 0x30, 0x43, 0xDC, 0x90, 0x01, 0x43, 0xD8,
		0x40, 0x20, 0x42, 0xEC, 0x00, 0x10, 0x43, 0xDC, // 0x3C50
		0x40, 0x20, 0x00, 0xE0, 0x39, 0x15, 0x80, 0x30,
		0xFF, 0xE3, 0xA9, 0xF1, 0xBB, 0x02, 0x80, 0x30, // 0x3C60
		0x65, 0xD8, 0x90, 0x00, 0x43, 0xE4, 0x01, 0x20,
		0x08, 0x40, 0x40, 0x3A, 0x7A, 0x0C, 0x43, 0x94, // 0x3C70
		0x80, 0x68, 0x63, 0xE4, 0x02, 0x20, 0x40, 0x3A,
		0x68, 0x0C, 0x40, 0x3B, 0x0C, 0x08, 0x00, 0xE0, // 0x3C80
		0x9A, 0x15, 0x80, 0x30, 0x00, 0xE0, 0x2D, 0x15,
		0x00, 0x30, 0xFF, 0xE3, 0x8B, 0xE7, 0x04, 0x03, // 0x3C90
		0xFF, 0xE3, 0xA6, 0xE5, 0x00, 0xE0, 0x51, 0x14,
		0x63, 0x94, 0x63, 0xE4, 0x04, 0x20, 0x40, 0x3B, // 0x3CA0
		0x40, 0xE8, 0xD6, 0x02, 0x69, 0x03, 0x44, 0xD8,
		0x21, 0x20, 0x60, 0x93, 0xCA, 0x60, 0x03, 0xEB, // 0x3CB0
		0x39, 0x00, 0x92, 0x08, 0xCC, 0x03, 0x06, 0xD8,
		0x9C, 0x00, 0xFF, 0xE3, 0x7B, 0xE5, 0x66, 0xD8, // 0x3CC0
		0x99, 0x00, 0x01, 0x20, 0x0C, 0x64, 0x88, 0x08,
		0x70, 0x03, 0x62, 0x93, 0x67, 0x4B, 0x63, 0xE4, // 0x3CD0
		0x01, 0x20, 0x80, 0x31, 0x43, 0x94, 0x29, 0x41,
		0x84, 0x68, 0x40, 0x3A, 0x7F, 0x0C, 0x44, 0xD8, // 0x3CE0
		0x55, 0x00, 0x40, 0x3A, 0x0D, 0x0C, 0x80, 0x31,
		0x63, 0x94, 0x37, 0x41, 0xC4, 0x68, 0x40, 0x3B, // 0x3CF0
		0x09, 0x08, 0x08, 0x3A, 0x07, 0x08, 0x64, 0xD8,
		0x56, 0x00, 0x02, 0x3B, 0x03, 0x0C, 0xFF, 0xE3, // 0x3D00
		0x2E, 0xE6, 0x00, 0xE0, 0xE3, 0x10, 0x00, 0xE0,
		0x59, 0x1D, 0x05, 0xD8, 0x43, 0x20, 0x40, 0x38, // 0x3D10
		0x06, 0x0C, 0x00, 0x33, 0x65, 0xDC, 0x43, 0x20,
		0xFF, 0xE3, 0x37, 0xF1, 0xC5, 0xD8, 0x40, 0x20, // 0x3D20
		0x40, 0x3E, 0x40, 0xE8, 0xDB, 0x03, 0x00, 0x33,
		0x5B, 0x6C, 0x18, 0x13, 0x65, 0xDC, 0x40, 0x20, // 0x3D30
		0xFF, 0xE3, 0x56, 0xE5, 0x66, 0xE4, 0x02, 0x20,
		0x40, 0x3B, 0x40, 0xE8, 0xF9, 0x02, 0x00, 0xE0, // 0x3D40
		0xA7, 0x20, 0x00, 0x33, 0x6C, 0x07, 0x00, 0x04,
		0x40, 0x3B, 0xA5, 0x0F, 0x00, 0xE0, 0x39, 0x15, // 0x3D50
		0x80, 0x30, 0x00, 0xE0, 0xCE, 0x14, 0x01, 0x30,
		0xFF, 0xE3, 0x24, 0xE7, 0x0C, 0x13, 0x99, 0x07, // 0x3D60
		0xC3, 0x94, 0x80, 0x69, 0x80, 0x30, 0x40, 0x3E,
		0x01, 0x40, 0x1D, 0x0C, 0xFF, 0xE3, 0x8C, 0xE7, // 0x3D70
		0x40, 0x38, 0x17, 0x08, 0x60, 0x13, 0x61, 0x93,
		0x00, 0x23, 0x5F, 0x12, 0x04, 0x3B, 0x61, 0xB2, // 0x3D80
		0x8A, 0x0F, 0x80, 0x30, 0xCB, 0x6C, 0x08, 0x40,
		0x00, 0x32, 0x41, 0xB3, 0x00, 0xE0, 0x13, 0x15, // 0x3D90
		0x80, 0x30, 0x00, 0xE0, 0xA6, 0x14, 0x00, 0x30,
		0xFF, 0xE3, 0x04, 0xE7, 0x1D, 0x12, 0x79, 0x07, // 0x3DA0
		0x00, 0x33, 0xEC, 0x07, 0xFF, 0xE3, 0x70, 0xE7,
		0x40, 0x38, 0x04, 0x0C, 0x72, 0x12, 0xC1, 0x93, // 0x3DB0
		0x00, 0x26, 0x71, 0x12, 0x04, 0x3E, 0xC1, 0xB3,
		0x6E, 0x0F, 0x80, 0x30, 0x00, 0x32, 0x08, 0x40, // 0x3DC0
		0x41, 0xB3, 0x00, 0xE0, 0xFE, 0x14, 0x80, 0x30,
		0x00, 0xE0, 0x93, 0x14, 0x01, 0x30, 0xFF, 0xE3, // 0x3DD0
		0xE9, 0xE6, 0x11, 0x12, 0x5E, 0x07, 0x01, 0x33,
		0x7D, 0x07, 0x40, 0x3B, 0x97, 0x0F, 0xC9, 0x12, // 0x3DE0
		0x66, 0xD8, 0x99, 0x00, 0x01, 0x3B, 0x2B, 0x0C,
		0x06, 0xE4, 0x9B, 0x00, 0x00, 0xE0, 0x08, 0x05, // 0x3DF0
		0x63, 0x94, 0x63, 0xE4, 0x00, 0x28, 0x40, 0x3B,
		0xAA, 0x0C, 0x20, 0x31, 0x07, 0x12, 0x00, 0xE0, // 0x3E00
		0x1F, 0x0F, 0x46, 0xD8, 0x99, 0x00, 0x01, 0x3A,
		0x26, 0x0C, 0x25, 0x12, 0x03, 0x12, 0xFF, 0xE3, // 0x3E10
		0x5C, 0xE8, 0x44, 0x12, 0x60, 0x92, 0x40, 0x3B,
		0x26, 0x08, 0x63, 0x12, 0x60, 0x93, 0x63, 0xE4, // 0x3E20
		0x00, 0x22, 0x40, 0x3B, 0x1D, 0x08, 0x61, 0x12,
		0x40, 0x93, 0x40, 0x3A, 0x19, 0x0C, 0x00, 0x32, // 0x3E30
		0x80, 0x30, 0x40, 0xB3, 0x13, 0x40, 0xFF, 0xE3,
		0xBA, 0xF0, 0x66, 0x07, 0x72, 0x11, 0x61, 0x93, // 0x3E40
		0x63, 0xE4, 0x20, 0x20, 0x40, 0x3B, 0x5E, 0x0B,
		0x26, 0xD8, 0x9A, 0x00, 0x18, 0x11, 0xFF, 0xE3, // 0x3E50
		0xC7, 0xE4, 0xCF, 0x07, 0x66, 0xD8, 0x9A, 0x00,
		0x65, 0xDC, 0x40, 0x01, 0xDB, 0x07, 0x80, 0x30, // 0x3E60
		0x02, 0x40, 0xEA, 0x07, 0xF3, 0x11, 0x34, 0x11,
		0x60, 0x87, 0xD4, 0x11, 0x65, 0x43, 0xD8, 0x60, // 0x3E70
		0x00, 0x93, 0x20, 0x91, 0x40, 0x68, 0x40, 0x39,
		0x2D, 0x0C, 0x03, 0x93, 0xC1, 0x7B, 0x40, 0x38, // 0x3E80
		0x11, 0x0C, 0x41, 0x38, 0x41, 0x0B, 0x60, 0x87,
		0x65, 0x43, 0xD8, 0x60, 0x06, 0x93, 0xFF, 0xE3, // 0x3E90
		0x8E, 0xF0, 0xFF, 0xE3, 0xAA, 0xEE, 0x60, 0x87,
		0x65, 0x43, 0x8C, 0x61, 0x41, 0x96, 0x68, 0x11, // 0x3EA0
		0x14, 0x04, 0x60, 0x87, 0x65, 0x43, 0xD8, 0x60,
		0x20, 0x93, 0x45, 0xD8, 0x75, 0x20, 0x05, 0x93, // 0x3EB0
		0x84, 0x6C, 0x45, 0xDC, 0x75, 0x20, 0xFF, 0xE3,
		0x7A, 0xF0, 0xFF, 0xE3, 0x96, 0xEE, 0x60, 0x87, // 0x3EC0
		0x65, 0x43, 0x8C, 0x61, 0x41, 0x96, 0x7F, 0x10,
		0x3F, 0x10, 0x00, 0x11, 0xFF, 0xE3, 0x88, 0xE4, // 0x3ED0
		0x1B, 0x07, 0x00, 0x33, 0x60, 0xB2, 0x18, 0x07,
		0x00, 0x30, 0x01, 0x40, 0x08, 0x02, 0x00, 0x20, // 0x3EE0
		0xDB, 0xAE, 0xFF, 0xFF, 0xBF, 0xEF, 0xFF, 0xF7,
		0x52, 0x71, 0x00, 0x00, 0x00, 0x00, 0x00, 0x20, // 0x3EF0
		0x5D, 0x71, 0x00, 0x00, 0x54, 0x0C, 0x00, 0x20,
		0x75, 0x71, 0x00, 0x00, 0xF0, 0x04, 0x00, 0x20, // 0x3F00
		0x34, 0x0B, 0x00, 0x20, 0x00, 0xB0, 0x01, 0x40,
		0x20, 0x72, 0x00, 0x00, 0x86, 0x71, 0x00, 0x00, // 0x3F10
		0x96, 0x71, 0x00, 0x00, 0xA6, 0x71, 0x00, 0x00,
		0x40, 0x01, 0x00, 0x20, 0xD0, 0x0B, 0x00, 0x20, // 0x3F20
		0xCC, 0x05, 0x00, 0x20, 0xD4, 0x05, 0x00, 0x20,
		0xC8, 0x05, 0x00, 0x20, 0xB5, 0x71, 0x00, 0x00, // 0x3F30
		0xD0, 0x05, 0x00, 0x20, 0xF8, 0x0A, 0x00, 0x20,
		0x18, 0x6B, 0x00, 0x00, 0xC4, 0x71, 0x00, 0x00, // 0x3F40
		0x31, 0x74, 0x00, 0x00, 0x10, 0x6B, 0x00, 0x00,
		0x89, 0x75, 0x00, 0x00, 0x66, 0xD8, 0x99, 0x00, // 0x3F50
		0x40, 0x3B, 0x64, 0xD8, 0x55, 0x00, 0x3F, 0x09,
		0x4C, 0x3B, 0x04, 0x08, 0x0D, 0x33, 0x64, 0xDC, // 0x3F60
		0x55, 0x00, 0x66, 0xD8, 0x9A, 0x00, 0x43, 0xEB,
		0xFF, 0x00, 0xA1, 0x08, 0x04, 0xD8, 0x55, 0x00, // 0x3F70
		0x6F, 0x58, 0xCC, 0x74, 0x03, 0x3B, 0x06, 0x08,
		0x64, 0xD8, 0x59, 0x00, 0x00, 0x23, 0x64, 0xDC, // 0x3F80
		0x59, 0x00, 0x0E, 0x38, 0x16, 0x08, 0x00, 0xE0,
		0xB9, 0x1F, 0x08, 0x13, 0x13, 0x13, 0x13, 0x13, // 0x3F90
		0x13, 0x13, 0x1D, 0x13, 0x5C, 0x72, 0x13, 0x13,
		0x84, 0x00, 0x80, 0x30, 0x6A, 0x01, 0x10, 0x40, // 0x3FA0
		0x71, 0xB4, 0x00, 0xE0, 0x0E, 0x14, 0x00, 0x33,
		0x64, 0xDC, 0x58, 0x00, 0x64, 0xDC, 0x56, 0x00, // 0x3FB0
		0x64, 0xD8, 0x55, 0x00, 0x08, 0x3B, 0xA8, 0x0A,
		0x47, 0x5B, 0x88, 0x74, 0x01, 0x3A, 0x8D, 0x0C, // 0x3FC0
		0x00, 0x23, 0x1E, 0x05, 0x65, 0xD8, 0x6B, 0x20,
		0x80, 0x36, 0x65, 0xDC, 0x6C, 0x20, 0xD7, 0x46, // 0x3FD0
		0x63, 0x94, 0xD8, 0x68, 0x40, 0x3B, 0x2E, 0x08,
		0x65, 0xD8, 0x45, 0x20, 0x63, 0xE4, 0x08, 0x20, // 0x3FE0
		0x40, 0x3B, 0x28, 0x08, 0x10, 0x30, 0x00, 0xE0,
		0x84, 0x13, 0x80, 0x30, 0x01, 0x33, 0x11, 0x40, // 0x3FF0
		0x64, 0xDC, 0x57, 0x00, 0x00, 0xE0, 0xE5, 0x13,
		0x1B, 0x6C, 0x00, 0xE0, 0xE2, 0x13, 0x80, 0x30, // 0x4000
		0x06, 0x40, 0x96, 0x33, 0x61, 0x43, 0x65, 0xDC,
		0x2D, 0x10, 0xFF, 0xE3, 0xD0, 0xEF, 0x03, 0xEA, // 0x4010
		0xF8, 0x2A, 0x06, 0x02, 0x64, 0xDC, 0x26, 0x10,
		0x7A, 0xAD, 0xFF, 0xE3, 0xE1, 0xE3, 0x0A, 0x33, // 0x4020
		0x64, 0xDC, 0x55, 0x00, 0x6A, 0x02, 0x00, 0x31,
		0x0A, 0x02, 0x71, 0xB4, 0xFF, 0xE3, 0xD8, 0xE3, // 0x4030
		0xC0, 0x07, 0x80, 0x30, 0x0D, 0x33, 0x10, 0x40,
		0x64, 0xDC, 0x55, 0x00, 0xFF, 0xE3, 0xB7, 0xEF, // 0x4040
		0xF2, 0x07, 0x0B, 0x33, 0x10, 0x02, 0x64, 0xDC,
		0x55, 0x00, 0x02, 0x33, 0x64, 0xDC, 0x57, 0x00, // 0x4050
		0x96, 0x33, 0x63, 0x43, 0x65, 0xDC, 0x2D, 0x10,
		0xFF, 0xE3, 0xC2, 0xE3, 0x00, 0x31, 0x15, 0x02, // 0x4060
		0xFF, 0xE3, 0x4C, 0xE2, 0x80, 0x30, 0x0D, 0x40,
		0x00, 0xE0, 0xAB, 0x13, 0xA2, 0x07, 0x80, 0x30, // 0x4070
		0x0C, 0x33, 0x0D, 0x40, 0x64, 0xDC, 0x55, 0x00,
		0x00, 0xE0, 0x9D, 0x13, 0x96, 0x33, 0x63, 0x43, // 0x4080
		0x65, 0xDC, 0x2D, 0x10, 0x00, 0x33, 0x1E, 0x02,
		0x64, 0xDC, 0x57, 0x00, 0xFF, 0xE3, 0xA8, 0xE3, // 0x4090
		0x90, 0x07, 0x04, 0x33, 0x64, 0xDC, 0x55, 0x00,
		0x00, 0x33, 0x64, 0xDC, 0x58, 0x00, 0x64, 0xDC, // 0x40A0
		0x56, 0x00, 0x64, 0xDC, 0x59, 0x00, 0x6C, 0x03,
		0x71, 0xB4, 0x83, 0x07, 0x43, 0xEB, 0x33, 0x00, // 0x40B0
		0x18, 0x08, 0x80, 0x31, 0x43, 0x94, 0x37, 0x41,
		0x84, 0x68, 0x40, 0x3A, 0x12, 0x0C, 0x51, 0x94, // 0x40C0
		0x73, 0x03, 0xCA, 0x64, 0x06, 0x08, 0x0D, 0x33,
		0x64, 0xDC, 0x55, 0x00, 0x74, 0x03, 0x71, 0xB4, // 0x40D0
		0x64, 0xD8, 0x55, 0x00, 0x08, 0x3B, 0x18, 0x0A,
		0x00, 0x33, 0x64, 0xDC, 0x56, 0x00, 0x14, 0x06, // 0x40E0
		0x04, 0xD8, 0x55, 0x00, 0x0E, 0x38, 0x65, 0x0B,
		0x00, 0xE0, 0xE0, 0x1E, 0x15, 0x00, 0x15, 0x00, // 0x40F0
		0x62, 0xFF, 0x62, 0xFF, 0x36, 0x00, 0x41, 0x00,
		0x59, 0x00, 0x4E, 0x00, 0x0F, 0x00, 0x62, 0xFF, // 0x4100
		0x62, 0xFF, 0x62, 0xFF, 0x62, 0xFF, 0x62, 0xFF,
		0x72, 0x00, 0x43, 0xEB, 0x33, 0x00, 0x04, 0x0C, // 0x4110
		0x43, 0xEB, 0x55, 0x00, 0x04, 0x08, 0xFF, 0xE3,
		0x22, 0xE4, 0x4B, 0x07, 0x80, 0x32, 0x63, 0x94, // 0x4120
		0x57, 0x42, 0xC8, 0x68, 0x40, 0x3B, 0x0A, 0x0C,
		0x80, 0x30, 0x11, 0x40, 0xFF, 0xE3, 0x3F, 0xEF, // 0x4130
		0x72, 0x13, 0x71, 0xB4, 0x08, 0x33, 0x64, 0xB4,
		0x3C, 0x07, 0x64, 0xD8, 0x58, 0x00, 0x00, 0x23, // 0x4140
		0xCC, 0x74, 0x64, 0xDC, 0x58, 0x00, 0x02, 0x3B,
		0xE7, 0x0B, 0x00, 0x33, 0x64, 0xDC, 0x59, 0x00, // 0x4150
		0x03, 0x33, 0x64, 0xDC, 0x55, 0x00, 0x2D, 0x07,
		0x43, 0xEB, 0x33, 0x00, 0xDD, 0x0F, 0x43, 0xEB, // 0x4160
		0x55, 0x00, 0xDA, 0x0F, 0x65, 0xD8, 0xB0, 0x01,
		0x65, 0xDC, 0xAC, 0x01, 0x22, 0x07, 0x40, 0x3B, // 0x4170
		0xD3, 0x0F, 0x43, 0xEB, 0x33, 0x00, 0xD0, 0x0F,
		0x43, 0xEB, 0x55, 0x00, 0xCD, 0x0F, 0x65, 0xD8, // 0x4180
		0xB3, 0x01, 0x65, 0xDC, 0xAF, 0x01, 0x15, 0x07,
		0x43, 0xEB, 0x33, 0x00, 0xC5, 0x0F, 0x43, 0xEB, // 0x4190
		0x55, 0x00, 0xC2, 0x0F, 0x65, 0xD8, 0xB2, 0x01,
		0x65, 0xDC, 0xAE, 0x01, 0x0A, 0x07, 0x43, 0xEB, // 0x41A0
		0x33, 0x00, 0xBA, 0x0F, 0x43, 0xEB, 0x55, 0x00,
		0xB7, 0x0F, 0x65, 0xD8, 0xC8, 0x01, 0x63, 0xE4, // 0x41B0
		0x3F, 0x20, 0x8C, 0x74, 0x25, 0xD8, 0xAD, 0x01,
		0x49, 0x64, 0x06, 0x0C, 0x65, 0xDC, 0xAD, 0x01, // 0x41C0
		0x08, 0x33, 0x64, 0xB4, 0x86, 0x07, 0x65, 0xD8,
		0xB1, 0x01, 0x65, 0xDC, 0xAD, 0x01, 0xF1, 0x06, // 0x41D0
		0x0D, 0x33, 0xC0, 0x07, 0xCC, 0x74, 0x42, 0x3B,
		0x16, 0x08, 0x66, 0xD8, 0x9C, 0x00, 0x43, 0xEB, // 0x41E0
		0x30, 0x00, 0x7B, 0x0B, 0x66, 0xD8, 0x9D, 0x00,
		0x46, 0xD8, 0x9F, 0x00, 0x65, 0xDC, 0xC6, 0x01, // 0x41F0
		0x66, 0xD8, 0x9E, 0x00, 0x68, 0x43, 0xC8, 0x6C,
		0x65, 0xDC, 0xE2, 0x10, 0x03, 0x33, 0x64, 0xDC, // 0x4200
		0x55, 0x00, 0xDF, 0x07, 0x43, 0x3B, 0x65, 0x0B,
		0x66, 0xD8, 0x9C, 0x00, 0x43, 0xEB, 0x31, 0x00, // 0x4210
		0x64, 0x0B, 0x03, 0x32, 0x3E, 0x11, 0x1F, 0x11,
		0xFF, 0xE3, 0x57, 0xE6, 0x45, 0xD8, 0xC9, 0x01, // 0x4220
		0x65, 0xD8, 0xC8, 0x01, 0x42, 0xE4, 0x3F, 0x20,
		0x63, 0xE4, 0x3F, 0x20, 0x0C, 0x74, 0x48, 0x74, // 0x4230
		0x40, 0x64, 0x02, 0x08, 0xCB, 0x6C, 0x4C, 0x74,
		0x1E, 0x39, 0x02, 0x0C, 0x1E, 0x33, 0x65, 0xDC, // 0x4240
		0xAD, 0x01, 0x45, 0xDC, 0xAE, 0x01, 0x64, 0xD8,
		0x55, 0x00, 0xBB, 0x06, 0x63, 0x94, 0x63, 0xE4, // 0x4250
		0x02, 0x20, 0x40, 0x3B, 0x40, 0xE8, 0x5B, 0xFD,
		0xCF, 0x11, 0x03, 0x30, 0x60, 0x96, 0x64, 0xDC, // 0x4260
		0x20, 0x20, 0x00, 0xE0, 0xA8, 0x12, 0x80, 0x32,
		0x63, 0x94, 0x46, 0x42, 0xC8, 0x68, 0x40, 0x3B, // 0x4270
		0x05, 0x08, 0x04, 0xD8, 0x5E, 0x00, 0xFF, 0xE3,
		0x72, 0xE4, 0x63, 0x94, 0x47, 0x11, 0xC8, 0x68, // 0x4280
		0x40, 0x3B, 0x31, 0x0C, 0x64, 0xD8, 0x55, 0x00,
		0x09, 0x3B, 0x09, 0x08, 0x0F, 0x30, 0xFF, 0xE3, // 0x4290
		0xD7, 0xE5, 0x43, 0x11, 0x60, 0x92, 0x63, 0xEC,
		0x04, 0x00, 0x60, 0xB2, 0x04, 0x30, 0xE1, 0x11, // 0x42A0
		0x00, 0xE0, 0x8F, 0x12, 0xBC, 0x31, 0x00, 0x11,
		0x00, 0xE0, 0xCA, 0x0C, 0x28, 0x33, 0x03, 0x31, // 0x42B0
		0x63, 0xB7, 0xFF, 0x33, 0x0D, 0x30, 0x6B, 0xB7,
		0x00, 0xE0, 0x64, 0x1A, 0x80, 0x33, 0x5B, 0x10, // 0x42C0
		0x66, 0x43, 0x60, 0xB2, 0xFD, 0x33, 0x61, 0xB7,
		0x03, 0xEA, 0x32, 0x3C, 0x64, 0xB7, 0x60, 0x97, // 0x42D0
		0x63, 0xEC, 0x21, 0x01, 0x60, 0xB7, 0x60, 0x96,
		0x64, 0xDC, 0x21, 0x20, 0x80, 0x33, 0x6B, 0xB7, // 0x42E0
		0x00, 0xE8, 0x15, 0xFD, 0x11, 0x94, 0x24, 0x94,
		0xFF, 0xE3, 0x08, 0xE1, 0x00, 0xE8, 0x0F, 0xFD, // 0x42F0
		0xDA, 0x09, 0x00, 0x00, 0xCB, 0x71, 0x00, 0x00,
		0x8C, 0x10, 0x00, 0x00, 0xE0, 0x71, 0x00, 0x00, // 0x4300
		0xEE, 0x71, 0x00, 0x00, 0xC4, 0x66, 0x00, 0x00,
		0x08, 0x72, 0x00, 0x00, 0xD1, 0x0B, 0x00, 0x20, // 0x4310
		0xC8, 0x01, 0x00, 0x20, 0xF0, 0x04, 0x00, 0x20,
		0x00, 0x08, 0x00, 0x02, 0x00, 0xC0, 0x01, 0x40, // 0x4320
		0x00, 0xB0, 0x01, 0x40, 0x34, 0x0B, 0x00, 0x20,
		0x00, 0xE1, 0x00, 0xE0, 0x66, 0xE4, 0x04, 0x20, // 0x4330
		0x40, 0x3B, 0x0C, 0x0C, 0x80, 0x30, 0x06, 0x40,
		0x00, 0xE0, 0xDB, 0x11, 0x80, 0x30, 0x03, 0x40, // 0x4340
		0x00, 0xE0, 0x3F, 0x12, 0x11, 0x94, 0x00, 0xE0,
		0xC1, 0x0C, 0x66, 0xE4, 0x10, 0x20, 0x40, 0x3B, // 0x4350
		0x0A, 0x0C, 0x74, 0x8D, 0x16, 0x8D, 0x64, 0xDC,
		0x27, 0x10, 0xFF, 0xE3, 0xE8, 0xE3, 0x17, 0x8D, // 0x4360
		0xFF, 0xE3, 0xCA, 0xE3, 0x66, 0xE4, 0x20, 0x20,
		0x40, 0x3B, 0x12, 0x0C, 0x73, 0x8D, 0xF2, 0x8D, // 0x4370
		0x64, 0xDC, 0x28, 0x10, 0x64, 0x31, 0x1F, 0x6C,
		0x00, 0xE0, 0x18, 0x1D, 0x3F, 0x33, 0x00, 0xEB, // 0x4380
		0x3F, 0x00, 0x03, 0xC4, 0x40, 0x0C, 0x62, 0x01,
		0x02, 0xB3, 0xE4, 0xDC, 0x24, 0x10, 0x66, 0xE4, // 0x4390
		0x40, 0x20, 0x40, 0x3B, 0x0F, 0x0C, 0xF2, 0x8D,
		0x64, 0x31, 0x1F, 0x6C, 0x00, 0xE0, 0x06, 0x1D, // 0x43A0
		0x3F, 0x33, 0x00, 0xEB, 0x3F, 0x00, 0x03, 0xC4,
		0x40, 0x0C, 0x6B, 0x01, 0x02, 0xB3, 0xE4, 0xDC, // 0x43B0
		0x24, 0x10, 0x66, 0xE4, 0x80, 0x20, 0x40, 0x3B,
		0x05, 0x0C, 0x65, 0xD8, 0x84, 0x00, 0x64, 0xDC, // 0x43C0
		0x5F, 0x00, 0x66, 0xE4, 0x00, 0x24, 0x40, 0x3B,
		0x05, 0x0C, 0x80, 0x30, 0x03, 0x40, 0x00, 0xE0, // 0x43D0
		0x88, 0x11, 0x66, 0xE4, 0x00, 0x28, 0x40, 0x3B,
		0x08, 0x0C, 0x80, 0x30, 0x03, 0x40, 0x00, 0xE0, // 0x43E0
		0x88, 0x11, 0x65, 0xD8, 0x47, 0x20, 0x68, 0xB4,
		0x80, 0x33, 0x65, 0x43, 0xD8, 0x68, 0x40, 0x3B, // 0x43F0
		0x0F, 0x0C, 0x65, 0xD8, 0x90, 0x01, 0x01, 0x30,
		0x64, 0xDC, 0x5C, 0x00, 0x00, 0xE0, 0x64, 0x11, // 0x4400
		0x80, 0x30, 0x01, 0x40, 0x00, 0xE0, 0xDD, 0x11,
		0x11, 0x94, 0x00, 0xE0, 0x5F, 0x0C, 0x80, 0x33, // 0x4410
		0x66, 0x43, 0xD8, 0x68, 0x40, 0x3B, 0x08, 0x0C,
		0x80, 0x30, 0x02, 0x40, 0x00, 0xE0, 0xD1, 0x11, // 0x4420
		0x11, 0x94, 0x00, 0xE0, 0x53, 0x0C, 0x80, 0x33,
		0x67, 0x43, 0xD8, 0x68, 0x40, 0x3B, 0x0D, 0x0C, // 0x4430
		0x5A, 0x8D, 0x24, 0xD8, 0x25, 0x10, 0x0D, 0x02,
		0xFF, 0xE3, 0xD2, 0xE1, 0x1A, 0x8D, 0xFF, 0xE3, // 0x4440
		0xE1, 0xE3, 0x11, 0x94, 0x00, 0xE0, 0x42, 0x0C,
		0x80, 0x33, 0x68, 0x43, 0xD8, 0x68, 0x40, 0x3B, // 0x4450
		0x0A, 0x0C, 0x63, 0x94, 0x63, 0xE4, 0x10, 0x20,
		0x40, 0x3B, 0x03, 0x0C, 0x00, 0xE0, 0x37, 0x10, // 0x4460
		0x32, 0x33, 0x64, 0xB4, 0x80, 0x33, 0x69, 0x43,
		0xD8, 0x68, 0x40, 0x3B, 0x22, 0x0C, 0x63, 0x94, // 0x4470
		0x63, 0xE4, 0x08, 0x20, 0x40, 0x3B, 0x1B, 0x0C,
		0x7F, 0x02, 0x3D, 0x02, 0x40, 0x93, 0x84, 0x68, // 0x4480
		0x40, 0xB3, 0x3E, 0x02, 0x43, 0x93, 0x84, 0x68,
		0x43, 0xB3, 0x08, 0x30, 0x00, 0xE0, 0x93, 0x11, // 0x4490
		0x10, 0x30, 0x00, 0xE0, 0x96, 0x11, 0x80, 0x30,
		0x0D, 0x40, 0xFF, 0xE3, 0x88, 0xED, 0x08, 0x30, // 0x44A0
		0x00, 0x31, 0xFF, 0xE3, 0x06, 0xE4, 0x06, 0x03,
		0xFF, 0xE3, 0x9A, 0xE1, 0x32, 0x33, 0x64, 0xB4, // 0x44B0
		0x80, 0x33, 0x6A, 0x43, 0xD8, 0x68, 0x40, 0x3B,
		0x04, 0x0C, 0x40, 0x30, 0x00, 0xE0, 0x11, 0x11, // 0x44C0
		0x80, 0x33, 0x6B, 0x43, 0xD8, 0x68, 0x40, 0x3B,
		0x04, 0x0C, 0x40, 0x30, 0x00, 0xE0, 0x11, 0x11, // 0x44D0
		0xDF, 0x3E, 0x03, 0x0C, 0x00, 0xE0, 0x21, 0x10,
		0xC5, 0xD8, 0x74, 0x20, 0x40, 0x3E, 0x70, 0x0C, // 0x44E0
		0x00, 0x33, 0x5B, 0x6C, 0x15, 0x03, 0x65, 0xDC,
		0x74, 0x20, 0xFF, 0xE3, 0x79, 0xE1, 0x66, 0xE4, // 0x44F0
		0x01, 0x20, 0x40, 0x3B, 0x05, 0x0C, 0x80, 0x30,
		0x0E, 0x40, 0x00, 0xE0, 0x62, 0x11, 0x80, 0x33, // 0x4500
		0x77, 0x43, 0xD8, 0x68, 0x40, 0x3B, 0x16, 0x0C,
		0x80, 0x30, 0x02, 0x40, 0x00, 0xE0, 0x59, 0x11, // 0x4510
		0x65, 0xD8, 0x6C, 0x20, 0x11, 0x94, 0x65, 0xDC,
		0x6B, 0x20, 0x65, 0xD8, 0xE4, 0x01, 0x65, 0xDC, // 0x4520
		0xAE, 0x01, 0x00, 0xE0, 0xD3, 0x0B, 0x45, 0xD8,
		0xE4, 0x01, 0x3A, 0x13, 0x1A, 0x13, 0xFF, 0xE3, // 0x4530
		0x57, 0xE1, 0x80, 0x33, 0x6B, 0x43, 0xD8, 0x68,
		0x40, 0x3B, 0x0D, 0x0C, 0x77, 0x13, 0x01, 0x32, // 0x4540
		0x34, 0x13, 0x17, 0x13, 0x40, 0xB3, 0x57, 0x13,
		0x60, 0x92, 0x63, 0xEC, 0x10, 0x00, 0x60, 0xB2, // 0x4550
		0xFF, 0xE3, 0x46, 0xE1, 0x80, 0x33, 0x6C, 0x43,
		0xD8, 0x68, 0x40, 0x3B, 0x0D, 0x0C, 0x6F, 0x13, // 0x4560
		0x00, 0x32, 0x2C, 0x13, 0x10, 0x13, 0x40, 0xB3,
		0x4E, 0x13, 0x60, 0x92, 0x63, 0xEC, 0x10, 0x00, // 0x4570
		0x60, 0xB2, 0xFF, 0xE3, 0x35, 0xE1, 0x80, 0x33,
		0x75, 0x43, 0x8C, 0x69, 0x40, 0x3E, 0x20, 0x0C, // 0x4580
		0x05, 0xD8, 0x20, 0x01, 0x00, 0x37, 0xFF, 0xE3,
		0x15, 0xE1, 0x28, 0x13, 0x42, 0x58, 0x08, 0x13, // 0x4590
		0xC7, 0x13, 0xFF, 0xE3, 0x9A, 0xE4, 0x43, 0x13,
		0x3E, 0x12, 0x06, 0x13, 0x60, 0x92, 0x63, 0xEC, // 0x45A0
		0x00, 0x01, 0x60, 0xB2, 0xFF, 0xE3, 0x1C, 0xE1,
		0x63, 0x13, 0x68, 0xB8, 0x00, 0x86, 0xFF, 0xE3, // 0x45B0
		0x01, 0xE1, 0x00, 0x20, 0x1C, 0x64, 0x90, 0x0C,
		0x00, 0x13, 0xFF, 0xE3, 0x11, 0xE1, 0x80, 0x32, // 0x45C0
		0x63, 0x94, 0x46, 0x42, 0xC8, 0x68, 0x40, 0x3B,
		0x0C, 0x08, 0x7D, 0x12, 0x00, 0x32, 0x40, 0xB3, // 0x45D0
		0x5C, 0x12, 0x60, 0x92, 0x88, 0x3B, 0x60, 0xB2,
		0x5B, 0x12, 0x60, 0x92, 0x87, 0x3B, 0x60, 0xB2, // 0x45E0
		0xFA, 0x12, 0x47, 0x98, 0x60, 0x97, 0x42, 0x92,
		0xCA, 0x60, 0x03, 0xEB, 0xE8, 0x03, 0x50, 0x0C, // 0x45F0
		0x60, 0x97, 0x47, 0x98, 0x62, 0xB2, 0xFF, 0xE3,
		0x77, 0xE3, 0x65, 0xD8, 0x45, 0x20, 0x63, 0xE4, // 0x4600
		0x10, 0x20, 0x53, 0x12, 0x40, 0x3B, 0x73, 0x12,
		0x62, 0xC4, 0x40, 0x0C, 0x6D, 0xB8, 0x7E, 0x94, // 0x4610
		0x0A, 0x31, 0x68, 0xB8, 0x83, 0x6D, 0x70, 0x12,
		0x41, 0x8B, 0x49, 0xB8, 0x42, 0x8B, 0x4A, 0xB8, // 0x4620
		0x40, 0x8B, 0x63, 0xD8, 0x03, 0x50, 0x0F, 0x6C,
		0x4B, 0xB8, 0x6E, 0xB8, 0x00, 0xE0, 0xCA, 0x1A, // 0x4630
		0xC3, 0x74, 0x0A, 0x31, 0x6C, 0xB8, 0x6E, 0x98,
		0x0F, 0x6C, 0x00, 0xE0, 0x8F, 0x1B, 0xC3, 0x74, // 0x4640
		0xDF, 0x3B, 0x03, 0x0C, 0x00, 0x32, 0x6D, 0x5A,
		0x45, 0xD8, 0x8D, 0x01, 0x64, 0x31, 0x1B, 0x6C, // 0x4650
		0x40, 0x3A, 0xA2, 0x12, 0x42, 0x12, 0xA2, 0xC4,
		0x40, 0x0C, 0x6E, 0xB8, 0x00, 0xE0, 0x00, 0x1C, // 0x4660
		0x01, 0x74, 0x06, 0xB8, 0x64, 0x31, 0x1B, 0x6C,
		0x00, 0xE0, 0xA0, 0x1B, 0x6E, 0x98, 0x01, 0x74, // 0x4670
		0x63, 0xB8, 0x6C, 0x98, 0x05, 0xB8, 0x62, 0xB8,
		0x6B, 0x98, 0xA4, 0xB8, 0x61, 0xB8, 0x6A, 0x98, // 0x4680
		0x48, 0x98, 0x60, 0xB8, 0x2D, 0x98, 0x69, 0x98,
		0x16, 0x11, 0xFF, 0xE3, 0xA9, 0xE0, 0x44, 0xD8, // 0x4690
		0x55, 0x00, 0x60, 0x97, 0x09, 0x3A, 0x2E, 0x0C,
		0x24, 0xD8, 0x23, 0x20, 0xC6, 0x60, 0x04, 0x3B, // 0x46A0
		0x19, 0x0C, 0x60, 0x97, 0x4B, 0x3A, 0x64, 0xDC,
		0x23, 0x20, 0x6B, 0x11, 0x1D, 0x08, 0x4E, 0x11, // 0x46B0
		0x00, 0x8A, 0x21, 0x8B, 0x67, 0x98, 0x6C, 0x83,
		0x00, 0x23, 0xCC, 0x74, 0x05, 0x3B, 0x16, 0x08, // 0x46C0
		0x47, 0x98, 0x6C, 0xA2, 0x67, 0x98, 0x4C, 0x83,
		0x41, 0x42, 0x68, 0x11, 0x88, 0x5B, 0x00, 0xAC, // 0x46D0
		0x26, 0xAC, 0x0F, 0x14, 0x94, 0x14, 0x5C, 0x5E,
		0x20, 0x82, 0x08, 0x98, 0xFF, 0xE3, 0x80, 0xE0, // 0x46E0
		0x62, 0x5F, 0xCC, 0x75, 0x64, 0x07, 0x00, 0x8B,
		0xE5, 0x07, 0x67, 0x98, 0x00, 0x32, 0x4C, 0xA3, // 0x46F0
		0xEA, 0x07, 0x64, 0xDC, 0x23, 0x20, 0xEE, 0x07,
		0x00, 0x30, 0x01, 0x40, 0x31, 0x72, 0x00, 0x00, // 0x4700
		0xDB, 0xAE, 0xFF, 0xFF, 0xBF, 0xEF, 0xFF, 0xF7,
		0x52, 0x71, 0x00, 0x00, 0x8D, 0x7C, 0x00, 0x00, // 0x4710
		0x10, 0x6B, 0x00, 0x00, 0x4C, 0x72, 0x00, 0x00,
		0x20, 0x0B, 0x00, 0x20, 0x62, 0x72, 0x00, 0x00, // 0x4720
		0xF8, 0x0A, 0x00, 0x20, 0x7D, 0x72, 0x00, 0x00,
		0x20, 0x01, 0x00, 0x20, 0xFC, 0x0A, 0x00, 0x20, // 0x4730
		0x93, 0x72, 0x00, 0x00, 0xB0, 0x72, 0x00, 0x00,
		0x06, 0x7D, 0x00, 0x00, 0xC0, 0x05, 0x00, 0x20, // 0x4740
		0x00, 0x50, 0x01, 0x40, 0x00, 0xC0, 0x01, 0x40,
		0xF0, 0x04, 0x00, 0x20, 0x40, 0x71, 0x00, 0x00, // 0x4750
		0x44, 0x71, 0x00, 0x00, 0xD0, 0x04, 0x00, 0x20,
		0x48, 0x71, 0x00, 0x00, 0x4D, 0x71, 0x00, 0x00, // 0x4760
		0xB4, 0x72, 0x00, 0x00, 0x40, 0x0C, 0x00, 0x20,
		0x62, 0x0C, 0x00, 0x20, 0xC1, 0x14, 0x71, 0x10, // 0x4770
		0x06, 0x32, 0x7C, 0x31, 0x00, 0x30, 0x00, 0x2A,
		0x03, 0xDC, 0x74, 0x00, 0x40, 0x3A, 0x00, 0x30, // 0x4780
		0x04, 0xB3, 0xC4, 0x60, 0xF8, 0x0B, 0x4C, 0x10,
		0x13, 0x22, 0x60, 0x92, 0x20, 0x93, 0x8E, 0x64, // 0x4790
		0x02, 0x08, 0x81, 0x14, 0x00, 0x34, 0x03, 0xE4,
		0x23, 0x10, 0x80, 0xA8, 0x01, 0x93, 0x80, 0x93, // 0x47A0
		0x01, 0xB4, 0x80, 0xB0, 0x00, 0x30, 0x00, 0xB3,
		0x01, 0xB3, 0xC7, 0x6C, 0x20, 0x91, 0xF0, 0x07, // 0x47B0
		0xE0, 0x05, 0x00, 0x20, 0x08, 0x02, 0x00, 0x20,
		0x7C, 0x00, 0x44, 0x93, 0x42, 0xEC, 0x04, 0x04, // 0x47C0
		0x44, 0xB3, 0x4A, 0x93, 0x42, 0xEC, 0x00, 0x01,
		0x4A, 0xB3, 0x51, 0x93, 0x42, 0xEC, 0x00, 0x01, // 0x47D0
		0x51, 0xB3, 0x58, 0x93, 0x42, 0xEC, 0x00, 0x01,
		0x58, 0xB3, 0x5F, 0x93, 0x42, 0xEC, 0x00, 0x01, // 0x47E0
		0x5F, 0xB3, 0x3C, 0x78, 0xD0, 0x14, 0x66, 0x01,
		0x63, 0xD8, 0x8D, 0x20, 0xCD, 0x7B, 0xFF, 0xE3, // 0x47F0
		0xBF, 0xFF, 0x03, 0x31, 0x09, 0x01, 0xFF, 0xE3,
		0x81, 0xDE, 0x90, 0x14, 0xD3, 0x14, 0x03, 0x6D, // 0x4800
		0xA0, 0x80, 0x17, 0x6C, 0xFF, 0xE3, 0xD6, 0xDF,
		0x83, 0x6D, 0x57, 0x6C, 0x0E, 0x01, 0x01, 0x26, // 0x4810
		0xA2, 0x5C, 0xFF, 0xE3, 0xE5, 0xDF, 0x18, 0x61,
		0xD0, 0x01, 0x16, 0x65, 0x05, 0x08, 0x10, 0x01, // 0x4820
		0xFF, 0xE3, 0xDE, 0xDF, 0x93, 0x14, 0x20, 0x85,
		0x1B, 0x6C, 0x00, 0x25, 0xFF, 0xE3, 0xD8, 0xDF, // 0x4830
		0xF5, 0x07, 0xD4, 0x14, 0x28, 0x14, 0x9A, 0x01,
		0x64, 0xE4, 0x23, 0x01, 0xE4, 0xD8, 0x49, 0x20, // 0x4840
		0xDE, 0x64, 0x76, 0x0C, 0xB9, 0x01, 0x67, 0xE4,
		0x23, 0x10, 0xC5, 0xD8, 0xA8, 0x01, 0x63, 0xB8, // 0x4850
		0x62, 0x4E, 0x5B, 0x01, 0x63, 0xE4, 0x0C, 0x20,
		0xC8, 0x60, 0x60, 0x93, 0x2A, 0x30, 0x0C, 0x7C, // 0x4860
		0x3E, 0x01, 0xC6, 0xE4, 0x40, 0x20, 0x00, 0xE0,
		0xA1, 0x1A, 0x7F, 0x01, 0x40, 0x3E, 0x62, 0x8B, // 0x4870
		0x64, 0xDC, 0x54, 0x11, 0x5F, 0x0C, 0xC0, 0x60,
		0xCD, 0x74, 0x65, 0xDC, 0xBB, 0x10, 0x67, 0xE4, // 0x4880
		0x23, 0x10, 0x04, 0x83, 0xCE, 0x5B, 0xFF, 0xE3,
		0x95, 0xDF, 0x00, 0x33, 0x00, 0xB8, 0x22, 0x58, // 0x4890
		0x1B, 0x6C, 0x00, 0x32, 0x00, 0x2A, 0x00, 0x29,
		0x86, 0x64, 0x4E, 0x08, 0x20, 0x98, 0x47, 0xE4, // 0x48A0
		0x1F, 0x10, 0x84, 0x60, 0x61, 0xA2, 0x16, 0x33,
		0xC4, 0x7C, 0x2B, 0x23, 0x64, 0xDC, 0x4C, 0x11, // 0x48B0
		0x00, 0x33, 0x5B, 0x6D, 0x64, 0xDC, 0x4D, 0x11,
		0x72, 0x02, 0x67, 0xB8, 0x00, 0x33, 0x65, 0xB8, // 0x48C0
		0x66, 0xB8, 0xC7, 0x6C, 0x01, 0x23, 0xD8, 0x60,
		0x64, 0xB8, 0x64, 0x98, 0x05, 0x1A, 0x4E, 0x65, // 0x48D0
		0x06, 0x1B, 0x36, 0x08, 0x01, 0x31, 0x07, 0x18,
		0x00, 0xE0, 0x93, 0x17, 0x10, 0x30, 0x00, 0xE0, // 0x48E0
		0x70, 0x0F, 0x7B, 0x02, 0x40, 0x93, 0x84, 0x3A,
		0x85, 0x3A, 0x42, 0xEC, 0x0C, 0x00, 0x40, 0xB3, // 0x48F0
		0x40, 0x93, 0x42, 0xE4, 0x00, 0x21, 0x40, 0x3A,
		0xFC, 0x0B, 0x40, 0x93, 0x42, 0xEC, 0x40, 0x00, // 0x4900
		0x40, 0xB3, 0x20, 0x31, 0x03, 0x03, 0x00, 0xE0,
		0x9B, 0x09, 0x40, 0x98, 0x5B, 0x6C, 0x05, 0x03, // 0x4910
		0xFF, 0xE3, 0xDB, 0xE2, 0x1B, 0x6C, 0xFF, 0xE3,
		0x73, 0xFF, 0x61, 0x97, 0x40, 0x97, 0x61, 0xB2, // 0x4920
		0x40, 0xB3, 0x00, 0x33, 0x00, 0x32, 0x60, 0xB7,
		0x61, 0xB7, 0x63, 0x98, 0x40, 0xAB, 0x08, 0x14, // 0x4930
		0x94, 0x14, 0xC2, 0x60, 0xA2, 0x07, 0xA0, 0x80,
		0xD5, 0x6C, 0x00, 0x20, 0xAD, 0x07, 0x00, 0x31, // 0x4940
		0x07, 0x18, 0x00, 0xE0, 0x5E, 0x17, 0x00, 0x33,
		0x62, 0xB8, 0x61, 0xB8, 0x61, 0x98, 0x80, 0x85, // 0x4950
		0x0E, 0x71, 0x84, 0xE4, 0x01, 0x20, 0x53, 0x6C,
		0x06, 0x1B, 0x05, 0x1A, 0x07, 0x18, 0x00, 0xE0, // 0x4960
		0x50, 0x17, 0x62, 0x98, 0xD0, 0x60, 0x62, 0xB8,
		0x61, 0x98, 0x00, 0x23, 0x48, 0x3B, 0x61, 0xB8, // 0x4970
		0xEE, 0x0B, 0x62, 0x98, 0x23, 0xE4, 0x01, 0x20,
		0x05, 0x1A, 0x06, 0x1B, 0x07, 0x18, 0x00, 0xE0, // 0x4980
		0x40, 0x17, 0x01, 0x31, 0x06, 0x1B, 0x05, 0x1A,
		0x07, 0x18, 0x00, 0x25, 0x00, 0xE0, 0x39, 0x17, // 0x4990
		0x9D, 0x07, 0xD3, 0x14, 0x6D, 0x13, 0x81, 0x48,
		0x63, 0x93, 0x63, 0xE4, 0x04, 0x20, 0x11, 0x75, // 0x49A0
		0x40, 0x3B, 0x43, 0x6D, 0x87, 0x6D, 0x81, 0xC4,
		0x20, 0x84, 0x15, 0x0C, 0xFF, 0x31, 0x00, 0xE0, // 0x49B0
		0x09, 0x19, 0x70, 0x13, 0x00, 0x32, 0x42, 0xB3,
		0x81, 0xB3, 0x00, 0x61, 0x11, 0x75, 0x04, 0xB3, // 0x49C0
		0x83, 0xB3, 0xA5, 0xB3, 0x40, 0x93, 0x42, 0xEC,
		0x08, 0x00, 0x40, 0xB3, 0x67, 0x13, 0xC6, 0xA3, // 0x49D0
		0xA2, 0xAB, 0x93, 0x14, 0x00, 0x31, 0xFE, 0x29,
		0x00, 0xE0, 0xF4, 0x18, 0x65, 0x13, 0x10, 0x60, // 0x49E0
		0x01, 0x74, 0x02, 0xB3, 0x81, 0xB3, 0x00, 0x61,
		0x11, 0x75, 0x84, 0xB3, 0xA3, 0xB3, 0xEA, 0x07, // 0x49F0
		0xD4, 0x14, 0x23, 0x14, 0xBA, 0x12, 0x01, 0x13,
		0x25, 0xD8, 0x6E, 0x10, 0x00, 0x21, 0x00, 0xE0, // 0x4A00
		0xE1, 0x18, 0x7A, 0x12, 0xC2, 0x8B, 0x80, 0x8B,
		0x50, 0x58, 0x98, 0x64, 0x97, 0x6C, 0x03, 0x0C, // 0x4A10
		0x81, 0x5E, 0x11, 0x75, 0xE6, 0x83, 0xA2, 0xD8,
		0xD1, 0x00, 0x62, 0xD8, 0xDE, 0x00, 0x4C, 0x5D, // 0x4A20
		0xC9, 0x65, 0x03, 0x0C, 0xAD, 0x5F, 0x54, 0x75,
		0x14, 0x12, 0x22, 0x5C, 0x00, 0xE0, 0xCA, 0x18, // 0x4A30
		0x22, 0x5E, 0x02, 0xB8, 0x11, 0x12, 0x00, 0xE0,
		0xC5, 0x18, 0x31, 0x12, 0x83, 0x6C, 0x20, 0x89, // 0x4A40
		0x62, 0x98, 0xA1, 0xB8, 0xE0, 0xB8, 0x0F, 0x12,
		0xFF, 0xE3, 0xCA, 0xDE, 0x80, 0x30, 0x05, 0x40, // 0x4A50
		0x00, 0xE0, 0x47, 0x0E, 0x04, 0x30, 0x00, 0xE0,
		0xB4, 0x0E, 0x57, 0x6C, 0x13, 0x6C, 0xFF, 0xE3, // 0x4A60
		0x9A, 0xFF, 0x01, 0x30, 0xFF, 0xE3, 0xA9, 0xE1,
		0x03, 0x14, 0x94, 0x14, 0xD4, 0x14, 0x23, 0x14, // 0x4A70
		0xFE, 0x11, 0x9B, 0x11, 0x01, 0x12, 0x24, 0xD8,
		0x6E, 0x10, 0x00, 0x21, 0x00, 0xE0, 0xA2, 0x18, // 0x4A80
		0x21, 0x8F, 0xA2, 0x8F, 0xE6, 0x87, 0x14, 0x60,
		0x04, 0x64, 0x01, 0xC4, 0x20, 0x0C, 0x84, 0xD8, // 0x4A90
		0xDE, 0x00, 0xFF, 0x33, 0xD2, 0x60, 0xCD, 0x65,
		0x81, 0x75, 0x25, 0x08, 0x1C, 0x61, 0x10, 0x75, // 0x4AA0
		0x22, 0x58, 0x16, 0x11, 0x00, 0xE0, 0x8E, 0x18,
		0x22, 0x5D, 0x02, 0xB8, 0x13, 0x11, 0x00, 0xE0, // 0x4AB0
		0x89, 0x18, 0x33, 0x11, 0x83, 0x6C, 0x20, 0x89,
		0x62, 0x98, 0x81, 0xB8, 0xE0, 0xB8, 0x12, 0x11, // 0x4AC0
		0xFF, 0xE3, 0x8E, 0xDE, 0x80, 0x30, 0x05, 0x40,
		0x00, 0xE0, 0x13, 0x0E, 0x04, 0x30, 0x00, 0xE0, // 0x4AD0
		0x72, 0x0E, 0x53, 0x6C, 0x1B, 0x6C, 0xFF, 0xE3,
		0x5E, 0xFF, 0x00, 0x30, 0xFF, 0xE3, 0x6D, 0xE1, // 0x4AE0
		0x03, 0x14, 0x94, 0x14, 0xFF, 0x34, 0xDD, 0x07,
		0xD2, 0x14, 0x21, 0x14, 0x67, 0x11, 0x28, 0x11, // 0x4AF0
		0x40, 0x93, 0x84, 0x68, 0x40, 0xB3, 0x27, 0x11,
		0x43, 0x93, 0x84, 0x68, 0x43, 0xB3, 0x9B, 0x10, // 0x4B00
		0xB7, 0x10, 0x43, 0x93, 0x97, 0x3A, 0x43, 0xB3,
		0x6F, 0x10, 0x44, 0x93, 0x82, 0x3A, 0x8A, 0x3A, // 0x4B10
		0x44, 0xB3, 0x4A, 0x93, 0x88, 0x3A, 0x4A, 0xB3,
		0x51, 0x93, 0x88, 0x3A, 0x51, 0xB3, 0x58, 0x93, // 0x4B20
		0x88, 0x3A, 0x58, 0xB3, 0x5F, 0x93, 0x88, 0x3A,
		0x5F, 0xB3, 0xFF, 0xE3, 0x21, 0xFE, 0x26, 0x84, // 0x4B30
		0x65, 0xD8, 0xD1, 0x00, 0x4C, 0x64, 0x2F, 0x0C,
		0x4E, 0x10, 0x60, 0x92, 0x87, 0x3B, 0x60, 0xB2, // 0x4B40
		0x01, 0x14, 0x92, 0x14, 0x00, 0xD0, 0x01, 0x40,
		0x08, 0x02, 0x00, 0x20, 0x42, 0x48, 0x00, 0x00, // 0x4B50
		0x5A, 0x7B, 0x00, 0x00, 0x63, 0x7B, 0x00, 0x00,
		0x06, 0x7D, 0x00, 0x00, 0x00, 0x00, 0x00, 0x20, // 0x4B60
		0x04, 0x7E, 0x00, 0x00, 0xA0, 0x86, 0x01, 0x00,
		0x00, 0x02, 0x00, 0x20, 0x40, 0x04, 0x00, 0x20, // 0x4B70
		0x00, 0x30, 0x00, 0x40, 0x40, 0x01, 0x00, 0x20,
		0xA0, 0x68, 0x06, 0x00, 0xD0, 0x04, 0x00, 0x20, // 0x4B80
		0x67, 0x7B, 0x00, 0x00, 0x82, 0x7B, 0x00, 0x00,
		0x00, 0x30, 0x01, 0x40, 0xDB, 0xAE, 0xFF, 0xFF, // 0x4B90
		0xBF, 0xEF, 0xFF, 0xF7, 0x04, 0x29, 0x02, 0x8C,
		0x44, 0x74, 0x26, 0xA4, 0xFF, 0xE3, 0xFB, 0xFE, // 0x4BA0
		0x19, 0x33, 0x60, 0xB8, 0x60, 0x98, 0x43, 0x5B,
		0x40, 0x3B, 0x40, 0xB8, 0xC1, 0x0F, 0x03, 0x6C, // 0x4BB0
		0xFA, 0x07, 0xD4, 0x14, 0x2D, 0x14, 0x01, 0x30,
		0xBD, 0x00, 0x00, 0xE0, 0x02, 0x0E, 0x00, 0x33, // 0x4BC0
		0x9E, 0x00, 0x28, 0x32, 0x65, 0xDC, 0xB2, 0x02,
		0x65, 0xDC, 0xB5, 0x02, 0x20, 0x01, 0x7F, 0x00, // 0x4BD0
		0x03, 0x18, 0x60, 0x93, 0x65, 0xDC, 0xB1, 0x20,
		0x00, 0x33, 0xC1, 0x01, 0x64, 0xDC, 0x44, 0x20, // 0x4BE0
		0x05, 0x33, 0x64, 0xDC, 0xA1, 0x01, 0x00, 0xE0,
		0x73, 0x17, 0x63, 0x95, 0x63, 0xE4, 0x02, 0x20, // 0x4BF0
		0x40, 0x3B, 0x5F, 0x0C, 0x42, 0x8E, 0x64, 0xD8,
		0x6B, 0x10, 0x8C, 0x64, 0x60, 0x08, 0x04, 0x30, // 0x4C00
		0x00, 0xE0, 0xD9, 0x0D, 0x00, 0x30, 0xFF, 0xE3,
		0xD8, 0xE0, 0x80, 0x30, 0x05, 0x40, 0x00, 0xE0, // 0x4C10
		0x70, 0x0D, 0x0A, 0x33, 0xE2, 0x8E, 0x00, 0x36,
		0x64, 0xDC, 0xD1, 0x00, 0x03, 0x1B, 0x40, 0x8B, // 0x4C20
		0x9C, 0x64, 0x04, 0x0C, 0x41, 0x8B, 0xC8, 0x65,
		0x06, 0x08, 0x00, 0x26, 0x98, 0x75, 0x07, 0x23, // 0x4C30
		0x44, 0x3E, 0xF6, 0x0B, 0x03, 0x46, 0x03, 0x1A,
		0x80, 0x60, 0x60, 0x8A, 0x21, 0x8A, 0xDC, 0x64, // 0x4C40
		0x49, 0x0C, 0xC4, 0x65, 0x87, 0x6C, 0x47, 0xC4,
		0x40, 0x0C, 0x8E, 0x60, 0x42, 0xB8, 0x03, 0x1A, // 0x4C50
		0x08, 0x60, 0x43, 0x88, 0x02, 0x88, 0x41, 0xB8,
		0x0A, 0x60, 0x42, 0x98, 0x08, 0x7C, 0x4E, 0x60, // 0x4C60
		0x00, 0xE0, 0xB0, 0x17, 0x02, 0xEA, 0x21, 0x01,
		0x61, 0x98, 0x45, 0xDC, 0x53, 0x11, 0xB5, 0x32, // 0x4C70
		0x5F, 0x6C, 0x0C, 0x60, 0xC0, 0xB8, 0xC0, 0x74,
		0x43, 0x42, 0x08, 0x02, 0xC8, 0x02, 0x64, 0xDC, // 0x4C80
		0xC2, 0x00, 0xFF, 0xE3, 0xAD, 0xDD, 0x49, 0x02,
		0x09, 0x02, 0x60, 0x92, 0x63, 0xEC, 0x80, 0x00, // 0x4C90
		0x60, 0xB2, 0xFF, 0xE3, 0xA5, 0xDD, 0x24, 0xD8,
		0xD1, 0x00, 0x05, 0xD8, 0x53, 0x11, 0xFF, 0xE3, // 0x4CA0
		0x7A, 0xFE, 0x66, 0x86, 0x24, 0xD8, 0xC2, 0x00,
		0x4C, 0x64, 0x16, 0x0C, 0x0D, 0x14, 0x94, 0x14, // 0x4CB0
		0x64, 0xD8, 0xD4, 0x00, 0x63, 0xE4, 0x01, 0x20,
		0x40, 0x3B, 0xA2, 0x0B, 0x04, 0x30, 0x00, 0xE0, // 0x4CC0
		0x80, 0x0D, 0x01, 0x30, 0xFF, 0xE3, 0x79, 0xE0,
		0x80, 0x30, 0x05, 0x40, 0x00, 0xE0, 0x09, 0x0D, // 0x4CD0
		0xA1, 0x07, 0x00, 0x32, 0xBC, 0x07, 0x04, 0x23,
		0xC5, 0x64, 0x61, 0xC4, 0x40, 0x0C, 0x4C, 0x74, // 0x4CE0
		0x05, 0xD8, 0x53, 0x11, 0x26, 0xA6, 0xFF, 0xE3,
		0x56, 0xFE, 0x19, 0x33, 0x63, 0xB8, 0x63, 0x98, // 0x4CF0
		0x43, 0x5B, 0x40, 0x3B, 0x43, 0xB8, 0xD6, 0x0F,
		0x03, 0x6C, 0xFA, 0x07, 0xC3, 0x14, 0x00, 0x32, // 0x4D00
		0xAC, 0x03, 0x26, 0x03, 0x7C, 0x34, 0xC0, 0x95,
		0x82, 0xC4, 0x23, 0x84, 0x00, 0x22, 0x46, 0x3A, // 0x4D10
		0xC4, 0x60, 0xC2, 0xB3, 0x03, 0xB3, 0xF8, 0x0B,
		0x83, 0x14, 0xD4, 0x14, 0x24, 0x14, 0x8D, 0x03, // 0x4D20
		0xF7, 0x03, 0x00, 0x36, 0x67, 0xE4, 0x13, 0x00,
		0x80, 0xB8, 0x63, 0xB8, 0x7C, 0x32, 0x60, 0x98, // 0x4D30
		0x98, 0x7C, 0x8C, 0x60, 0x20, 0x92, 0x61, 0x92,
		0xC6, 0x64, 0x27, 0x0C, 0x3E, 0x33, 0x20, 0x92, // 0x4D40
		0xD8, 0x7C, 0xC4, 0x60, 0x20, 0x98, 0x09, 0x23,
		0x61, 0x43, 0xC4, 0x60, 0x20, 0x8B, 0x60, 0x92, // 0x4D50
		0x00, 0x23, 0x63, 0xE4, 0x1F, 0x20, 0x60, 0xB2,
		0x61, 0xE4, 0x7C, 0x10, 0x03, 0xEB, 0xF9, 0x00, // 0x4D60
		0x14, 0x0D, 0x21, 0xE4, 0x76, 0x11, 0x01, 0xEB,
		0x77, 0x01, 0x1B, 0x0D, 0x00, 0x33, 0x64, 0xDC, // 0x4D70
		0x74, 0x00, 0x00, 0x33, 0x5E, 0x04, 0x0F, 0x0C,
		0x64, 0xD8, 0x74, 0x00, 0x00, 0x23, 0xCC, 0x74, // 0x4D80
		0x04, 0x3B, 0x0B, 0x08, 0x64, 0xDC, 0x74, 0x00,
		0x00, 0x26, 0x46, 0x3E, 0x7B, 0x24, 0xCF, 0x0B, // 0x4D90
		0x04, 0x14, 0x94, 0x14, 0x00, 0x33, 0xF7, 0x07,
		0x00, 0x33, 0x64, 0xDC, 0x74, 0x00, 0x64, 0xDC, // 0x4DA0
		0x78, 0x00, 0x64, 0xDC, 0x7A, 0x00, 0x01, 0x33,
		0x44, 0x04, 0xEF, 0x0B, 0x64, 0xDC, 0x75, 0x00, // 0x4DB0
		0x64, 0xDC, 0x76, 0x00, 0x64, 0xDC, 0x77, 0x00,
		0x64, 0xDC, 0x79, 0x00, 0x04, 0x32, 0x02, 0x33, // 0x4DC0
		0x64, 0xB4, 0x67, 0xD8, 0xB0, 0x02, 0x01, 0x2B,
		0xC8, 0x64, 0x0B, 0x0C, 0x60, 0x13, 0x20, 0x98, // 0x4DD0
		0x40, 0x93, 0x7C, 0x33, 0xD8, 0x7C, 0xC4, 0x60,
		0x42, 0xB3, 0x07, 0x32, 0x43, 0xB3, 0xD5, 0x07, // 0x4DE0
		0x00, 0xEA, 0xDC, 0x05, 0xFF, 0xE3, 0x8C, 0xFF,
		0xD0, 0x07, 0x64, 0xD8, 0x75, 0x00, 0x03, 0x0C, // 0x4DF0
		0x40, 0x3B, 0x21, 0x0C, 0x40, 0x3B, 0x44, 0xD8,
		0x76, 0x00, 0x10, 0x0C, 0x00, 0x33, 0x24, 0xD8, // 0x4E00
		0x77, 0x00, 0x64, 0xDC, 0x75, 0x00, 0x01, 0x33,
		0xC8, 0x70, 0xC4, 0x6C, 0x64, 0xDC, 0x77, 0x00, // 0x4E10
		0x64, 0xD8, 0x79, 0x00, 0x00, 0x23, 0x64, 0xDC,
		0x79, 0x00, 0x00, 0x22, 0x44, 0xDC, 0x76, 0x00, // 0x4E20
		0x64, 0xD8, 0x76, 0x00, 0x48, 0x3B, 0xB1, 0x0B,
		0x00, 0x33, 0x64, 0xDC, 0x76, 0x00, 0x03, 0x33, // 0x4E30
		0x64, 0xB4, 0xAB, 0x07, 0x01, 0x33, 0x64, 0xDC,
		0x75, 0x00, 0xF3, 0x07, 0x64, 0xD8, 0x75, 0x00, // 0x4E40
		0x03, 0x0C, 0x40, 0x3B, 0x9E, 0x0C, 0x40, 0x3B,
		0x09, 0x0C, 0x00, 0x33, 0x64, 0xDC, 0x75, 0x00, // 0x4E50
		0x64, 0xD8, 0x79, 0x00, 0x00, 0x23, 0x64, 0xDC,
		0x79, 0x00, 0x64, 0xD8, 0x79, 0x00, 0x63, 0xE4, // 0x4E60
		0x01, 0x20, 0x40, 0x3B, 0x5F, 0x0C, 0xA4, 0xD8,
		0x78, 0x00, 0x04, 0x33, 0x1F, 0x3D, 0x64, 0xB4, // 0x4E70
		0x51, 0x08, 0x40, 0x3D, 0x24, 0xD8, 0x77, 0x00,
		0x09, 0x08, 0x07, 0x6C, 0x21, 0xB8, 0xFF, 0xE3, // 0x4E80
		0x99, 0xDC, 0x01, 0x20, 0x04, 0xDC, 0x7B, 0x00,
		0x21, 0x98, 0x42, 0x5D, 0xC8, 0x74, 0x40, 0x98, // 0x4E90
		0x61, 0xB8, 0x6E, 0xD8, 0x04, 0x00, 0x64, 0xDC,
		0x78, 0x00, 0x7C, 0x33, 0xD8, 0x7C, 0xC8, 0x60, // 0x4EA0
		0x4C, 0x61, 0x25, 0xDC, 0x54, 0x00, 0x41, 0x98,
		0x64, 0xD8, 0x7A, 0x00, 0x62, 0xB8, 0xC5, 0x6C, // 0x4EB0
		0x64, 0xDC, 0x7A, 0x00, 0x64, 0xD8, 0x7B, 0x00,
		0x8E, 0x64, 0x2C, 0x08, 0x64, 0x11, 0x40, 0x98, // 0x4EC0
		0x60, 0x93, 0x62, 0xDC, 0xBA, 0x20, 0x01, 0x33,
		0x2C, 0x32, 0x8C, 0x7C, 0x07, 0x11, 0x80, 0x60, // 0x4ED0
		0x40, 0x8A, 0xA3, 0x5B, 0x40, 0x3A, 0x22, 0x08,
		0x2C, 0x33, 0x01, 0x32, 0x4C, 0x7D, 0x74, 0x5F, // 0x4EE0
		0x4E, 0xAB, 0x42, 0x98, 0x2F, 0x20, 0x86, 0x64,
		0x83, 0x64, 0x62, 0xB8, 0x4F, 0xAB, 0x41, 0x98, // 0x4EF0
		0x24, 0xE4, 0x53, 0x00, 0x14, 0x60, 0xFF, 0xE3,
		0xE8, 0xDF, 0x46, 0x97, 0x7C, 0x10, 0x23, 0x98, // 0x4F00
		0x4C, 0x61, 0x62, 0x98, 0xA6, 0xB7, 0x30, 0xB3,
		0x51, 0xB3, 0xA0, 0xB2, 0x08, 0x30, 0x00, 0xE0, // 0x4F10
		0x58, 0x0C, 0x00, 0x33, 0x64, 0xDC, 0x79, 0x00,
		0x38, 0x07, 0x00, 0x23, 0x47, 0x3B, 0xD5, 0x0B, // 0x4F20
		0xF6, 0x07, 0x00, 0x33, 0x64, 0xB4, 0xF6, 0x07,
		0x64, 0xD8, 0x75, 0x00, 0x03, 0x0C, 0x40, 0x3B, // 0x4F30
		0x28, 0x0C, 0x40, 0x3B, 0x00, 0x33, 0x1D, 0x0C,
		0x64, 0xDC, 0x75, 0x00, 0x35, 0x07, 0x00, 0x00, // 0x4F40
		0x08, 0x02, 0x00, 0x20, 0x00, 0x00, 0x00, 0x20,
		0x14, 0x7E, 0x00, 0x00, 0xF0, 0x04, 0x00, 0x20, // 0x4F50
		0xD0, 0x04, 0x00, 0x20, 0x9D, 0x7B, 0x00, 0x00,
		0x00, 0x02, 0x00, 0x20, 0x00, 0x30, 0x00, 0x40, // 0x4F60
		0xB8, 0x7B, 0x00, 0x00, 0xE0, 0x05, 0x00, 0x20,
		0xF8, 0x01, 0x00, 0x20, 0x48, 0x02, 0x00, 0x20, // 0x4F70
		0x64, 0xDC, 0x76, 0x00, 0x64, 0xDC, 0x77, 0x00,
		0x64, 0xDC, 0x79, 0x00, 0x02, 0x33, 0x59, 0x07, // 0x4F80
		0x01, 0x33, 0x64, 0xDC, 0x75, 0x00, 0x01, 0x07,
		0x01, 0x33, 0x04, 0x94, 0x04, 0x38, 0xFD, 0x0A, // 0x4F90
		0x40, 0x3B, 0x00, 0xE0, 0x8B, 0x17, 0xF0, 0xFE,
		0x0A, 0xFF, 0x2A, 0xFF, 0x53, 0xFF, 0xC9, 0xFF, // 0x4FA0
		0x00, 0x33, 0xF4, 0x07, 0xC2, 0x14, 0x7C, 0x32,
		0x9B, 0x13, 0x80, 0x7C, 0x3E, 0x35, 0x90, 0x60, // 0x4FB0
		0x61, 0x92, 0x14, 0x7C, 0x0C, 0x60, 0x60, 0xE4,
		0x09, 0x00, 0x01, 0x43, 0x61, 0x92, 0x10, 0x60, // 0x4FC0
		0x00, 0x23, 0x63, 0xE4, 0x1F, 0x20, 0x20, 0xA8,
		0x61, 0xB2, 0x82, 0x14, 0xD3, 0x14, 0x03, 0x6D, // 0x4FD0
		0xA0, 0x80, 0x17, 0x6C, 0xFF, 0xE3, 0xEE, 0xDB,
		0x83, 0x6D, 0x57, 0x6C, 0x0F, 0x13, 0x01, 0x26, // 0x4FE0
		0xA2, 0x5C, 0xFF, 0xE3, 0xFD, 0xDB, 0x18, 0x61,
		0xCD, 0x13, 0x16, 0x65, 0x05, 0x08, 0x0D, 0x13, // 0x4FF0
		0xFF, 0xE3, 0xF6, 0xDB, 0x93, 0x14, 0x20, 0x85,
		0x1B, 0x6C, 0x00, 0x25, 0xFF, 0xE3, 0xF0, 0xDB, // 0x5000
		0xF5, 0x07, 0xD4, 0x14, 0xC8, 0x13, 0xA9, 0x13,
		0x20, 0x8E, 0x45, 0xD8, 0x4A, 0x10, 0x88, 0x13, // 0x5010
		0x84, 0x64, 0x75, 0x0C, 0x00, 0x33, 0x64, 0xDC,
		0x5E, 0x00, 0x65, 0xD8, 0x8C, 0x00, 0x43, 0xE4, // 0x5020
		0x01, 0x20, 0x40, 0x3A, 0x79, 0x0C, 0x43, 0xE4,
		0x02, 0x20, 0x00, 0x30, 0x40, 0x3A, 0x03, 0x32, // 0x5030
		0x02, 0xC4, 0x40, 0x0C, 0x43, 0xE4, 0x04, 0x20,
		0x40, 0x3A, 0x03, 0x0C, 0x00, 0xEC, 0x0C, 0x00, // 0x5040
		0x63, 0xE4, 0x08, 0x20, 0x40, 0x3B, 0x03, 0x0C,
		0x00, 0xEC, 0x60, 0x00, 0xFF, 0xE3, 0xF8, 0xDE, // 0x5050
		0x65, 0xD8, 0x8C, 0x00, 0x23, 0xE4, 0xF1, 0x20,
		0x76, 0x12, 0x02, 0x30, 0x41, 0x93, 0x62, 0xE4, // 0x5060
		0x03, 0x20, 0x40, 0x3B, 0x60, 0xC4, 0x40, 0x0C,
		0x02, 0xE4, 0x0C, 0x20, 0x40, 0x38, 0x03, 0x0C, // 0x5070
		0x63, 0xEC, 0x04, 0x00, 0x42, 0xE4, 0x60, 0x20,
		0x40, 0x3A, 0x03, 0x0C, 0x63, 0xEC, 0x08, 0x00, // 0x5080
		0xC4, 0x6C, 0x80, 0x32, 0x65, 0xDC, 0x8C, 0x00,
		0x46, 0x42, 0x63, 0x94, 0xC8, 0x68, 0x40, 0x3B, // 0x5090
		0x06, 0x08, 0x63, 0x94, 0x63, 0xE4, 0x00, 0x21,
		0x40, 0x3B, 0x07, 0x0C, 0x64, 0x33, 0x64, 0x30, // 0x50A0
		0x64, 0xDC, 0x5E, 0x00, 0xFF, 0xE3, 0x5B, 0xDD,
		0xC4, 0xD8, 0x24, 0x00, 0x1B, 0x6C, 0xFF, 0xE3, // 0x50B0
		0x81, 0xDB, 0x40, 0x75, 0x3E, 0x11, 0x00, 0x30,
		0x00, 0x33, 0x42, 0x5D, 0x00, 0x2B, 0x00, 0x2A, // 0x50C0
		0xCA, 0x64, 0x00, 0x21, 0x64, 0x08, 0x74, 0x5C,
		0x03, 0xDC, 0x25, 0x00, 0x01, 0x30, 0xC4, 0xDC, // 0x50D0
		0x5A, 0x00, 0x00, 0xE0, 0x76, 0x0B, 0x00, 0x33,
		0x03, 0x32, 0x67, 0xB4, 0x75, 0x11, 0x01, 0x25, // 0x50E0
		0xA6, 0xB4, 0x45, 0xB3, 0x40, 0x93, 0x42, 0xEC,
		0x03, 0x00, 0x40, 0xB3, 0x0C, 0x32, 0x43, 0xB3, // 0x50F0
		0x00, 0xE0, 0xBA, 0x05, 0x10, 0x11, 0xFF, 0xE3,
		0x6B, 0xFF, 0x94, 0x14, 0x64, 0xD8, 0x5E, 0x00, // 0x5100
		0x86, 0x60, 0xCA, 0x60, 0xDF, 0x3B, 0x03, 0x0C,
		0x00, 0x30, 0x6D, 0x58, 0x2A, 0x3B, 0x86, 0x0B, // 0x5110
		0x44, 0xDC, 0x5E, 0x00, 0x83, 0x07, 0x01, 0xEB,
		0xC7, 0x00, 0x19, 0x08, 0x62, 0x8E, 0x03, 0xEB, // 0x5120
		0x57, 0x1B, 0x0E, 0x08, 0x3C, 0x33, 0x64, 0xDC,
		0x5E, 0x00, 0x04, 0xD8, 0x5E, 0x00, 0xFF, 0xE3, // 0x5130
		0x16, 0xDD, 0x64, 0xD8, 0x55, 0x00, 0x0A, 0x3B,
		0x0C, 0x08, 0x0C, 0x30, 0x88, 0x07, 0x03, 0xEB, // 0x5140
		0xC7, 0x32, 0x03, 0x08, 0x32, 0x33, 0xF0, 0x07,
		0x1E, 0x33, 0xEE, 0x07, 0x00, 0x33, 0xEC, 0x07, // 0x5150
		0x61, 0x8E, 0x03, 0xEB, 0x27, 0x23, 0x12, 0x08,
		0x60, 0x8E, 0x03, 0xEB, 0xDB, 0x05, 0x12, 0x08, // 0x5160
		0x0F, 0x30, 0xFF, 0xE3, 0x6D, 0xDE, 0x63, 0x94,
		0x63, 0xE4, 0x00, 0x21, 0x40, 0x3B, 0x71, 0x0F, // 0x5170
		0x80, 0x30, 0x04, 0x40, 0x6C, 0x07, 0x03, 0x30,
		0xF5, 0x07, 0x03, 0xEB, 0x97, 0x3A, 0xFC, 0x0B, // 0x5180
		0x60, 0x8E, 0x03, 0xEB, 0xB7, 0x0B, 0xF8, 0x0B,
		0x0C, 0x30, 0xEC, 0x07, 0xE1, 0xD8, 0x23, 0x00, // 0x5190
		0x1D, 0x6C, 0x96, 0x07, 0xE0, 0x05, 0x00, 0x20,
		0xC6, 0x7B, 0x00, 0x00, 0x63, 0x7B, 0x00, 0x00, // 0x51A0
		0x06, 0x7D, 0x00, 0x00, 0xD0, 0x04, 0x00, 0x20,
		0x00, 0x00, 0x00, 0x20, 0x08, 0x02, 0x00, 0x20, // 0x51B0
		0x00, 0xC0, 0x01, 0x40, 0x2C, 0x02, 0x00, 0x20,
		0xD4, 0x14, 0x22, 0x14, 0x80, 0x01, 0x64, 0xD8, // 0x51C0
		0x45, 0x20, 0x43, 0xE4, 0x01, 0x20, 0x40, 0x3A,
		0x46, 0x0D, 0x63, 0xE4, 0x00, 0x21, 0x40, 0x3B, // 0x51D0
		0x80, 0x33, 0x6C, 0x43, 0x51, 0x0D, 0x44, 0xD8,
		0x40, 0x20, 0x8C, 0x68, 0x40, 0x3A, 0x4C, 0x09, // 0x51E0
		0xC8, 0x01, 0xA7, 0x01, 0x68, 0x96, 0x88, 0x3B,
		0x68, 0xB6, 0x01, 0x30, 0x62, 0x95, 0x87, 0x3B, // 0x51F0
		0x62, 0xB5, 0xEA, 0x01, 0x00, 0xE0, 0x75, 0x0A,
		0x02, 0x30, 0x00, 0xE0, 0x7A, 0x0A, 0x62, 0x96, // 0x5200
		0x63, 0xEC, 0x80, 0x18, 0x62, 0xB6, 0x02, 0x30,
		0x00, 0xE0, 0x73, 0x0A, 0x70, 0x01, 0x08, 0x32, // 0x5210
		0x16, 0x8C, 0x44, 0xB3, 0x5A, 0x8C, 0x43, 0xDC,
		0x26, 0x10, 0x53, 0x8C, 0x43, 0xDC, 0x28, 0x10, // 0x5220
		0x54, 0x8C, 0x43, 0xDC, 0x27, 0x10, 0x44, 0xD8,
		0x84, 0x00, 0x43, 0xDC, 0x5F, 0x00, 0x44, 0xD8, // 0x5230
		0x94, 0x00, 0x43, 0xDC, 0x5E, 0x00, 0x00, 0x32,
		0x43, 0xDC, 0x74, 0x00, 0x57, 0x8C, 0x60, 0x97, // 0x5240
		0x83, 0x3B, 0x84, 0x3B, 0x63, 0xEC, 0x10, 0x00,
		0x40, 0xB8, 0x60, 0xB7, 0xFF, 0xE3, 0x6F, 0xDC, // 0x5250
		0x40, 0x98, 0x0B, 0x6C, 0xFF, 0xE3, 0x50, 0xDC,
		0x63, 0x96, 0x63, 0xEC, 0x02, 0x00, 0x63, 0xB6, // 0x5260
		0x01, 0x31, 0x61, 0x97, 0x63, 0xEC, 0x07, 0x00,
		0x61, 0xB7, 0x0C, 0x30, 0xC7, 0x02, 0x00, 0xE0, // 0x5270
		0x89, 0x12, 0x80, 0x33, 0x65, 0x43, 0x60, 0xB6,
		0x69, 0x02, 0x30, 0x30, 0x44, 0x93, 0x80, 0x6C, // 0x5280
		0x44, 0xB3, 0xEA, 0x02, 0x48, 0x93, 0xFE, 0x31,
		0x40, 0xB8, 0x27, 0x41, 0x47, 0xD8, 0x25, 0x00, // 0x5290
		0x48, 0x42, 0x84, 0x68, 0x41, 0xB8, 0x40, 0x98,
		0x22, 0xC4, 0x41, 0x20, 0x41, 0x98, 0x48, 0x6C, // 0x52A0
		0x28, 0xB3, 0x28, 0x93, 0x47, 0xD8, 0x24, 0x00,
		0x42, 0xE4, 0x7F, 0x20, 0x00, 0x37, 0x7F, 0x2F, // 0x52B0
		0x5C, 0x68, 0x84, 0x6C, 0x48, 0xB3, 0x80, 0x37,
		0x43, 0x93, 0x97, 0x3A, 0x43, 0xB3, 0x20, 0x93, // 0x52C0
		0x5C, 0x6C, 0x20, 0xB3, 0x01, 0x31, 0x43, 0x93,
		0x9C, 0x6C, 0x43, 0xB3, 0x44, 0x93, 0x08, 0x6C, // 0x52D0
		0x04, 0xB3, 0x1C, 0x30, 0x00, 0xE0, 0x56, 0x12,
		0x80, 0x33, 0x75, 0x43, 0x60, 0xB6, 0x04, 0xD8, // 0x52E0
		0x4A, 0x10, 0xFF, 0xE3, 0x3C, 0xDC, 0x61, 0x95,
		0x43, 0x03, 0xC8, 0x68, 0x63, 0xEC, 0x00, 0x02, // 0x52F0
		0x61, 0xB5, 0x42, 0xE4, 0xF8, 0x06, 0x61, 0x95,
		0xC8, 0x68, 0x61, 0xB5, 0x00, 0x32, 0x61, 0x95, // 0x5300
		0x38, 0x2A, 0xC8, 0x68, 0x61, 0xB5, 0x22, 0xEA,
		0x04, 0xFF, 0x61, 0x95, 0x00, 0x2A, 0xC8, 0x68, // 0x5310
		0xE0, 0x32, 0x4F, 0x42, 0xC8, 0x6C, 0x61, 0xB5,
		0x82, 0x32, 0x61, 0x95, 0x58, 0x42, 0x00, 0x2A, // 0x5320
		0xC8, 0x68, 0xE0, 0x32, 0x56, 0x42, 0xC8, 0x6C,
		0x61, 0xB5, 0x12, 0x03, 0x61, 0x95, 0xB0, 0x3B, // 0x5330
		0xB8, 0x3B, 0x61, 0xB5, 0x60, 0x95, 0x60, 0xB5,
		0x60, 0x95, 0x83, 0x3B, 0x84, 0x3B, 0x60, 0xB5, // 0x5340
		0x60, 0x95, 0x85, 0x3B, 0x86, 0x3B, 0x60, 0xB5,
		0x61, 0x95, 0x86, 0x3B, 0x87, 0x3B, 0x61, 0xB5, // 0x5350
		0x61, 0x95, 0x63, 0xEC, 0x00, 0x40, 0x61, 0xB5,
		0x60, 0x95, 0xB1, 0x3B, 0x60, 0xB5, 0x61, 0x95, // 0x5360
		0x8F, 0x3B, 0x61, 0xB5, 0x60, 0x95, 0x91, 0x3B,
		0x60, 0xB5, 0x01, 0x33, 0xBD, 0x13, 0x64, 0xDC, // 0x5370
		0x8D, 0x01, 0xFF, 0xE3, 0x35, 0xDA, 0x7C, 0x13,
		0x03, 0x31, 0x41, 0x93, 0x89, 0x3A, 0x41, 0xB3, // 0x5380
		0x07, 0x30, 0x41, 0x93, 0x42, 0xEC, 0x00, 0x01,
		0x41, 0xB3, 0x00, 0xE0, 0xFB, 0x11, 0x80, 0x33, // 0x5390
		0x0F, 0x30, 0x60, 0xB6, 0xFF, 0xE3, 0x54, 0xDD,
		0x74, 0x13, 0x24, 0xD8, 0x44, 0x10, 0x62, 0x8B, // 0x53A0
		0x45, 0x74, 0x03, 0xEB, 0xB8, 0x0B, 0x5E, 0x0C,
		0x11, 0x13, 0xFF, 0xE3, 0xA7, 0xD8, 0x00, 0x30, // 0x53B0
		0xFF, 0xE3, 0xF8, 0xDB, 0x6F, 0x13, 0x55, 0x32,
		0x0F, 0x13, 0xC0, 0xC7, 0x21, 0x50, 0x40, 0xB3, // 0x53C0
		0x4E, 0x13, 0x02, 0x29, 0x60, 0x92, 0x63, 0xEC,
		0x00, 0x01, 0x60, 0xB2, 0x4C, 0x13, 0x64, 0xD8, // 0x53D0
		0x41, 0x20, 0xC8, 0x6C, 0x64, 0xDC, 0x41, 0x20,
		0x00, 0x32, 0x6A, 0x13, 0x40, 0xB3, 0x6A, 0x13, // 0x53E0
		0x40, 0xB3, 0x6A, 0x13, 0x40, 0xA3, 0x01, 0x32,
		0x69, 0x13, 0x40, 0xB3, 0x00, 0x32, 0x69, 0x13, // 0x53F0
		0x40, 0xB3, 0x69, 0x13, 0x40, 0xA3, 0x00, 0x32,
		0x68, 0x13, 0x40, 0xB3, 0x00, 0x33, 0x64, 0xDC, // 0x5400
		0x75, 0x20, 0x67, 0x13, 0x40, 0xB3, 0x60, 0x95,
		0x66, 0x13, 0x40, 0xB3, 0x66, 0x13, 0x40, 0xB3, // 0x5410
		0x4B, 0x12, 0x62, 0x92, 0x63, 0xEC, 0x02, 0x00,
		0x62, 0xB2, 0x64, 0x13, 0x00, 0x32, 0x40, 0xB3, // 0x5420
		0x40, 0x93, 0xBD, 0x3A, 0x40, 0xB3, 0x02, 0xEA,
		0xCF, 0x07, 0x42, 0xB3, 0x02, 0xEA, 0xE7, 0x03, // 0x5430
		0x43, 0xB3, 0x40, 0x93, 0xBF, 0x3A, 0x40, 0xB3,
		0x40, 0x93, 0xB6, 0x3A, 0x40, 0xB3, 0x00, 0x33, // 0x5440
		0x63, 0xB5, 0xFF, 0xE3, 0x5B, 0xD8, 0x1A, 0x12,
		0x0A, 0x31, 0xFF, 0xE3, 0x57, 0xD8, 0x19, 0x12, // 0x5450
		0xFF, 0xE3, 0xC6, 0xD9, 0x64, 0xD8, 0x40, 0x20,
		0xDF, 0x3B, 0x40, 0xE8, 0x20, 0x02, 0x00, 0xE0, // 0x5460
		0x5C, 0x08, 0x60, 0x95, 0x00, 0x23, 0x4C, 0x64,
		0x05, 0x08, 0x60, 0x95, 0x4E, 0x60, 0x00, 0x29, // 0x5470
		0x9C, 0x07, 0x00, 0x31, 0x9A, 0x07, 0x44, 0xD8,
		0x40, 0x20, 0xC8, 0x68, 0x40, 0x3B, 0xEB, 0x0F, // 0x5480
		0xAF, 0x11, 0x01, 0x30, 0x68, 0x95, 0x88, 0x3B,
		0x68, 0xB5, 0x93, 0x3A, 0x44, 0xDC, 0x40, 0x20, // 0x5490
		0x00, 0xE0, 0x27, 0x09, 0x04, 0x30, 0xCD, 0x11,
		0x00, 0xE0, 0x2B, 0x09, 0x62, 0x95, 0x63, 0xEC, // 0x54A0
		0x09, 0x41, 0x62, 0xB5, 0x0C, 0x30, 0x66, 0xE4,
		0x13, 0x00, 0x65, 0xB6, 0x66, 0xB6, 0x66, 0xE4, // 0x54B0
		0x23, 0x01, 0x66, 0xDC, 0x49, 0x20, 0x66, 0xDC,
		0x4A, 0x20, 0xBF, 0x11, 0x00, 0xE0, 0x19, 0x09, // 0x54C0
		0x1E, 0x33, 0x1E, 0x11, 0x66, 0xDC, 0x55, 0x11,
		0x24, 0xD8, 0x60, 0x10, 0x00, 0x21, 0x00, 0xE0, // 0x54D0
		0x79, 0x13, 0x24, 0xD8, 0x51, 0x10, 0x06, 0xDC,
		0x53, 0x11, 0x18, 0x11, 0x00, 0x21, 0x00, 0xE0, // 0x54E0
		0x71, 0x13, 0x24, 0xD8, 0x50, 0x10, 0x00, 0xAD,
		0x14, 0x11, 0x00, 0x21, 0x00, 0xE0, 0x6A, 0x13, // 0x54F0
		0x64, 0xD8, 0xD1, 0x00, 0x01, 0xAD, 0x66, 0xDC,
		0xB6, 0x02, 0x64, 0xD8, 0x56, 0x10, 0x02, 0x30, // 0x5500
		0x66, 0xDC, 0x51, 0x11, 0x64, 0xD8, 0x54, 0x10,
		0x01, 0x35, 0x66, 0xDC, 0x52, 0x11, 0x64, 0xD8, // 0x5510
		0x55, 0x10, 0x66, 0xDC, 0x50, 0x11, 0x64, 0xD8,
		0x57, 0x10, 0x66, 0xDC, 0x4F, 0x11, 0x64, 0xD8, // 0x5520
		0x52, 0x10, 0x66, 0xDC, 0x4E, 0x11, 0x64, 0xD8,
		0xB4, 0x00, 0x66, 0xDC, 0xB7, 0x02, 0x68, 0x8C, // 0x5530
		0x64, 0xDC, 0xE2, 0x10, 0x44, 0x04, 0x00, 0x00,
		0x00, 0x00, 0x00, 0x20, 0x00, 0xD0, 0x00, 0x40, // 0x5540
		0x00, 0x40, 0x01, 0x40, 0x00, 0x50, 0x01, 0x40,
		0x08, 0x02, 0x00, 0x20, 0x00, 0xE1, 0x00, 0xE0, // 0x5550
		0x00, 0x30, 0x01, 0x40, 0x30, 0x00, 0x01, 0x50,
		0xFF, 0xF8, 0xFF, 0xFF, 0x3C, 0x7C, 0x00, 0x00, // 0x5560
		0xF0, 0x04, 0x00, 0x20, 0x00, 0xC0, 0x01, 0x40,
		0xD0, 0x04, 0x00, 0x20, 0x10, 0x0D, 0x00, 0x00, // 0x5570
		0x00, 0x20, 0x01, 0x40, 0xA0, 0x3B, 0x00, 0x00,
		0x00, 0xB0, 0x01, 0x40, 0x67, 0x2E, 0xF8, 0x7D, // 0x5580
		0xF8, 0x0A, 0x00, 0x20, 0xD4, 0x05, 0x00, 0x20,
		0xD8, 0x05, 0x00, 0x20, 0xDC, 0x05, 0x00, 0x20, // 0x5590
		0xCC, 0x05, 0x00, 0x20, 0xD0, 0x05, 0x00, 0x20,
		0xC4, 0x05, 0x00, 0x20, 0xC0, 0x05, 0x00, 0x20, // 0x55A0
		0xC8, 0x05, 0x00, 0x20, 0x20, 0x0B, 0x00, 0x20,
		0x00, 0x10, 0x00, 0x40, 0xB8, 0x66, 0x00, 0x00, // 0x55B0
		0x5B, 0x7C, 0x00, 0x00, 0x00, 0x02, 0x00, 0x20,
		0xA0, 0x68, 0x06, 0x00, 0x12, 0x33, 0x64, 0xDC, // 0x55C0
		0xC6, 0x01, 0x00, 0xE0, 0xFE, 0x08, 0x01, 0x33,
		0xE4, 0xD8, 0x59, 0x10, 0x66, 0xDC, 0xAE, 0x20, // 0x55D0
		0x03, 0xEA, 0xF3, 0x01, 0xCE, 0x6C, 0x04, 0xD8,
		0x58, 0x10, 0x66, 0xDC, 0x5F, 0x11, 0xDA, 0x01, // 0x55E0
		0x60, 0x96, 0x83, 0x3B, 0x84, 0x3B, 0x63, 0xEC,
		0x10, 0x00, 0x60, 0xB6, 0xFF, 0xE3, 0x9F, 0xDA, // 0x55F0
		0x1F, 0x6C, 0xFE, 0x01, 0xFF, 0xE3, 0x80, 0xDA,
		0x61, 0x96, 0x63, 0xEC, 0x03, 0x00, 0x61, 0xB6, // 0x5600
		0x01, 0x31, 0x0C, 0x30, 0xC2, 0x02, 0x00, 0xE0,
		0xBD, 0x10, 0x80, 0x33, 0x65, 0x43, 0x60, 0xB6, // 0x5610
		0x08, 0x30, 0xFF, 0xE3, 0x47, 0xDC, 0x05, 0x02,
		0xFE, 0x32, 0x60, 0xD8, 0x25, 0x00, 0x28, 0x97, // 0x5620
		0x47, 0x42, 0x68, 0x43, 0x49, 0x68, 0xC8, 0x68,
		0xC4, 0x6C, 0x41, 0xB8, 0x68, 0xB7, 0x00, 0x32, // 0x5630
		0x28, 0x97, 0x60, 0xD8, 0x24, 0x00, 0x7F, 0x2A,
		0x63, 0xE4, 0x7F, 0x20, 0x48, 0x68, 0xC4, 0x6C, // 0x5640
		0x68, 0xB7, 0x1C, 0x30, 0x63, 0x97, 0x97, 0x3B,
		0x63, 0xB7, 0x60, 0x97, 0x63, 0xEC, 0x84, 0x41, // 0x5650
		0x60, 0xB7, 0x80, 0x33, 0x23, 0x97, 0x4C, 0x6C,
		0x60, 0xB8, 0x23, 0xB7, 0x01, 0x31, 0x00, 0xE0, // 0x5660
		0x91, 0x10, 0x80, 0x31, 0x35, 0x41, 0x20, 0xB6,
		0x39, 0x02, 0x03, 0xEA, 0x37, 0xE1, 0x00, 0x91, // 0x5670
		0x14, 0x6C, 0x00, 0xB1, 0x01, 0x91, 0xB0, 0x38,
		0x01, 0xB1, 0x62, 0xB1, 0x00, 0x33, 0x02, 0x91, // 0x5680
		0x0E, 0x2B, 0x0C, 0x68, 0x00, 0xEC, 0x06, 0x00,
		0x02, 0xB1, 0x60, 0x03, 0x02, 0x91, 0x0C, 0x68, // 0x5690
		0x00, 0xEC, 0x00, 0x08, 0x02, 0xB1, 0x02, 0x91,
		0x00, 0xEC, 0x00, 0x60, 0x02, 0xB1, 0x00, 0x91, // 0x56A0
		0x83, 0x38, 0x84, 0x38, 0x00, 0xEC, 0x08, 0x00,
		0x00, 0xB1, 0x00, 0x91, 0x85, 0x38, 0x86, 0x38, // 0x56B0
		0x00, 0xEC, 0x20, 0x00, 0x00, 0xB1, 0x03, 0x91,
		0x40, 0x6D, 0xA3, 0xB1, 0x1B, 0x30, 0x02, 0x31, // 0x56C0
		0xAD, 0x03, 0x00, 0xE0, 0x5F, 0x10, 0x80, 0x31,
		0x34, 0x41, 0x01, 0x30, 0x20, 0xB6, 0xFF, 0xE3, // 0x56D0
		0x74, 0xDB, 0x22, 0x95, 0x21, 0xEC, 0x04, 0x00,
		0x22, 0xB5, 0xFF, 0xE3, 0x07, 0xDA, 0x24, 0x95, // 0x56E0
		0xB7, 0x39, 0x24, 0xB5, 0x24, 0x95, 0xB6, 0x39,
		0x24, 0xB5, 0xFF, 0xE3, 0xFF, 0xD9, 0x24, 0x95, // 0x56F0
		0x94, 0x39, 0x95, 0x39, 0x24, 0xB5, 0x24, 0x95,
		0xB5, 0x39, 0x24, 0xB5, 0xFF, 0xE3, 0xF6, 0xD9, // 0x5700
		0x24, 0x95, 0x92, 0x39, 0x93, 0x39, 0x24, 0xB5,
		0x24, 0x95, 0xB2, 0x39, 0xB3, 0x39, 0x24, 0xB5, // 0x5710
		0xFF, 0xE3, 0xEC, 0xD9, 0x24, 0x95, 0x7E, 0x13,
		0x4C, 0x68, 0x24, 0xB5, 0x24, 0x95, 0x21, 0xEC, // 0x5720
		0x00, 0x4E, 0x24, 0xB5, 0x24, 0x95, 0x21, 0xEC,
		0x00, 0x80, 0x24, 0xB5, 0xFF, 0xE3, 0xDE, 0xD9, // 0x5730
		0x24, 0x95, 0x00, 0x33, 0xFC, 0x2B, 0x4C, 0x68,
		0x24, 0xB5, 0x24, 0x95, 0x21, 0xEC, 0x9C, 0x00, // 0x5740
		0x24, 0xB5, 0xFF, 0xE3, 0xD3, 0xD9, 0x24, 0x95,
		0x80, 0x39, 0x81, 0x39, 0x24, 0xB5, 0x24, 0x95, // 0x5750
		0x24, 0xB5, 0xFF, 0xE3, 0xCB, 0xD9, 0x03, 0xEA,
		0x43, 0x61, 0x65, 0xB5, 0xFF, 0xE3, 0xC6, 0xD9, // 0x5760
		0x23, 0xEA, 0xFF, 0x1F, 0x66, 0xB5, 0xAB, 0x13,
		0xFF, 0xE3, 0xC0, 0xD9, 0x20, 0x97, 0x21, 0xEC, // 0x5770
		0x80, 0x01, 0x20, 0xB7, 0x60, 0x98, 0x23, 0x97,
		0xC4, 0x6C, 0x63, 0xB7, 0x46, 0x13, 0x67, 0x13, // 0x5780
		0xE7, 0x13, 0x40, 0xB3, 0x02, 0xEA, 0x03, 0x03,
		0x44, 0xB3, 0x02, 0xEA, 0x1E, 0x1E, 0x45, 0xB3, // 0x5790
		0x44, 0x13, 0x4A, 0xB3, 0x00, 0x32, 0x4B, 0xB3,
		0x43, 0x13, 0x51, 0xB3, 0x02, 0x32, 0x52, 0xB3, // 0x57A0
		0x42, 0x13, 0x58, 0xB3, 0x04, 0x32, 0x59, 0xB3,
		0x41, 0x13, 0x5F, 0xB3, 0x06, 0x32, 0x43, 0xDC, // 0x57B0
		0x20, 0x20, 0x02, 0xEA, 0x02, 0x02, 0x42, 0xB3,
		0x02, 0x32, 0x4E, 0xB3, 0x55, 0xB3, 0x5C, 0xB3, // 0x57C0
		0x43, 0xDC, 0x23, 0x20, 0x23, 0x93, 0x21, 0xEC,
		0x02, 0x02, 0x23, 0xB3, 0x4C, 0xB3, 0x53, 0xB3, // 0x57D0
		0x5A, 0xB3, 0x43, 0xDC, 0x21, 0x20, 0x00, 0x32,
		0x25, 0x93, 0x7F, 0x2A, 0x48, 0x68, 0x25, 0xB3, // 0x57E0
		0x25, 0x93, 0x21, 0xEC, 0x64, 0x00, 0x25, 0xB3,
		0x25, 0x93, 0x41, 0x98, 0x41, 0xC4, 0x42, 0x20, // 0x57F0
		0x45, 0xB3, 0x45, 0x93, 0x42, 0xEC, 0x00, 0x63,
		0x45, 0xB3, 0xFE, 0x32, 0x2A, 0x93, 0x4F, 0x42, // 0x5800
		0x49, 0x68, 0x2A, 0xB3, 0xF0, 0x31, 0x0A, 0x93,
		0x2D, 0x41, 0x04, 0x6C, 0x0A, 0xB3, 0x11, 0x93, // 0x5810
		0x09, 0x68, 0x11, 0xB3, 0x11, 0x93, 0x04, 0x6C,
		0x11, 0xB3, 0x18, 0x93, 0x09, 0x68, 0x18, 0xB3, // 0x5820
		0x18, 0x93, 0x04, 0x6C, 0x18, 0xB3, 0x1F, 0x93,
		0x40, 0xC4, 0x42, 0x20, 0x5F, 0xB3, 0x04, 0x30, // 0x5830
		0x5F, 0x93, 0x48, 0x6C, 0x3F, 0xB3, 0xFA, 0x33,
		0x62, 0x43, 0xE2, 0xB5, 0x64, 0xB5, 0xFA, 0x33, // 0x5840
		0x63, 0x43, 0xE2, 0xB5, 0x63, 0xB5, 0x01, 0x33,
		0xE2, 0xB5, 0x01, 0x31, 0x65, 0xB5, 0x00, 0xE0, // 0x5850
		0x99, 0x0F, 0x10, 0x33, 0xFE, 0x32, 0x60, 0xB6,
		0x76, 0x11, 0xE2, 0xB5, 0x60, 0xB5, 0x06, 0x33, // 0x5860
		0xE2, 0xB5, 0x61, 0xB5, 0x4E, 0x42, 0x64, 0xD8,
		0x41, 0x20, 0xC8, 0x6C, 0x64, 0xDC, 0x41, 0x20, // 0x5870
		0x02, 0x31, 0x51, 0x11, 0x71, 0x11, 0x0E, 0x30,
		0x43, 0xB3, 0x00, 0xE0, 0x83, 0x0F, 0x80, 0x33, // 0x5880
		0x67, 0x43, 0x60, 0xB6, 0x64, 0x31, 0x0E, 0x11,
		0xFF, 0xE3, 0x38, 0xD6, 0x0D, 0x11, 0x0A, 0x31, // 0x5890
		0xFF, 0xE3, 0x34, 0xD6, 0x0C, 0x11, 0x00, 0xE8,
		0xDD, 0xFD, 0xA4, 0xD8, 0x74, 0x20, 0x40, 0x3D, // 0x58A0
		0x25, 0x0C, 0x00, 0x33, 0x57, 0x6C, 0x09, 0x11,
		0xA5, 0xE4, 0x02, 0x20, 0x64, 0xDC, 0x74, 0x20, // 0x58B0
		0xFF, 0xE3, 0x96, 0xD7, 0x40, 0x3D, 0x1A, 0x0C,
		0x05, 0x11, 0xFF, 0xE3, 0x91, 0xD7, 0x6D, 0x10, // 0x58C0
		0xE1, 0x32, 0x47, 0x42, 0x40, 0xB3, 0x40, 0x93,
		0x42, 0xEC, 0x00, 0x80, 0x40, 0xB3, 0x41, 0x11, // 0x58D0
		0x60, 0x92, 0x63, 0xEC, 0x08, 0x00, 0x60, 0xB2,
		0x7F, 0x10, 0x04, 0x32, 0x43, 0xB3, 0x80, 0xC1, // 0x58E0
		0x20, 0x70, 0x00, 0xC0, 0x20, 0x48, 0x80, 0xC1,
		0x20, 0x74, 0x02, 0x14, 0x94, 0x14, 0x00, 0x00, // 0x58F0
		0x00, 0x50, 0x01, 0x40, 0x00, 0x30, 0x01, 0x40,
		0x00, 0xE1, 0x00, 0xE0, 0x30, 0x00, 0x01, 0x50, // 0x5900
		0x00, 0x40, 0x01, 0x40, 0xFF, 0xE3, 0xFF, 0xFF,
		0x00, 0xF0, 0x01, 0x40, 0xFF, 0x00, 0xFF, 0xFF, // 0x5910
		0x00, 0x70, 0x00, 0x40, 0x0B, 0xDA, 0x10, 0x06,
		0x00, 0xD0, 0x01, 0x40, 0x5F, 0x58, 0x4E, 0x5F, // 0x5920
		0x0B, 0x00, 0x1E, 0x00, 0x1B, 0x00, 0x1E, 0x00,
		0x2B, 0x00, 0x1E, 0x00, 0x3B, 0x00, 0x1E, 0x00, // 0x5930
		0x5F, 0x43, 0x53, 0x5F, 0x2A, 0x4D, 0x00, 0x00,
		0xF0, 0x04, 0x00, 0x20, 0xA8, 0x23, 0x00, 0x00, // 0x5940
		0xB8, 0x66, 0x00, 0x00, 0x73, 0x7C, 0x00, 0x00,
		0x8D, 0x7C, 0x00, 0x00, 0x9C, 0x7C, 0x00, 0x00, // 0x5950
		0x00, 0x60, 0x01, 0x40, 0x00, 0xD0, 0x00, 0x40,
		0xD4, 0x14, 0x24, 0x14, 0x6F, 0x02, 0x43, 0xD8, // 0x5960
		0xD1, 0x00, 0x02, 0xEB, 0x63, 0x00, 0x05, 0x08,
		0x43, 0xD8, 0xC2, 0x00, 0x43, 0xDC, 0xD1, 0x00, // 0x5970
		0x93, 0x02, 0x44, 0xD8, 0x07, 0x40, 0x4B, 0x6C,
		0xDF, 0x3A, 0x42, 0xB8, 0x03, 0x0C, 0x00, 0x32, // 0x5980
		0x86, 0x60, 0x24, 0x3A, 0x04, 0x35, 0x01, 0x32,
		0x45, 0xC4, 0x20, 0x0C, 0x40, 0xB8, 0x59, 0x02, // 0x5990
		0x22, 0xD8, 0xBC, 0x42, 0x41, 0xB8, 0x20, 0x39,
		0x15, 0x08, 0x04, 0xD8, 0x68, 0x11, 0x44, 0xD8, // 0x59A0
		0x70, 0x11, 0x80, 0x64, 0x0A, 0x08, 0x41, 0x98,
		0x43, 0x92, 0x94, 0x68, 0x40, 0x3A, 0x0A, 0x08, // 0x59B0
		0x44, 0xD8, 0x71, 0x11, 0x80, 0x64, 0x06, 0x0C,
		0x00, 0x32, 0x43, 0xDC, 0xB4, 0x01, 0x04, 0x14, // 0x59C0
		0x94, 0x14, 0x05, 0x74, 0xC4, 0xD8, 0x75, 0x11,
		0x43, 0x6D, 0x04, 0xD8, 0x72, 0x11, 0x14, 0x60, // 0x59D0
		0x5B, 0x75, 0x03, 0x74, 0xE2, 0x8C, 0x15, 0x64,
		0x46, 0x84, 0x04, 0xDC, 0x72, 0x11, 0x04, 0x0C, // 0x59E0
		0xC4, 0xDC, 0x72, 0x11, 0x06, 0x04, 0xC4, 0xD8,
		0x76, 0x11, 0x5B, 0x75, 0x41, 0x65, 0xF9, 0x0B, // 0x59F0
		0xC4, 0xD8, 0x74, 0x11, 0x04, 0xD8, 0x72, 0x11,
		0x18, 0x7C, 0x45, 0x75, 0xC4, 0xD8, 0x73, 0x11, // 0x5A00
		0x58, 0x7D, 0x40, 0x61, 0x17, 0x74, 0xA1, 0x98,
		0x04, 0xDC, 0x77, 0x11, 0xA3, 0x95, 0xA5, 0xE4, // 0x5A10
		0x02, 0x20, 0x40, 0x3D, 0x62, 0x0C, 0xA1, 0x98,
		0xA3, 0x95, 0xA5, 0xE4, 0x04, 0x20, 0x40, 0x3D, // 0x5A20
		0xA4, 0xD8, 0x6A, 0x11, 0x55, 0x75, 0x29, 0x0C,
		0x05, 0xEB, 0x7C, 0x15, 0x6E, 0x0C, 0x00, 0x35, // 0x5A30
		0x0E, 0x2D, 0x45, 0x65, 0x6A, 0x0C, 0xBD, 0x13,
		0x41, 0x65, 0x67, 0x0C, 0xA4, 0xD8, 0x68, 0x11, // 0x5A40
		0x05, 0xEB, 0x50, 0x00, 0x12, 0x0C, 0x00, 0x8C,
		0xC0, 0x65, 0x5F, 0x0C, 0x03, 0xD8, 0xD1, 0x00, // 0x5A50
		0x80, 0x64, 0x05, 0x0C, 0x00, 0x30, 0x1E, 0x28,
		0x05, 0x64, 0x07, 0x08, 0x96, 0x30, 0x80, 0x64, // 0x5A60
		0x54, 0x0C, 0x05, 0xEB, 0xC8, 0x00, 0x51, 0x08,
		0x32, 0x32, 0x43, 0xDC, 0xD1, 0x00, 0xFF, 0xE3, // 0x5A70
		0xFF, 0xF7, 0x00, 0x33, 0x67, 0xA4, 0xA4, 0x07,
		0x05, 0xEB, 0x1F, 0x1C, 0x46, 0x08, 0x20, 0xEB, // 0x5A80
		0xE7, 0x03, 0x43, 0x08, 0x04, 0xD8, 0x68, 0x11,
		0x00, 0xEB, 0x2B, 0x01, 0x03, 0x0C, 0x2F, 0x39, // 0x5A90
		0x1E, 0x0C, 0xA1, 0x8C, 0x5C, 0x65, 0x0F, 0x0C,
		0x42, 0xEB, 0xFF, 0x00, 0x36, 0x08, 0x00, 0xEB, // 0x5AA0
		0xF3, 0x01, 0x07, 0x0C, 0x27, 0x39, 0x13, 0x0C,
		0x07, 0xEB, 0x4E, 0x01, 0x0A, 0x08, 0x2D, 0x04, // 0x5AB0
		0x3F, 0x39, 0xFA, 0x07, 0x07, 0xEB, 0x4E, 0x01,
		0x28, 0x0C, 0x42, 0xEB, 0xFF, 0x00, 0x25, 0x08, // 0x5AC0
		0x00, 0xEB, 0xC7, 0x00, 0x22, 0x0C, 0x21, 0xEB,
		0x2F, 0x00, 0x1F, 0x08, 0x64, 0x32, 0x43, 0xDC, // 0x5AD0
		0xD1, 0x00, 0xFF, 0xE3, 0x8F, 0xF7, 0xCE, 0x07,
		0x01, 0x98, 0x03, 0x90, 0x00, 0xE4, 0x04, 0x20, // 0x5AE0
		0x40, 0x38, 0x07, 0x0C, 0x03, 0xD8, 0xD4, 0x00,
		0x00, 0xE4, 0x02, 0x20, 0x40, 0x38, 0xC0, 0x0B, // 0x5AF0
		0x01, 0x98, 0x03, 0x90, 0x00, 0xE4, 0x04, 0x20,
		0x40, 0x38, 0x07, 0x08, 0x03, 0xD8, 0xD4, 0x00, // 0x5B00
		0x00, 0xE4, 0x02, 0x20, 0x40, 0x38, 0xE6, 0x0F,
		0x01, 0x98, 0x03, 0x90, 0x00, 0xE4, 0x00, 0x21, // 0x5B10
		0x40, 0x38, 0x56, 0x0B, 0x02, 0x98, 0xE3, 0xB8,
		0x20, 0x38, 0x8B, 0x6D, 0x62, 0x08, 0x03, 0xD8, // 0x5B20
		0x44, 0x20, 0x14, 0x38, 0x06, 0x08, 0x04, 0xD8,
		0x68, 0x11, 0x00, 0xEB, 0x2C, 0x01, 0x3B, 0x0C, // 0x5B30
		0x1F, 0x11, 0x80, 0x35, 0x03, 0x90, 0xB0, 0x45,
		0x14, 0x68, 0x40, 0x38, 0x34, 0x08, 0x61, 0x98, // 0x5B40
		0x6D, 0x2A, 0xE3, 0xD8, 0xB6, 0x02, 0x89, 0x74,
		0xDD, 0x74, 0x8C, 0x64, 0x02, 0x08, 0xCB, 0x6D, // 0x5B50
		0x18, 0x11, 0xDD, 0x75, 0x21, 0x8C, 0x00, 0x21,
		0x00, 0xE0, 0x34, 0x10, 0x83, 0x6C, 0xDF, 0x6C, // 0x5B60
		0x24, 0xD8, 0x68, 0x11, 0x14, 0x11, 0xFF, 0xE3,
		0x3B, 0xD6, 0x5C, 0x74, 0x00, 0x8C, 0xFF, 0xE3, // 0x5B70
		0x12, 0xF7, 0xFF, 0xE3, 0x25, 0xD8, 0x4E, 0x11,
		0x63, 0x92, 0xB7, 0x3B, 0x63, 0xB2, 0x67, 0x84, // 0x5B80
		0x40, 0x98, 0xCA, 0x60, 0x67, 0xA4, 0x6E, 0xD8,
		0x06, 0x10, 0x0D, 0x74, 0x58, 0x74, 0xFF, 0xE3, // 0x5B90
		0x02, 0xF7, 0x64, 0xD8, 0x07, 0x40, 0x40, 0x3B,
		0x13, 0x0F, 0x02, 0x31, 0x07, 0x11, 0xFF, 0xE3, // 0x5BA0
		0xAD, 0xD4, 0x0E, 0x07, 0x42, 0xEB, 0xFF, 0x00,
		0x13, 0x08, 0xA1, 0x8C, 0x5E, 0x65, 0x06, 0x08, // 0x5BB0
		0x00, 0x32, 0x23, 0xDC, 0xB4, 0x01, 0x47, 0xA4,
		0x03, 0x07, 0x00, 0x98, 0x1C, 0x60, 0x40, 0x65, // 0x5BC0
		0x05, 0xC4, 0x40, 0x0C, 0x03, 0xB8, 0x00, 0x32,
		0x43, 0xDC, 0xB4, 0x01, 0xD9, 0x07, 0xFF, 0x31, // 0x5BD0
		0x00, 0x98, 0x01, 0x59, 0x80, 0x64, 0xC0, 0x98,
		0x88, 0x61, 0xC1, 0xC4, 0x20, 0x0C, 0xF4, 0x07, // 0x5BE0
		0x02, 0x98, 0x40, 0x38, 0xEA, 0x0E, 0x00, 0x8C,
		0x1E, 0x64, 0x11, 0x08, 0x03, 0xD8, 0xD1, 0x00, // 0x5BF0
		0x0A, 0x64, 0xDF, 0x0F, 0x40, 0x98, 0x8A, 0x61,
		0x80, 0x65, 0xC0, 0xC4, 0x40, 0x0C, 0x00, 0x32, // 0x5C00
		0x43, 0xDC, 0xB4, 0x01, 0x60, 0x98, 0x42, 0x98,
		0xC8, 0x60, 0xBD, 0x07, 0x23, 0x98, 0x40, 0x98, // 0x5C10
		0xA9, 0x59, 0x40, 0x65, 0xA0, 0xC4, 0x40, 0x0C,
		0xA3, 0xB8, 0xF2, 0x07, 0x00, 0x00, 0x00, 0x20, // 0x5C20
		0x00, 0x02, 0x00, 0x20, 0x08, 0x02, 0x00, 0x20,
		0x19, 0xFC, 0xFF, 0xFF, 0x00, 0x30, 0x01, 0x40, // 0x5C30
		0xA0, 0x68, 0x06, 0x00, 0xA3, 0x79, 0x00, 0x00,
		0x68, 0x59, 0x00, 0x00, 0x40, 0x60, 0x42, 0x64, // 0x5C40
		0x02, 0x08, 0x3C, 0x78, 0x00, 0x33, 0x60, 0xA0,
		0x00, 0x20, 0xFA, 0x07, 0x73, 0x00, 0x40, 0x93, // 0x5C50
		0x80, 0x3A, 0x40, 0xB3, 0x40, 0x93, 0x81, 0x3A,
		0x40, 0xB3, 0x40, 0x93, 0x42, 0xEC, 0x01, 0x00, // 0x5C60
		0x40, 0xB3, 0x3C, 0x78, 0xC1, 0x14, 0x58, 0x00,
		0x38, 0x00, 0x40, 0x34, 0x67, 0x92, 0x06, 0x92, // 0x5C70
		0x0C, 0x64, 0x06, 0x0C, 0x0E, 0x64, 0xC3, 0x64,
		0x00, 0x23, 0x60, 0xB1, 0x81, 0x14, 0x02, 0x91, // 0x5C80
		0x10, 0x68, 0x40, 0x38, 0x08, 0x08, 0x02, 0x5B,
		0x07, 0xB2, 0xC8, 0x60, 0x63, 0xD8, 0x24, 0x00, // 0x5C90
		0x64, 0xB1, 0xED, 0x07, 0x01, 0x33, 0xF2, 0x07,
		0xD2, 0x14, 0x00, 0x33, 0x00, 0x34, 0x00, 0x32, // 0x5CA0
		0xA0, 0xE4, 0x27, 0x00, 0x00, 0x2A, 0x20, 0x88,
		0x01, 0x20, 0x84, 0x64, 0x41, 0xC4, 0x20, 0x0C, // 0x5CB0
		0x50, 0x64, 0x81, 0xC4, 0x20, 0x0C, 0x16, 0x64,
		0xC4, 0x60, 0xF6, 0x0B, 0x12, 0x31, 0x11, 0x5B, // 0x5CC0
		0x0A, 0x60, 0x00, 0xE0, 0x73, 0x10, 0x92, 0x14,
		0xC1, 0x14, 0x4F, 0x01, 0x42, 0xE4, 0xF3, 0x02, // 0x5CD0
		0x60, 0x92, 0x20, 0x93, 0x8E, 0x64, 0x11, 0x0C,
		0x0F, 0x2B, 0x83, 0x93, 0x12, 0x64, 0x0E, 0x08, // 0x5CE0
		0x41, 0x93, 0x20, 0x93, 0x4A, 0x60, 0x32, 0x32,
		0x01, 0xEB, 0x32, 0x00, 0x40, 0xB3, 0x86, 0x60, // 0x5CF0
		0x00, 0x31, 0x41, 0xC4, 0x40, 0x0C, 0x41, 0xB3,
		0x81, 0x14, 0xC7, 0x6C, 0x20, 0x91, 0xEB, 0x07, // 0x5D00
		0xD2, 0x14, 0x21, 0x14, 0x9E, 0x01, 0x43, 0x6D,
		0x64, 0xD8, 0xF0, 0x20, 0x40, 0x3B, 0x2F, 0x08, // 0x5D10
		0x80, 0x30, 0x04, 0x40, 0xFF, 0xE3, 0x94, 0xD8,
		0x08, 0x30, 0x00, 0xE0, 0x4C, 0x05, 0x10, 0x30, // 0x5D20
		0x00, 0xE0, 0x4F, 0x05, 0x80, 0x30, 0x0D, 0x40,
		0xFF, 0xE3, 0x41, 0xE1, 0x01, 0x33, 0x64, 0xDC, // 0x5D30
		0xF0, 0x20, 0x64, 0xD8, 0xBC, 0x20, 0x32, 0x33,
		0x66, 0xB4, 0x6A, 0x02, 0x43, 0xD8, 0x40, 0x20, // 0x5D40
		0x42, 0xEC, 0x00, 0x10, 0xA3, 0xDC, 0x90, 0x01,
		0x43, 0xDC, 0x40, 0x20, 0xFA, 0x33, 0x60, 0xB8, // 0x5D50
		0x60, 0x98, 0x43, 0x5B, 0x40, 0x3B, 0x40, 0xB8,
		0x0C, 0x08, 0x71, 0x02, 0x31, 0x02, 0x40, 0x93, // 0x5D60
		0x84, 0x68, 0x40, 0xB3, 0x32, 0x02, 0x43, 0x93,
		0x84, 0x68, 0x43, 0xB3, 0x01, 0x14, 0x92, 0x14, // 0x5D70
		0x03, 0x6C, 0xEF, 0x07, 0xD4, 0x14, 0xCE, 0xE5,
		0x1B, 0x12, 0x90, 0x32, 0x37, 0x02, 0x03, 0x18, // 0x5D80
		0x00, 0xE0, 0xA6, 0x0E, 0xC0, 0x32, 0x9D, 0x02,
		0x41, 0x42, 0x39, 0x02, 0x27, 0x18, 0x00, 0xE0, // 0x5D90
		0x9F, 0x0E, 0x64, 0xD8, 0x9F, 0x01, 0xA4, 0x03,
		0x6E, 0xDC, 0x08, 0x00, 0x64, 0xD8, 0x9E, 0x01, // 0x5DA0
		0x80, 0xB8, 0x6E, 0xDC, 0x09, 0x00, 0x64, 0xD8,
		0x9D, 0x01, 0x6E, 0xDC, 0x0A, 0x00, 0x64, 0xD8, // 0x5DB0
		0x9C, 0x01, 0x6E, 0xDC, 0x0B, 0x00, 0x03, 0xEA,
		0xF3, 0x01, 0xCE, 0x6C, 0x65, 0xDC, 0x5F, 0x11, // 0x5DC0
		0x64, 0xD8, 0xA8, 0x41, 0xDF, 0x3B, 0x3E, 0x0C,
		0xE4, 0xD8, 0xCD, 0x10, 0xC2, 0x98, 0x00, 0x33, // 0x5DD0
		0x03, 0x1A, 0x00, 0x8A, 0x4C, 0x74, 0xC2, 0x65,
		0x31, 0x08, 0x01, 0x92, 0x18, 0x68, 0x82, 0x92, // 0x5DE0
		0x02, 0x65, 0x2C, 0x08, 0x64, 0x43, 0x03, 0x1A,
		0xC8, 0x60, 0x66, 0x8B, 0x65, 0xDC, 0x5F, 0x11, // 0x5DF0
		0x45, 0xD8, 0x5F, 0x51, 0x13, 0x03, 0xDA, 0x03,
		0xFF, 0xE3, 0xF2, 0xD4, 0x01, 0x33, 0x66, 0xDC, // 0x5E00
		0x73, 0x11, 0x66, 0xDC, 0x74, 0x11, 0x00, 0x33,
		0x66, 0xDC, 0x72, 0x11, 0x03, 0xEA, 0xE7, 0x03, // 0x5E10
		0xCE, 0x6C, 0x66, 0xDC, 0x76, 0x11, 0xFA, 0x33,
		0x62, 0x43, 0x66, 0xDC, 0x75, 0x11, 0xE1, 0x33, // 0x5E20
		0x63, 0x43, 0x66, 0xDC, 0x70, 0x11, 0x66, 0xDC,
		0x71, 0x11, 0x60, 0x98, 0x63, 0xD8, 0x55, 0x10, // 0x5E30
		0x65, 0xDC, 0x50, 0x11, 0xCE, 0xE5, 0x1B, 0x02,
		0x94, 0x14, 0x00, 0x23, 0x49, 0x3B, 0x0F, 0x22, // 0x5E40
		0xC9, 0x0B, 0x60, 0x98, 0xC2, 0x98, 0x63, 0xD8,
		0xCD, 0x10, 0x61, 0xB8, 0x10, 0x37, 0x00, 0x33, // 0x5E50
		0x27, 0x1A, 0x00, 0x8A, 0x81, 0x98, 0x4C, 0x74,
		0x02, 0x65, 0x09, 0x08, 0x01, 0x92, 0x18, 0x68, // 0x5E60
		0x82, 0x92, 0x02, 0x65, 0x04, 0x08, 0x64, 0x43,
		0x27, 0x1A, 0xBF, 0x07, 0x00, 0x23, 0x58, 0x3B, // 0x5E70
		0x9C, 0x60, 0xF0, 0x0B, 0x18, 0x31, 0xBD, 0x07,
		0xD0, 0x14, 0x64, 0x13, 0x43, 0xD8, 0xF1, 0x20, // 0x5E80
		0x40, 0x3A, 0x22, 0x0C, 0x45, 0x93, 0x42, 0xE4,
		0x80, 0x20, 0x3E, 0x5B, 0x40, 0x3A, 0x1C, 0x08, // 0x5E90
		0x5F, 0x12, 0x03, 0xD8, 0x69, 0x11, 0x62, 0xD8,
		0x20, 0x10, 0xC0, 0x64, 0x15, 0x0C, 0x63, 0x91, // 0x5EA0
		0x63, 0xE4, 0x05, 0x20, 0x40, 0x3B, 0x10, 0x08,
		0x20, 0x13, 0x80, 0x30, 0x61, 0x91, 0x63, 0xEC, // 0x5EB0
		0x00, 0x80, 0x61, 0xB1, 0x00, 0x33, 0x62, 0xDC,
		0x8D, 0x01, 0x00, 0xE0, 0x82, 0x04, 0x3C, 0x12, // 0x5EC0
		0x1C, 0x12, 0xFF, 0xE3, 0x8D, 0xD4, 0x90, 0x14,
		0xD2, 0x14, 0x70, 0x12, 0x4F, 0x6D, 0x43, 0xD8, // 0x5ED0
		0xF2, 0x20, 0x40, 0x3A, 0x05, 0x0C, 0x00, 0x32,
		0x43, 0xDC, 0xF2, 0x20, 0x92, 0x14, 0x43, 0xD8, // 0x5EE0
		0xF3, 0x20, 0x40, 0x3A, 0x3A, 0x0C, 0x43, 0xD8,
		0xD0, 0x03, 0x93, 0x12, 0x45, 0x42, 0x90, 0x60, // 0x5EF0
		0x20, 0x92, 0x03, 0xD8, 0xF5, 0x20, 0x04, 0x68,
		0x40, 0x38, 0x09, 0x0C, 0x21, 0xE4, 0x10, 0x20, // 0x5F00
		0x40, 0x39, 0xED, 0x0F, 0x00, 0x32, 0x43, 0xDC,
		0xF3, 0x20, 0xE9, 0x07, 0x23, 0xD8, 0xD8, 0x03, // 0x5F10
		0x01, 0x39, 0x0B, 0x08, 0x00, 0x32, 0x00, 0x21,
		0x43, 0xDC, 0xF3, 0x20, 0x01, 0x32, 0x23, 0xDC, // 0x5F20
		0xD8, 0x03, 0x43, 0xDC, 0xF7, 0x20, 0xDB, 0x07,
		0x07, 0x92, 0xFF, 0xE3, 0x40, 0xE0, 0xFF, 0xE3, // 0x5F30
		0x5C, 0xDE, 0x65, 0xD8, 0xD0, 0x03, 0x65, 0x43,
		0xD0, 0x60, 0x64, 0x93, 0x40, 0x3B, 0x02, 0x0C, // 0x5F40
		0xCD, 0x7B, 0x65, 0xD8, 0xD0, 0x03, 0x65, 0x43,
		0x0C, 0x61, 0x41, 0x94, 0x38, 0x11, 0x7B, 0x11, // 0x5F50
		0x1B, 0x11, 0xFF, 0xE3, 0x45, 0xD4, 0xC3, 0x07,
		0x07, 0x23, 0x63, 0x93, 0x63, 0xE4, 0x00, 0x28, // 0x5F60
		0x40, 0x3B, 0xBD, 0x0F, 0x80, 0x30, 0x03, 0x40,
		0xFF, 0xE3, 0x21, 0xE0, 0x15, 0x11, 0xFF, 0xE3, // 0x5F70
		0x37, 0xD4, 0xB5, 0x07, 0xD4, 0x14, 0x36, 0x14,
		0x10, 0x32, 0x33, 0x11, 0x43, 0x6D, 0x04, 0x18, // 0x5F80
		0x00, 0xE0, 0xA6, 0x0D, 0x10, 0x32, 0x31, 0x11,
		0x3B, 0x6C, 0x00, 0xE0, 0xA1, 0x0D, 0x20, 0x32, // 0x5F90
		0x2F, 0x11, 0x0E, 0x18, 0x00, 0xE0, 0x9C, 0x0D,
		0x16, 0x32, 0x2E, 0x11, 0x08, 0x18, 0x00, 0xE0, // 0x5FA0
		0x97, 0x0D, 0x1A, 0x10, 0x80, 0x32, 0xDE, 0x58,
		0x63, 0x96, 0x4E, 0x42, 0xC8, 0x68, 0x40, 0x3B, // 0x5FB0
		0x1D, 0x0C, 0x60, 0xD8, 0x6A, 0x11, 0x03, 0xEB,
		0xE0, 0x2E, 0x52, 0x08, 0x10, 0x32, 0x0E, 0x1B, // 0x5FC0
		0x00, 0x34, 0x23, 0x5A, 0x51, 0x64, 0x41, 0x44,
		0x50, 0x08, 0x80, 0x31, 0xC8, 0x60, 0x2E, 0x41, // 0x5FD0
		0x43, 0x96, 0x84, 0x68, 0x60, 0x8B, 0x40, 0x3A,
		0x4F, 0x08, 0x97, 0x6C, 0x53, 0x6C, 0x1E, 0x10, // 0x5FE0
		0xFF, 0xE3, 0xFE, 0xD3, 0x13, 0x6C, 0x16, 0x14,
		0x94, 0x14, 0x69, 0x10, 0x08, 0x32, 0x63, 0xD8, // 0x5FF0
		0x45, 0x20, 0x63, 0xE4, 0x10, 0x20, 0x40, 0x3B,
		0x30, 0x04, 0x00, 0x00, 0x00, 0x10, 0x01, 0x40, // 0x6000
		0x08, 0x02, 0x00, 0x20, 0x00, 0xC0, 0x01, 0x40,
		0x00, 0x02, 0x00, 0x20, 0x00, 0x00, 0x00, 0x20, // 0x6010
		0x00, 0x30, 0x01, 0x40, 0xDB, 0xAE, 0xFF, 0xFF,
		0xBF, 0xEF, 0xFF, 0xF7, 0x00, 0x69, 0x00, 0x00, // 0x6020
		0x90, 0x69, 0x00, 0x00, 0xBB, 0x79, 0x00, 0x00,
		0x00, 0x40, 0x01, 0x40, 0x10, 0x6B, 0x00, 0x00, // 0x6030
		0xCB, 0x79, 0x00, 0x00, 0x18, 0x6B, 0x00, 0x00,
		0xE7, 0x79, 0x00, 0x00, 0x89, 0x75, 0x00, 0x00, // 0x6040
		0xEF, 0x79, 0x00, 0x00, 0xF8, 0x6B, 0x00, 0x00,
		0x08, 0x6C, 0x00, 0x00, 0x18, 0x6C, 0x00, 0x00, // 0x6050
		0x38, 0x6C, 0x00, 0x00, 0xFE, 0x79, 0x00, 0x00,
		0x06, 0x08, 0x04, 0x1B, 0xB2, 0x07, 0x0B, 0x32, // 0x6060
		0x08, 0x1B, 0xAF, 0x07, 0xFB, 0x6C, 0xAD, 0x07,
		0xE8, 0x5B, 0xE0, 0x8F, 0x5C, 0x65, 0xAE, 0x0B, // 0x6070
		0x00, 0x24, 0x10, 0x75, 0xA8, 0x07, 0x40, 0xD8,
		0x6A, 0x11, 0x02, 0xEB, 0xE0, 0x2E, 0xAE, 0x0F, // 0x6080
		0x52, 0x5C, 0x0B, 0x6D, 0x88, 0x74, 0x0F, 0x3A,
		0x02, 0x0C, 0x0F, 0x34, 0x10, 0x75, 0xA6, 0x07, // 0x6090
		0x3C, 0x78, 0x3C, 0x78, 0x3C, 0x78, 0x3C, 0x78,
		0x3C, 0x78, 0x3C, 0x78, 0x3C, 0x78, 0x3C, 0x78, // 0x60A0
		0x3C, 0x78, 0x3C, 0x78, 0x3C, 0x78, 0x3C, 0x78,
		0x3C, 0x78, 0x79, 0x00, 0x45, 0x80, 0x43, 0xDC, // 0x60B0
		0xB5, 0x01, 0x3C, 0x78, 0xD0, 0x14, 0x61, 0x88,
		0x40, 0x3B, 0x1E, 0x0C, 0x7D, 0x00, 0x3E, 0x00, // 0x60C0
		0x43, 0xD8, 0xB0, 0x02, 0x88, 0x74, 0x43, 0xDC,
		0xB1, 0x02, 0x45, 0x80, 0x47, 0x3A, 0x41, 0xDC, // 0x60D0
		0x90, 0x01, 0x8F, 0x6C, 0x12, 0x08, 0x23, 0xD8,
		0xB0, 0x02, 0x48, 0x39, 0x0E, 0x08, 0x05, 0x32, // 0x60E0
		0x16, 0x30, 0x43, 0xDC, 0xB0, 0x02, 0x46, 0x01,
		0x43, 0xDC, 0x8D, 0x20, 0xFF, 0xE3, 0x08, 0xF6, // 0x60F0
		0x1A, 0x30, 0x00, 0xE0, 0xE9, 0x02, 0x90, 0x14,
		0x64, 0x92, 0x63, 0xEC, 0x01, 0x00, 0x64, 0xB2, // 0x6100
		0x0A, 0x33, 0x62, 0xDC, 0xB0, 0x02, 0xF5, 0x07,
		0xD1, 0x14, 0x6E, 0x01, 0x31, 0x01, 0x60, 0x93, // 0x6110
		0x61, 0xDC, 0xB1, 0x20, 0x61, 0x88, 0x40, 0x3B,
		0x28, 0x0C, 0x55, 0x01, 0x85, 0x80, 0x62, 0xD8, // 0x6120
		0xB2, 0x01, 0xFA, 0x30, 0x61, 0x4B, 0x02, 0x40,
		0xC0, 0x7C, 0xD0, 0x7C, 0x67, 0x4B, 0x62, 0xDC, // 0x6130
		0xB8, 0x10, 0x63, 0x91, 0x63, 0xE4, 0x00, 0x21,
		0x82, 0xDC, 0xDB, 0x10, 0x40, 0x3B, 0x0B, 0x6D, // 0x6140
		0x0A, 0x08, 0x63, 0x91, 0x63, 0xE4, 0x80, 0x20,
		0x40, 0x3B, 0x05, 0x0C, 0x00, 0x31, 0x1E, 0x01, // 0x6150
		0xFF, 0xE3, 0xD4, 0xD1, 0x7F, 0x01, 0xFA, 0x31,
		0x01, 0x8B, 0x60, 0x8B, 0x0C, 0x7C, 0x22, 0x41, // 0x6160
		0x00, 0xE0, 0x30, 0x0D, 0x04, 0xDC, 0xB9, 0x10,
		0x91, 0x14, 0xD3, 0x14, 0x89, 0x02, 0x83, 0x6D, // 0x6170
		0x64, 0xD8, 0xB1, 0x02, 0x45, 0x3B, 0x05, 0x0C,
		0x64, 0xD8, 0xB1, 0x02, 0x47, 0x3B, 0x21, 0x08, // 0x6180
		0x80, 0x30, 0x64, 0xD8, 0xB0, 0x02, 0x07, 0x40,
		0xCC, 0x74, 0x64, 0xDC, 0xB1, 0x02, 0x00, 0xE0, // 0x6190
		0xA8, 0x02, 0x80, 0x30, 0x08, 0x40, 0x00, 0xE0,
		0xAC, 0x02, 0x80, 0x30, 0x09, 0x40, 0xFF, 0xE3, // 0x61A0
		0x06, 0xDF, 0x77, 0x02, 0x43, 0xD8, 0xCD, 0x10,
		0x42, 0xEB, 0x24, 0x00, 0x0A, 0x08, 0x63, 0xD8, // 0x61B0
		0x99, 0x01, 0x63, 0xE4, 0x0F, 0x20, 0x40, 0x3B,
		0x04, 0x0C, 0x77, 0x02, 0xEE, 0x32, 0x40, 0xAB, // 0x61C0
		0x00, 0xEA, 0xDC, 0x05, 0xFF, 0xE3, 0x9C, 0xF5,
		0x7E, 0x02, 0x60, 0x93, 0x64, 0xDC, 0xB0, 0x20, // 0x61D0
		0x61, 0x8E, 0x40, 0x3B, 0x38, 0x0C, 0xA4, 0x03,
		0x19, 0x31, 0x1E, 0x02, 0x65, 0xD8, 0x44, 0x20, // 0x61E0
		0x00, 0x23, 0x65, 0xDC, 0x44, 0x20, 0xFF, 0xE3,
		0x89, 0xD1, 0x66, 0xD8, 0x05, 0x40, 0x4F, 0x6C, // 0x61F0
		0xDF, 0x3B, 0x64, 0xDC, 0xBC, 0x02, 0x17, 0x6D,
		0x03, 0x0C, 0x00, 0x31, 0x4E, 0x60, 0xA6, 0x03, // 0x6200
		0x41, 0x51, 0x05, 0xD8, 0x00, 0x40, 0x03, 0xC4,
		0x46, 0x24, 0x88, 0x74, 0xDF, 0x3E, 0x09, 0x0C, // 0x6210
		0x0C, 0x60, 0x23, 0x38, 0x06, 0x0C, 0x0B, 0x6C,
		0x21, 0x39, 0x41, 0x4A, 0x40, 0xC4, 0x40, 0x0C, // 0x6220
		0x40, 0x3A, 0x60, 0xA5, 0x23, 0x0C, 0x03, 0x3A,
		0x0F, 0x08, 0xDF, 0x3B, 0x01, 0x33, 0x00, 0x32, // 0x6230
		0x00, 0x2A, 0x62, 0xC4, 0x40, 0x0C, 0x56, 0x03,
		0x24, 0xD8, 0xA1, 0x01, 0x15, 0x03, 0x67, 0xA2, // 0x6240
		0xFF, 0xE3, 0x5C, 0xD1, 0x93, 0x14, 0x0F, 0x3A,
		0x0A, 0x0C, 0xDF, 0x3B, 0xF5, 0x0B, 0x1F, 0x3A, // 0x6250
		0x20, 0x33, 0x02, 0x08, 0xCB, 0x6C, 0x8C, 0x74,
		0x61, 0x4A, 0xEE, 0x07, 0xDF, 0x3B, 0xFD, 0x0F, // 0x6260
		0x41, 0x4A, 0x00, 0x33, 0xCA, 0x60, 0xCE, 0x74,
		0xE7, 0x07, 0x00, 0x33, 0xE5, 0x07, 0xD0, 0x14, // 0x6270
		0x80, 0x30, 0x04, 0x40, 0x00, 0xE0, 0x35, 0x02,
		0x90, 0x14, 0xD4, 0x14, 0x2D, 0x14, 0x96, 0x13, // 0x6280
		0xFA, 0x31, 0x60, 0x8C, 0x01, 0x8C, 0x0C, 0x7C,
		0x22, 0x41, 0xCF, 0x13, 0x00, 0xE0, 0x9A, 0x0C, // 0x6290
		0xAC, 0x13, 0x66, 0xD8, 0x5F, 0x51, 0xEC, 0x58,
		0xDD, 0x74, 0x45, 0xD8, 0xB8, 0x10, 0x65, 0xB8, // 0x62A0
		0x49, 0x5B, 0x32, 0x13, 0xCB, 0x74, 0x18, 0x32,
		0x64, 0xB8, 0x07, 0x18, 0x00, 0xE0, 0x10, 0x0C, // 0x62B0
		0x22, 0x8C, 0x65, 0x98, 0x00, 0x34, 0x07, 0x1A,
		0x01, 0x8A, 0x0C, 0x64, 0x04, 0x08, 0x00, 0x8A, // 0x62C0
		0x04, 0x64, 0x06, 0x0C, 0x00, 0x24, 0x10, 0x75,
		0x03, 0x22, 0x45, 0x3C, 0xF6, 0x0B, 0x44, 0xE4, // 0x62D0
		0x71, 0x00, 0x61, 0x42, 0xD4, 0x60, 0x60, 0x8B,
		0x24, 0x98, 0x85, 0xDC, 0xE0, 0x00, 0x4D, 0x64, // 0x62E0
		0x60, 0x13, 0x3A, 0x0C, 0x21, 0x83, 0x00, 0x21,
		0x21, 0xA3, 0x05, 0xD8, 0xE1, 0x00, 0x21, 0x83, // 0x62F0
		0x40, 0x64, 0x1D, 0x08, 0x46, 0xB8, 0x00, 0x32,
		0x65, 0xB8, 0x41, 0xA3, 0x0B, 0x30, 0x0A, 0x33, // 0x6300
		0x66, 0xDC, 0xB0, 0x02, 0x00, 0xE0, 0xE0, 0x01,
		0x80, 0x30, 0x04, 0x40, 0x00, 0xE0, 0xF1, 0x01, // 0x6310
		0x01, 0xEA, 0xB8, 0x0B, 0x16, 0x12, 0xFF, 0xE3,
		0xF1, 0xD0, 0x80, 0x30, 0x0A, 0x40, 0xFF, 0xE3, // 0x6320
		0x46, 0xDE, 0x14, 0x12, 0xFF, 0xE3, 0x5C, 0xD2,
		0x46, 0x98, 0x65, 0x98, 0x61, 0x83, 0x63, 0xB8, // 0x6330
		0x41, 0x42, 0x94, 0x60, 0x60, 0x8A, 0x26, 0xD8,
		0x5F, 0x51, 0x62, 0xB8, 0x64, 0x98, 0x9F, 0x6C, // 0x6340
		0x61, 0xB8, 0x65, 0xD8, 0xB8, 0x10, 0x0C, 0x12,
		0x60, 0xB8, 0xC7, 0x6C, 0x53, 0x6C, 0xFF, 0xE3, // 0x6350
		0x47, 0xD2, 0x0D, 0x14, 0x94, 0x14, 0x00, 0x31,
		0xC8, 0x07, 0xC2, 0x14, 0x5A, 0x11, 0x00, 0x34, // 0x6360
		0x65, 0x92, 0x13, 0x22, 0x20, 0x93, 0x8E, 0x64,
		0x04, 0x08, 0xD3, 0x6C, 0x0F, 0x6C, 0x82, 0x14, // 0x6370
		0x23, 0x2B, 0xA4, 0x83, 0x16, 0x64, 0x05, 0x08,
		0x81, 0x8B, 0x40, 0x3C, 0xF8, 0x0B, 0x0F, 0x6D, // 0x6380
		0xC7, 0x6C, 0x20, 0x91, 0xF1, 0x07, 0xD2, 0x14,
		0x71, 0x30, 0x8F, 0x11, 0xFF, 0xE3, 0xE7, 0xFF, // 0x6390
		0x40, 0x38, 0x2A, 0x0C, 0xAE, 0x58, 0x08, 0x32,
		0x57, 0x6C, 0x18, 0x11, 0xFF, 0xE3, 0x95, 0xD5, // 0x63A0
		0x48, 0x11, 0x62, 0xD8, 0xCD, 0x10, 0x28, 0x43,
		0x68, 0x4B, 0xC4, 0x6C, 0x62, 0xDC, 0xCD, 0x10, // 0x63B0
		0x64, 0xD8, 0xB0, 0x02, 0xCC, 0x74, 0x64, 0xDC,
		0xB1, 0x02, 0x62, 0xD8, 0x9C, 0x41, 0xDF, 0x3B, // 0x63C0
		0x0E, 0x0C, 0x04, 0x33, 0x64, 0xDC, 0xB0, 0x02,
		0x6D, 0x11, 0x16, 0x30, 0x64, 0xDC, 0x8D, 0x20, // 0x63D0
		0xFF, 0xE3, 0x96, 0xF4, 0x17, 0x6C, 0xFF, 0xE3,
		0xFB, 0xF5, 0x92, 0x14, 0x05, 0x33, 0x64, 0xDC, // 0x63E0
		0xB0, 0x02, 0x7A, 0x10, 0xF3, 0x07, 0x64, 0x94,
		0x63, 0xEC, 0x08, 0x00, 0x64, 0xB4, 0x0F, 0x30, // 0x63F0
		0x0A, 0x33, 0x64, 0xDC, 0xB0, 0x02, 0x00, 0xE0,
		0x67, 0x01, 0xF0, 0x07, 0xD3, 0x14, 0x01, 0x30, // 0x6400
		0x91, 0x10, 0xFF, 0xE3, 0xAC, 0xFF, 0x74, 0x10,
		0x43, 0x6D, 0x40, 0x8B, 0x64, 0xD8, 0x52, 0x11, // 0x6410
		0x93, 0x6D, 0x8C, 0x64, 0x0B, 0x08, 0x64, 0x94,
		0xB4, 0x3B, 0x64, 0xB4, 0x02, 0x30, 0x0A, 0x33, // 0x6420
		0x64, 0xDC, 0xB0, 0x02, 0x00, 0xE0, 0x50, 0x01,
		0x93, 0x14, 0x40, 0x38, 0x3C, 0x0C, 0x45, 0x80, // 0x6430
		0x64, 0x10, 0x16, 0x30, 0x43, 0xDC, 0xA0, 0x01,
		0x64, 0xD8, 0xB0, 0x02, 0xCC, 0x74, 0x21, 0x04, // 0x6440
		0x00, 0x00, 0x00, 0x20, 0x08, 0x02, 0x00, 0x20,
		0xB2, 0x24, 0x00, 0x00, 0xF0, 0x04, 0x00, 0x20, // 0x6450
		0x8A, 0x62, 0x00, 0x00, 0xD0, 0x04, 0x00, 0x20,
		0x00, 0x02, 0x00, 0x20, 0x4C, 0x23, 0x00, 0x00, // 0x6460
		0x9C, 0x0C, 0x00, 0x20, 0x68, 0x59, 0x00, 0x00,
		0xEE, 0x7E, 0x00, 0x00, 0x7E, 0x62, 0x00, 0x00, // 0x6470
		0xA4, 0x7C, 0x00, 0x00, 0xB5, 0x7C, 0x00, 0x00,
		0x98, 0x01, 0x00, 0x20, 0x70, 0x24, 0x00, 0x00, // 0x6480
		0x64, 0xDC, 0xB1, 0x02, 0x03, 0x33, 0x64, 0xDC,
		0xB0, 0x02, 0xFF, 0xE3, 0x39, 0xF4, 0x0E, 0x5D, // 0x6490
		0xFF, 0xE3, 0x9E, 0xF5, 0x80, 0x30, 0x73, 0x11,
		0x07, 0x40, 0x64, 0xDC, 0x8D, 0x20, 0xFF, 0xE3, // 0x64A0
		0x86, 0xDD, 0xC3, 0x07, 0x02, 0x30, 0xFF, 0xE3,
		0x5A, 0xFF, 0x40, 0x38, 0x07, 0x0C, 0xFF, 0xE3, // 0x64B0
		0x03, 0xFE, 0x0A, 0x33, 0x66, 0xDC, 0xB0, 0x02,
		0xB8, 0x07, 0x64, 0x94, 0x0E, 0x30, 0x63, 0xEC, // 0x64C0
		0x04, 0x00, 0x64, 0xB4, 0x00, 0xE0, 0x00, 0x01,
		0xF5, 0x07, 0xD3, 0x14, 0xA6, 0x11, 0x87, 0x11, // 0x64D0
		0xDA, 0x8D, 0x1B, 0x6C, 0xFF, 0xE3, 0x7E, 0xD3,
		0xB2, 0x8D, 0xC4, 0xDC, 0x25, 0x10, 0x64, 0x31, // 0x64E0
		0x17, 0x6C, 0x00, 0xE0, 0x63, 0x0C, 0x3F, 0x33,
		0x00, 0xEB, 0x3F, 0x00, 0x03, 0xC4, 0x40, 0x0C, // 0x64F0
		0x7F, 0x10, 0x02, 0x31, 0x02, 0xB3, 0xA4, 0xDC,
		0x24, 0x10, 0x1E, 0x10, 0x44, 0x93, 0x42, 0xEC, // 0x6500
		0xB9, 0x00, 0x44, 0xB3, 0xFF, 0xE3, 0xFA, 0xCF,
		0xFF, 0xE3, 0xA2, 0xFB, 0x0A, 0x31, 0x1A, 0x10, // 0x6510
		0xFF, 0xE3, 0xF4, 0xCF, 0x93, 0x14, 0xD0, 0x14,
		0x18, 0x10, 0xFF, 0xE3, 0x61, 0xD1, 0x80, 0xC0, // 0x6520
		0x20, 0x70, 0x77, 0x10, 0x57, 0x10, 0x42, 0xB3,
		0x00, 0x32, 0x41, 0xB3, 0x76, 0x10, 0x10, 0x32, // 0x6530
		0x43, 0xDC, 0x20, 0x20, 0x00, 0x04, 0xC3, 0x14,
		0x2C, 0x10, 0x74, 0x10, 0x01, 0x91, 0xA2, 0x91, // 0x6540
		0xC0, 0x93, 0x90, 0x48, 0x70, 0x45, 0xD0, 0x6C,
		0x50, 0x40, 0x19, 0x75, 0x00, 0x35, 0x90, 0x6C, // 0x6550
		0xD4, 0x6C, 0x41, 0xB1, 0x62, 0xB1, 0x64, 0x10,
		0x43, 0xDC, 0x46, 0x20, 0x83, 0x14, 0x00, 0x00, // 0x6560
		0x96, 0x63, 0x00, 0x00, 0x00, 0x00, 0x00, 0x20,
		0x08, 0x02, 0x00, 0x20, 0x00, 0x30, 0x01, 0x40, // 0x6570
		0xD8, 0x67, 0x00, 0x00, 0x0C, 0x67, 0x00, 0x00,
		0xF4, 0x7C, 0x00, 0x00, 0x00, 0x70, 0x00, 0x40, // 0x6580
		0x5F, 0x58, 0x4E, 0x5F, 0x00, 0xE1, 0x00, 0xE0,
		0x00, 0xE0, 0x00, 0x40, 0x3C, 0x78, 0xD3, 0x14, // 0x6590
		0x23, 0x14, 0x88, 0x02, 0x00, 0x84, 0x11, 0x38,
		0x33, 0x08, 0x00, 0xE0, 0xAF, 0x0C, 0x09, 0x0F, // 0x65A0
		0x32, 0x29, 0x3B, 0x44, 0x48, 0x4E, 0x54, 0x5A,
		0x5F, 0x6D, 0x71, 0x75, 0x79, 0x7D, 0x29, 0x81, // 0x65B0
		0x6F, 0x02, 0x0E, 0x02, 0x28, 0x83, 0xFF, 0xE3,
		0x13, 0xD1, 0x1B, 0x04, 0xB2, 0x02, 0x06, 0x85, // 0x65C0
		0x00, 0xE4, 0x0F, 0x20, 0xC0, 0x85, 0x04, 0x40,
		0xC6, 0x4E, 0x18, 0x60, 0x02, 0xB8, 0x02, 0x85, // 0x65D0
		0x00, 0xE4, 0x3F, 0x20, 0x01, 0xB8, 0x01, 0x8D,
		0x15, 0x40, 0x21, 0x85, 0x1B, 0x48, 0x63, 0x85, // 0x65E0
		0x41, 0xE4, 0x0F, 0x20, 0x00, 0xB8, 0x63, 0x4B,
		0x24, 0x49, 0x1B, 0x02, 0xFF, 0xE3, 0xF8, 0xD0, // 0x65F0
		0x00, 0x31, 0x1C, 0x02, 0x60, 0x84, 0x00, 0x23,
		0x60, 0xA4, 0xFF, 0xE3, 0x7F, 0xCF, 0x03, 0x14, // 0x6600
		0x93, 0x14, 0x23, 0x03, 0x00, 0x03, 0x65, 0x81,
		0x44, 0x81, 0x27, 0x81, 0x23, 0x49, 0xFF, 0xE3, // 0x6610
		0xE7, 0xD0, 0xEF, 0x07, 0x68, 0x03, 0x03, 0x03,
		0x43, 0xD8, 0x25, 0x00, 0x23, 0xD8, 0x24, 0x00, // 0x6620
		0xFF, 0xE3, 0xDE, 0xD0, 0xE6, 0x07, 0x6C, 0x03,
		0x07, 0x03, 0x33, 0x8B, 0xC5, 0x07, 0x2E, 0x03, // 0x6630
		0x08, 0x03, 0x7C, 0x89, 0x57, 0x89, 0x36, 0x89,
		0xEB, 0x07, 0x71, 0x03, 0x0A, 0x03, 0x59, 0x8B, // 0x6640
		0x23, 0xD8, 0x18, 0x50, 0xEE, 0x07, 0x74, 0x03,
		0x0C, 0x03, 0x5B, 0x8B, 0x23, 0xD8, 0x1A, 0x50, // 0x6650
		0xE8, 0x07, 0x77, 0x03, 0x0E, 0x03, 0x23, 0xD8,
		0x24, 0x10, 0xAE, 0x07, 0x1A, 0x03, 0x60, 0xD8, // 0x6660
		0x21, 0x10, 0x40, 0xD8, 0x45, 0x00, 0x20, 0xD8,
		0x44, 0x00, 0x00, 0xD8, 0x46, 0x00, 0x00, 0xB8, // 0x6670
		0x14, 0x03, 0xFF, 0xE3, 0xB5, 0xD0, 0xBD, 0x07,
		0x75, 0x03, 0x14, 0x03, 0x20, 0x93, 0x9C, 0x07, // 0x6680
		0x77, 0x03, 0x15, 0x03, 0x21, 0x93, 0x98, 0x07,
		0x79, 0x03, 0x16, 0x03, 0x22, 0x93, 0x94, 0x07, // 0x6690
		0x7B, 0x03, 0x17, 0x03, 0x23, 0x93, 0x90, 0x07,
		0x7D, 0x03, 0x18, 0x03, 0x28, 0x8B, 0x8C, 0x07, // 0x66A0
		0x7F, 0x03, 0x19, 0x03, 0x27, 0x93, 0x88, 0x07,
		0xD0, 0x14, 0x80, 0x30, 0x01, 0x40, 0xFF, 0xE3, // 0x66B0
		0x7E, 0xDC, 0x90, 0x14, 0xD0, 0x14, 0xFF, 0xE3,
		0x0A, 0xFF, 0x80, 0x30, 0x0B, 0x40, 0xFF, 0xE3, // 0x66C0
		0x76, 0xDC, 0x90, 0x14, 0xD0, 0x14, 0x77, 0x13,
		0x43, 0x6C, 0x03, 0xDC, 0x91, 0x01, 0x1C, 0x13, // 0x66D0
		0xFF, 0xE3, 0x86, 0xD0, 0x80, 0x30, 0x12, 0x40,
		0xFF, 0xE3, 0x69, 0xDC, 0x90, 0x14, 0x71, 0x13, // 0x66E0
		0x43, 0xD8, 0x45, 0x20, 0x02, 0xC4, 0x40, 0x20,
		0x03, 0xDC, 0x45, 0x20, 0x3C, 0x78, 0x4D, 0x13, // 0x66F0
		0x62, 0xD8, 0x45, 0x20, 0x0C, 0x6C, 0x02, 0xDC,
		0x45, 0x20, 0x3C, 0x78, 0xD4, 0x14, 0x21, 0x14, // 0x6700
		0x70, 0x13, 0x91, 0x13, 0xB1, 0x13, 0x60, 0x93,
		0x63, 0xE4, 0x40, 0x20, 0x40, 0x3B, 0x60, 0x94, // 0x6710
		0x0A, 0x0C, 0x65, 0xDC, 0x22, 0x20, 0xFF, 0xE3,
		0x9B, 0xFA, 0x0A, 0x31, 0x0C, 0x13, 0xFF, 0xE3, // 0x6720
		0xED, 0xCE, 0x43, 0x04, 0x45, 0xD8, 0x22, 0x20,
		0xCA, 0x60, 0x03, 0xEB, 0x64, 0x00, 0xF6, 0x0F, // 0x6730
		0x08, 0x13, 0x20, 0x94, 0x4A, 0x60, 0xFF, 0xE3,
		0x53, 0xD0, 0x01, 0x30, 0xFF, 0xE3, 0xD9, 0xFF, // 0x6740
		0x80, 0x30, 0x01, 0x40, 0xFF, 0xE3, 0xCD, 0xFF,
		0x00, 0x31, 0x08, 0x30, 0xFF, 0xE3, 0xB1, 0xD2, // 0x6750
		0x02, 0x30, 0xFF, 0xE3, 0xB9, 0xFF, 0x80, 0x30,
		0x01, 0x40, 0xFF, 0xE3, 0x28, 0xDC, 0x61, 0x94, // 0x6760
		0xD1, 0x95, 0x40, 0x93, 0x0E, 0x5C, 0x0E, 0x64,
		0x0F, 0x0C, 0x23, 0xE4, 0x0F, 0x10, 0xE3, 0x91, // 0x6770
		0xDA, 0x65, 0x1D, 0x08, 0x41, 0x93, 0x00, 0x93,
		0x41, 0xB0, 0x00, 0xB2, 0x00, 0x32, 0x40, 0xB3, // 0x6780
		0x41, 0xB3, 0x00, 0x33, 0x63, 0xB1, 0x74, 0x12,
		0x00, 0x31, 0x14, 0x12, 0x71, 0xB5, 0x63, 0xB4, // 0x6790
		0xFF, 0xE3, 0xB4, 0xCE, 0x60, 0x94, 0x60, 0xB8,
		0x60, 0x94, 0x40, 0x98, 0xCA, 0x60, 0x09, 0x3B, // 0x67A0
		0xFC, 0x0F, 0x00, 0x30, 0xFF, 0xE3, 0xFE, 0xD1,
		0x01, 0x14, 0x94, 0x14, 0xCB, 0x6C, 0x40, 0x92, // 0x67B0
		0xDB, 0x07, 0x66, 0x12, 0x43, 0x93, 0x02, 0xC4,
		0x40, 0x20, 0x03, 0xB3, 0x3C, 0x78, 0x43, 0x12, // 0x67C0
		0x63, 0x92, 0x0C, 0x6C, 0x03, 0xB2, 0x3C, 0x78,
		0xD2, 0x14, 0x80, 0x12, 0x08, 0x32, 0x63, 0x94, // 0x67D0
		0xC8, 0x68, 0x40, 0x3B, 0x29, 0x08, 0x63, 0x94,
		0x63, 0xE4, 0x05, 0x20, 0x40, 0x3B, 0x10, 0x08, // 0x67E0
		0x70, 0x11, 0x63, 0xD8, 0x45, 0x20, 0x8C, 0x68,
		0x40, 0x3A, 0x11, 0x08, 0x63, 0xE4, 0x10, 0x20, // 0x67F0
		0x40, 0x3B, 0x06, 0x0C, 0x7A, 0x11, 0x61, 0x8B,
		0x03, 0xEB, 0x04, 0x29, 0x08, 0x08, 0x01, 0x31, // 0x6800
		0x18, 0x11, 0xFF, 0xE3, 0x7B, 0xCE, 0x32, 0x04,
		0x02, 0x31, 0xFB, 0x07, 0xFF, 0xE3, 0xD8, 0xD1, // 0x6810
		0x73, 0x11, 0x15, 0x11, 0x21, 0x8B, 0xFF, 0xE3,
		0xE3, 0xCF, 0x10, 0x30, 0xFF, 0xE3, 0xCB, 0xFF, // 0x6820
		0x08, 0x30, 0xFF, 0xE3, 0xCE, 0xFF, 0x04, 0xD8,
		0x25, 0x10, 0x6D, 0x11, 0x03, 0x40, 0x0A, 0x31, // 0x6830
		0xA2, 0x8B, 0x00, 0xE0, 0xC7, 0x09, 0x41, 0x65,
		0xE8, 0x0F, 0x63, 0x94, 0x63, 0xE4, 0x08, 0x20, // 0x6840
		0x40, 0x3B, 0xE3, 0x0F, 0x20, 0x30, 0xFF, 0xE3,
		0xBC, 0xFF, 0x80, 0x30, 0x0C, 0x40, 0xFF, 0xE3, // 0x6850
		0xAE, 0xDB, 0x46, 0x11, 0x06, 0x11, 0x64, 0x92,
		0x63, 0xEC, 0x20, 0x00, 0x64, 0xB2, 0x71, 0x10, // 0x6860
		0x24, 0xD8, 0x25, 0x10, 0x52, 0x8B, 0xFF, 0xE3,
		0xBB, 0xCF, 0x92, 0x14, 0x9E, 0x0C, 0x00, 0x20, // 0x6870
		0xF0, 0x0B, 0x00, 0x20, 0x48, 0x6F, 0x00, 0x00,
		0x5C, 0x6F, 0x00, 0x00, 0x9E, 0x65, 0x00, 0x00, // 0x6880
		0x77, 0x6F, 0x00, 0x00, 0x8A, 0x6F, 0x00, 0x00,
		0xA8, 0x6F, 0x00, 0x00, 0xB6, 0x6F, 0x00, 0x00, // 0x6890
		0xFA, 0x6F, 0x00, 0x00, 0x1B, 0x70, 0x00, 0x00,
		0x3A, 0x70, 0x00, 0x00, 0x46, 0x70, 0x00, 0x00, // 0x68A0
		0x00, 0x00, 0x00, 0x20, 0x71, 0x70, 0x00, 0x00,
		0x7F, 0x70, 0x00, 0x00, 0x96, 0x70, 0x00, 0x00, // 0x68B0
		0xAD, 0x70, 0x00, 0x00, 0xBF, 0x70, 0x00, 0x00,
		0xD8, 0x70, 0x00, 0x00, 0xED, 0x70, 0x00, 0x00, // 0x68C0
		0x00, 0x10, 0x01, 0x40, 0xF0, 0x04, 0x00, 0x20,
		0x08, 0x02, 0x00, 0x20, 0x0C, 0x67, 0x00, 0x00, // 0x68D0
		0xFC, 0x70, 0x00, 0x00, 0x9C, 0x65, 0x00, 0x00,
		0xA0, 0x3B, 0x00, 0x00, 0xD0, 0x04, 0x00, 0x20, // 0x68E0
		0xD8, 0x67, 0x00, 0x00, 0x28, 0x71, 0x00, 0x00,
		0x00, 0x30, 0x01, 0x40, 0x0C, 0x71, 0x00, 0x00, // 0x68F0
		0x05, 0x01, 0x00, 0x00, 0xFF, 0xFF, 0xFF, 0xFF,
		0x00, 0x00, 0x00, 0x64, 0x08, 0x07, 0x00, 0x00, // 0x6900
		0xDB, 0x00, 0x00, 0x00, 0xFF, 0xFF, 0xFF, 0xFF,
		0x00, 0x00, 0x00, 0x64, 0xF4, 0x01, 0x00, 0x00, // 0x6910
		0x42, 0x00, 0x00, 0x00, 0xFF, 0xFF, 0xFF, 0xFF,
		0x8B, 0x63, 0x64, 0x42, 0xDC, 0x05, 0x00, 0x00, // 0x6920
		0x42, 0x00, 0x00, 0x00, 0xFF, 0xFF, 0xFF, 0xFF,
		0x62, 0x8B, 0x63, 0x64, 0xDC, 0x05, 0x00, 0x00, // 0x6930
		0x6E, 0x00, 0x00, 0x00, 0xFF, 0xFF, 0xFF, 0xFF,
		0x72, 0x64, 0x00, 0x00, 0xE8, 0x03, 0x00, 0x00, // 0x6940
		0x6E, 0x00, 0x00, 0x00, 0xFF, 0xFF, 0xFF, 0xFF,
		0x77, 0x64, 0x00, 0x00, 0xDC, 0x05, 0x00, 0x00, // 0x6950
		0x6E, 0x00, 0x00, 0x00, 0xFF, 0xFF, 0xFF, 0xFF,
		0x7E, 0x64, 0x00, 0x00, 0x40, 0x06, 0x00, 0x00, // 0x6960
		0x6E, 0x00, 0x00, 0x00, 0xFF, 0xFF, 0xFF, 0xFF,
		0x86, 0x64, 0x00, 0x00, 0xDC, 0x05, 0x00, 0x00, // 0x6970
		0x6E, 0x00, 0x00, 0x00, 0xFF, 0xFF, 0xFF, 0xFF,
		0x80, 0x64, 0x00, 0x00, 0xE8, 0x03, 0x00, 0x00, // 0x6980
		0x5A, 0x00, 0x00, 0x00, 0xFF, 0xFF, 0xFF, 0xFF,
		0x6A, 0xB8, 0xCC, 0xDA, 0x90, 0x01, 0x00, 0x00, // 0x6990
		0x5A, 0x00, 0x00, 0x00, 0xFF, 0xFF, 0xFF, 0xFF,
		0x98, 0x88, 0x88, 0x5A, 0xDC, 0x05, 0x00, 0x00, // 0x69A0
		0x59, 0x00, 0x00, 0x00, 0xFF, 0xFF, 0xFF, 0xFF,
		0x64, 0x00, 0x00, 0x00, 0x28, 0xF1, 0x00, 0x00, // 0x69B0
		0x59, 0x00, 0x00, 0x00, 0xFF, 0xFF, 0xFF, 0xFF,
		0x00, 0x00, 0x00, 0x64, 0x10, 0xF5, 0x00, 0x00, // 0x69C0
		0x60, 0x00, 0x00, 0x00, 0xFF, 0xFF, 0xFF, 0xFF,
		0x64, 0x00, 0x00, 0x00, 0x78, 0xEC, 0x00, 0x00, // 0x69D0
		0x60, 0x00, 0x00, 0x00, 0xFF, 0xFF, 0xFF, 0xFF,
		0x1A, 0x01, 0x88, 0x00, 0x24, 0xFA, 0x00, 0x00, // 0x69E0
		0x60, 0x00, 0x00, 0x00, 0xFF, 0xFF, 0xFF, 0xFF,
		0x00, 0x00, 0x00, 0x64, 0x04, 0xF7, 0x00, 0x00, // 0x69F0
		0xC3, 0x00, 0x00, 0x00, 0xFF, 0xFF, 0xFF, 0xFF,
		0x00, 0x00, 0x18, 0x68, 0xE8, 0x03, 0x00, 0x00, // 0x6A00
		0xD7, 0x00, 0x00, 0x00, 0xFF, 0xFF, 0xFF, 0xFF,
		0xDC, 0xC7, 0x15, 0x64, 0x0C, 0xFE, 0x00, 0x00, // 0x6A10
		0xC0, 0x00, 0x00, 0x00, 0xFF, 0xFF, 0xFF, 0xFF,
		0xC2, 0x71, 0xA9, 0x64, 0x3C, 0xF6, 0x00, 0x00, // 0x6A20
		0x42, 0x00, 0x00, 0x00, 0xFF, 0xFF, 0xFF, 0xFF,
		0x78, 0xC8, 0x6B, 0x64, 0x00, 0x00, 0x00, 0x00, // 0x6A30
		0x42, 0x00, 0x00, 0x00, 0xFF, 0xFF, 0xFF, 0xFF,
		0x8D, 0x52, 0x6C, 0x64, 0x24, 0xFA, 0x00, 0x00, // 0x6A40
		0x6E, 0x00, 0x00, 0x00, 0xFF, 0xFF, 0xFF, 0xFF,
		0x44, 0x33, 0x22, 0x11, 0x28, 0xF1, 0x00, 0x00, // 0x6A50
		0x6E, 0x00, 0x00, 0x00, 0xFF, 0xFF, 0xFF, 0xFF,
		0x4C, 0x75, 0x71, 0x42, 0xC4, 0xFF, 0x00, 0x00, // 0x6A60
		0x6E, 0x00, 0x00, 0x00, 0xFF, 0xFF, 0xFF, 0xFF,
		0x25, 0x8E, 0x48, 0x20, 0x00, 0x00, 0x00, 0x00, // 0x6A70
		0x5A, 0x00, 0x00, 0x00, 0x00, 0x00, 0x00, 0x00,
		0x00, 0x00, 0x00, 0x00, 0x24, 0xFA, 0x00, 0x00, // 0x6A80
		0x59, 0x00, 0x00, 0x00, 0x00, 0x00, 0x00, 0x00,
		0x00, 0x00, 0x00, 0x00, 0x0C, 0xFE, 0x00, 0x00, // 0x6A90
		0x60, 0x00, 0x00, 0x00, 0x00, 0x00, 0x00, 0x00,
		0x00, 0x00, 0x00, 0x00, 0x48, 0xF4, 0x00, 0x00, // 0x6AA0
		0x5C, 0x00, 0x00, 0x00, 0x00, 0x00, 0x00, 0x00,
		0x00, 0x00, 0x00, 0x00, 0xB4, 0xFB, 0x00, 0x00, // 0x6AB0
		0xD7, 0x00, 0x00, 0x00, 0x00, 0x00, 0x00, 0x00,
		0x00, 0x00, 0x00, 0x00, 0x0C, 0xFE, 0x00, 0x00, // 0x6AC0
		0xB5, 0x00, 0x00, 0x00, 0x00, 0x00, 0x00, 0x00,
		0x00, 0x00, 0x00, 0x00, 0x0C, 0xFE, 0x00, 0x00, // 0x6AD0
		0xEE, 0x00, 0x00, 0x00, 0x00, 0x00, 0x00, 0x00,
		0x00, 0x00, 0x00, 0x00, 0x18, 0xFC, 0x00, 0x00, // 0x6AE0
		0x42, 0x00, 0x00, 0x00, 0x00, 0x00, 0x00, 0x00,
		0x00, 0x00, 0x00, 0x00, 0x0C, 0xFE, 0x00, 0x00, // 0x6AF0
		0x6E, 0x00, 0x00, 0x00, 0x00, 0x00, 0x00, 0x00,
		0x00, 0x00, 0x00, 0x00, 0x24, 0xFA, 0x00, 0x00, // 0x6B00
		0x4D, 0x69, 0x20, 0x31, 0x31, 0x55, 0x00, 0x00,
		0x01, 0x00, 0x00, 0x00, 0x33, 0x7A, 0x00, 0x00, // 0x6B10
		0xB8, 0x18, 0x00, 0x00, 0xCE, 0x16, 0x00, 0x00,
		0x68, 0x16, 0x00, 0x00, 0x00, 0x00, 0x00, 0x00, // 0x6B20
		0x00, 0x00, 0x00, 0x00, 0x00, 0x00, 0x00, 0x08,
		0x02, 0x00, 0x00, 0x00, 0x1F, 0x7A, 0x00, 0x00, // 0x6B30
		0x72, 0x19, 0x00, 0x00, 0x76, 0x16, 0x00, 0x00,
		0x68, 0x16, 0x00, 0x00, 0x00, 0x00, 0x00, 0x00, // 0x6B40
		0x00, 0x00, 0x00, 0x00, 0x00, 0x00, 0x00, 0x08,
		0x04, 0x00, 0x00, 0x00, 0x24, 0x7A, 0x00, 0x00, // 0x6B50
		0x9A, 0x18, 0x00, 0x00, 0x38, 0x17, 0x00, 0x00,
		0x00, 0x00, 0x00, 0x00, 0x00, 0x00, 0x00, 0x00, // 0x6B60
		0x00, 0x00, 0x00, 0x00, 0x00, 0x00, 0x00, 0x00,
		0x08, 0x00, 0x00, 0x00, 0x31, 0x7A, 0x00, 0x00, // 0x6B70
		0x7C, 0x18, 0x00, 0x00, 0xFC, 0x16, 0x00, 0x00,
		0x00, 0x00, 0x00, 0x00, 0x00, 0x00, 0x00, 0x08, // 0x6B80
		0x00, 0x00, 0x00, 0x08, 0x00, 0x00, 0x00, 0x08,
		0x20, 0x00, 0x00, 0x00, 0x36, 0x7A, 0x00, 0x00, // 0x6B90
		0x4E, 0x18, 0x00, 0x00, 0x34, 0x16, 0x00, 0x00,
		0x00, 0x00, 0x00, 0x00, 0x00, 0x00, 0x80, 0x00, // 0x6BA0
		0x00, 0x00, 0x00, 0x01, 0x00, 0x00, 0x00, 0x01,
		0x10, 0x00, 0x00, 0x00, 0x3C, 0x7A, 0x00, 0x00, // 0x6BB0
		0x08, 0x19, 0x00, 0x00, 0x16, 0x18, 0x00, 0x00,
		0x00, 0x00, 0x00, 0x00, 0x00, 0x00, 0x00, 0x10, // 0x6BC0
		0x00, 0x00, 0x00, 0x40, 0x00, 0x00, 0x00, 0x20,
		0x00, 0x01, 0x00, 0x00, 0x48, 0x7A, 0x00, 0x00, // 0x6BD0
		0xE4, 0x18, 0x00, 0x00, 0x30, 0x16, 0x00, 0x00,
		0x00, 0x00, 0x00, 0x00, 0x00, 0x02, 0x00, 0x00, // 0x6BE0
		0x00, 0x00, 0x00, 0x00, 0x00, 0x04, 0x00, 0x00,
		0xC8, 0x00, 0xF4, 0x01, 0x20, 0x03, 0xE8, 0x03, // 0x6BF0
		0x7E, 0x04, 0x14, 0x05, 0x78, 0x05, 0xDC, 0x05,
		0xC8, 0x00, 0x58, 0x02, 0x84, 0x03, 0xB0, 0x04, // 0x6C00
		0x78, 0x05, 0x40, 0x06, 0x08, 0x07, 0xD0, 0x07,
		0x2C, 0x01, 0x58, 0x02, 0x20, 0x03, 0xE8, 0x03, // 0x6C10
		0xB0, 0x04, 0x40, 0x06, 0xD0, 0x07, 0x98, 0x08,
		0x60, 0x09, 0x28, 0x0A, 0xF0, 0x0A, 0xB8, 0x0B, // 0x6C20
		0x48, 0x0D, 0x3C, 0x0F, 0x94, 0x11, 0x50, 0x14,
		0xF4, 0x01, 0x20, 0x03, 0xE8, 0x03, 0x4C, 0x04, // 0x6C30
		0xB0, 0x04, 0x14, 0x05, 0x78, 0x05, 0x40, 0x06,
		0x6C, 0x07, 0x98, 0x08, 0x28, 0x0A, 0x00, 0x00, // 0x6C40
		0xD4, 0x14, 0x27, 0x14, 0x5F, 0x02, 0x3E, 0x02,
		0x62, 0x92, 0xC4, 0x6C, 0x62, 0xB2, 0x7F, 0x02, // 0x6C50
		0x5F, 0x02, 0x9E, 0x02, 0xAE, 0x5C, 0x42, 0xB3,
		0x00, 0x33, 0x02, 0xEA, 0x0F, 0x27, 0x63, 0xB4, // 0x6C60
		0x04, 0x33, 0xA1, 0xB4, 0x60, 0xB4, 0x62, 0x03,
		0xA2, 0xB4, 0x41, 0xB3, 0x00, 0x32, 0x01, 0x31, // 0x6C70
		0x42, 0xB3, 0x07, 0x32, 0x1D, 0x30, 0x40, 0xB3,
		0x00, 0xE0, 0x84, 0x05, 0x47, 0x03, 0x80, 0x33, // 0x6C80
		0x76, 0x43, 0x60, 0xB2, 0x08, 0x03, 0xFF, 0xE3,
		0xAB, 0xCD, 0x28, 0x03, 0x68, 0x03, 0xA1, 0xB8, // 0x6C90
		0x08, 0x03, 0x87, 0x6D, 0xA0, 0x93, 0x48, 0x03,
		0x8C, 0x60, 0x03, 0x23, 0x0E, 0x64, 0x84, 0x60, // 0x6CA0
		0xA0, 0xB2, 0xF9, 0x0B, 0x6B, 0x03, 0x01, 0x32,
		0x2B, 0x03, 0x41, 0xB3, 0x00, 0x33, 0x4E, 0x5B, // 0x6CB0
		0x42, 0xEB, 0x04, 0x01, 0xBB, 0x08, 0x23, 0xEA,
		0x02, 0x60, 0x40, 0x93, 0x97, 0x3A, 0x40, 0xB3, // 0x6CC0
		0x01, 0x31, 0x40, 0x93, 0xB6, 0x3A, 0x40, 0xB3,
		0x40, 0x93, 0x95, 0x3A, 0x40, 0xB3, 0x40, 0x93, // 0x6CD0
		0x94, 0x3A, 0x40, 0xB3, 0x40, 0x93, 0x92, 0x3A,
		0x93, 0x3A, 0x40, 0xB3, 0x40, 0x93, 0xB3, 0x3A, // 0x6CE0
		0x40, 0xB3, 0x40, 0x93, 0x90, 0x3A, 0x91, 0x3A,
		0x40, 0xB3, 0x40, 0x93, 0xB1, 0x3A, 0x40, 0xB3, // 0x6CF0
		0xB1, 0x32, 0x41, 0xB3, 0x00, 0x32, 0x44, 0xB3,
		0x01, 0x32, 0x47, 0xB3, 0x48, 0x93, 0x84, 0x68, // 0x6D00
		0x88, 0x74, 0x40, 0x3A, 0xFC, 0x0B, 0x4A, 0x93,
		0x7D, 0x13, 0xBE, 0x13, 0xCA, 0x64, 0x95, 0x08, // 0x6D10
		0x61, 0x95, 0x16, 0x8D, 0x67, 0xB5, 0xFF, 0xE3,
		0x0A, 0xCF, 0x23, 0xEA, 0x01, 0x40, 0x42, 0x93, // 0x6D20
		0x01, 0x31, 0x42, 0xB3, 0x00, 0x30, 0xFF, 0xE3,
		0xC4, 0xCF, 0xFF, 0xE3, 0xDF, 0xCE, 0x00, 0x33, // 0x6D30
		0x10, 0x31, 0x15, 0x13, 0x66, 0xDC, 0x4C, 0x00,
		0x66, 0xDC, 0x4D, 0x00, 0x66, 0xDC, 0x4E, 0x00, // 0x6D40
		0xFF, 0xE3, 0x7E, 0xF7, 0x10, 0x31, 0x11, 0x13,
		0xFF, 0xE3, 0x7A, 0xF7, 0x00, 0x33, 0x01, 0x32, // 0x6D50
		0x6E, 0xDC, 0x17, 0x00, 0x6E, 0x13, 0x40, 0xB3,
		0x40, 0x93, 0x42, 0xEC, 0x04, 0x00, 0x40, 0xB3, // 0x6D60
		0x40, 0x93, 0xBF, 0x3A, 0x40, 0xB3, 0x42, 0x93,
		0x42, 0xE4, 0x02, 0x20, 0x40, 0x3A, 0x67, 0x0C, // 0x6D70
		0xFF, 0x30, 0xFF, 0xE3, 0x70, 0xD0, 0x07, 0x13,
		0xC0, 0xC7, 0x21, 0x50, 0x02, 0x29, 0xFF, 0xE3, // 0x6D80
		0xBD, 0xCB, 0xC0, 0x33, 0x77, 0x43, 0x40, 0x93,
		0x88, 0x3A, 0x89, 0x3A, 0x40, 0xB3, 0x62, 0x13, // 0x6D90
		0x01, 0x31, 0x42, 0x93, 0x42, 0xEC, 0x08, 0x00,
		0x42, 0xB3, 0x80, 0x30, 0x43, 0x93, 0x83, 0x3A, // 0x6DA0
		0x43, 0xB3, 0x42, 0x93, 0x82, 0x3A, 0x42, 0xB3,
		0x43, 0x93, 0x82, 0x3A, 0x43, 0xB3, 0xFF, 0xE3, // 0x6DB0
		0x80, 0xCF, 0x00, 0x31, 0x08, 0x30, 0xFF, 0xE3,
		0x7C, 0xCF, 0x38, 0x12, 0x58, 0x12, 0x19, 0x12, // 0x6DC0
		0xFF, 0xE3, 0x0E, 0xCD, 0x78, 0x12, 0x01, 0x30,
		0x65, 0xDC, 0x41, 0x20, 0xFF, 0xE3, 0x91, 0xFC, // 0x6DD0
		0x56, 0x12, 0x00, 0x30, 0x62, 0x92, 0x63, 0xEC,
		0x80, 0x00, 0x62, 0xB2, 0x5A, 0x11, 0x62, 0x92, // 0x6DE0
		0x63, 0xEC, 0x00, 0x04, 0x62, 0xB2, 0xFF, 0xE3,
		0x5D, 0xD0, 0x71, 0x12, 0x00, 0x31, 0x11, 0x12, // 0x6DF0
		0x63, 0xB4, 0xFF, 0xE3, 0x83, 0xCB, 0x10, 0x12,
		0xFF, 0xE3, 0xF2, 0xCC, 0xC0, 0xC7, 0x23, 0x50, // 0x6E00
		0x00, 0x2B, 0x63, 0xB8, 0xC0, 0xC7, 0x23, 0x50,
		0x02, 0x2B, 0x64, 0xB8, 0x60, 0x94, 0x58, 0x96, // 0x6E10
		0x78, 0xB6, 0x49, 0x5B, 0x61, 0x94, 0x40, 0xB8,
		0xE0, 0x93, 0x41, 0x98, 0x8E, 0x64, 0x24, 0x08, // 0x6E20
		0x63, 0x94, 0x40, 0x3B, 0xF4, 0x0F, 0xCD, 0x7B,
		0xF2, 0x07, 0x16, 0x11, 0x0C, 0x60, 0xC4, 0x60, // 0x6E30
		0x60, 0x93, 0x60, 0xB0, 0xCB, 0x6C, 0x3C, 0x07,
		0x00, 0x33, 0x6C, 0x07, 0x19, 0x32, 0x46, 0xB8, // 0x6E40
		0x46, 0x98, 0x23, 0x5A, 0x40, 0x3A, 0x26, 0xB8,
		0x0D, 0x08, 0x4E, 0xD8, 0x17, 0x00, 0x00, 0x22, // 0x6E50
		0x88, 0x74, 0x4E, 0xDC, 0x17, 0x00, 0x4E, 0xD8,
		0x17, 0x00, 0x88, 0x74, 0x19, 0x3A, 0x84, 0x0F, // 0x6E60
		0x88, 0x07, 0x03, 0x6C, 0xEE, 0x07, 0xA3, 0xE4,
		0x0F, 0x10, 0x22, 0x95, 0x43, 0x98, 0x86, 0x64, // 0x6E70
		0x06, 0x08, 0x00, 0x33, 0x62, 0xB5, 0xDF, 0x6C,
		0xE0, 0x97, 0xD0, 0x07, 0x01, 0x95, 0x40, 0x98, // 0x6E80
		0x49, 0x58, 0x42, 0xB8, 0x40, 0x98, 0x08, 0x64,
		0x00, 0x30, 0x42, 0x98, 0x40, 0xC4, 0x40, 0x0C, // 0x6E90
		0x41, 0xB5, 0x40, 0x3A, 0xF1, 0x0B, 0x44, 0x98,
		0x86, 0x64, 0x06, 0x08, 0x63, 0x95, 0xCD, 0x7B, // 0x6EA0
		0x01, 0x33, 0x61, 0xB5, 0xE9, 0x07, 0x40, 0x39,
		0xE7, 0x0B, 0x41, 0x93, 0x20, 0x93, 0x03, 0x95, // 0x6EB0
		0x41, 0xB1, 0x20, 0xB2, 0x00, 0x32, 0x40, 0xB3,
		0x41, 0xB3, 0x00, 0x33, 0x63, 0xB5, 0xC1, 0x7B, // 0x6EC0
		0xDB, 0x07, 0x00, 0x00, 0x00, 0xD0, 0x00, 0x40,
		0x60, 0x02, 0x02, 0x00, 0x00, 0x80, 0x00, 0x40, // 0x6ED0
		0x13, 0x00, 0x80, 0x80, 0xF0, 0x04, 0x00, 0x20,
		0x10, 0xE0, 0x00, 0xE0, 0x00, 0xE1, 0x00, 0xE0, // 0x6EE0
		0x3C, 0x7E, 0x00, 0x00, 0xF0, 0x0B, 0x00, 0x20,
		0x30, 0x00, 0x01, 0x50, 0x7C, 0x00, 0x01, 0x50, // 0x6EF0
		0xD0, 0xFF, 0xFE, 0xAF, 0x00, 0xE0, 0x00, 0x40,
		0x00, 0x01, 0x00, 0x00, 0xE0, 0x12, 0x27, 0x44, // 0x6F00
		0x00, 0x00, 0x00, 0x20, 0xD0, 0x04, 0x00, 0x20,
		0x40, 0x0C, 0x00, 0x20, 0x00, 0x90, 0x00, 0x40, // 0x6F10
		0xC4, 0x2F, 0x00, 0x00, 0x00, 0x60, 0x00, 0x40,
		0x10, 0x6B, 0x00, 0x00, 0x49, 0x7E, 0x00, 0x00, // 0x6F20
		0x51, 0x7E, 0x00, 0x00, 0x67, 0x00, 0x00, 0x02,
		0x00, 0x40, 0x01, 0x40, 0xC8, 0x51, 0x00, 0x00, // 0x6F30
		0x9E, 0x65, 0x00, 0x00, 0x5A, 0x7E, 0x00, 0x00,
		0x44, 0x3A, 0x54, 0x52, 0x49, 0x4D, 0x20, 0x56, // 0x6F40
		0x65, 0x72, 0x73, 0x69, 0x6F, 0x6E, 0x3A, 0x20,
		0x25, 0x78, 0x0A, 0x00, 0x44, 0x3A, 0x44, 0x61, // 0x6F50
		0x74, 0x65, 0x3A, 0x20, 0x25, 0x64, 0x2E, 0x25,
		0x64, 0x2E, 0x25, 0x64, 0x2D, 0x25, 0x64, 0x3A, // 0x6F60
		0x25, 0x64, 0x3A, 0x25, 0x64, 0x0A, 0x00, 0x44,
		0x3A, 0x57, 0x61, 0x66, 0x65, 0x5B, 0x25, 0x64, // 0x6F70
		0x5D, 0x3A, 0x20, 0x25, 0x64, 0x2E, 0x25, 0x64,
		0x0A, 0x00, 0x44, 0x3A, 0x53, 0x4E, 0x53, 0x4B, // 0x6F80
		0x52, 0x20, 0x56, 0x4F, 0x53, 0x3A, 0x25, 0x64,
		0x20, 0x53, 0x4E, 0x53, 0x4B, 0x52, 0x20, 0x47, // 0x6F90
		0x41, 0x49, 0x4E, 0x3A, 0x25, 0x64, 0x0A, 0x00,
		0x44, 0x3A, 0x43, 0x43, 0x20, 0x47, 0x41, 0x49, // 0x6FA0
		0x4E, 0x3A, 0x25, 0x64, 0x0A, 0x00, 0x44, 0x3A,
		0x52, 0x58, 0x5F, 0x49, 0x4F, 0x55, 0x54, 0x5F, // 0x6FB0
		0x47, 0x41, 0x49, 0x4E, 0x5F, 0x31, 0x41, 0x3A,
		0x25, 0x64, 0x20, 0x52, 0x58, 0x5F, 0x49, 0x4F, // 0x6FC0
		0x55, 0x54, 0x5F, 0x47, 0x41, 0x49, 0x4E, 0x5F,
		0x44, 0x45, 0x4C, 0x54, 0x41, 0x3A, 0x25, 0x64, // 0x6FD0
		0x20, 0x52, 0x58, 0x5F, 0x49, 0x4F, 0x55, 0x54,
		0x5F, 0x47, 0x41, 0x49, 0x4E, 0x5F, 0x44, 0x45, // 0x6FE0
		0x4C, 0x54, 0x41, 0x5F, 0x32, 0x3A, 0x25, 0x64,
		0x0A, 0x00, 0x44, 0x3A, 0x56, 0x52, 0x45, 0x43, // 0x6FF0
		0x54, 0x5F, 0x4F, 0x46, 0x46, 0x53, 0x45, 0x54,
		0x3A, 0x25, 0x64, 0x20, 0x56, 0x52, 0x45, 0x43, // 0x7000
		0x54, 0x5F, 0x47, 0x41, 0x49, 0x4E, 0x3A, 0x25,
		0x64, 0x0A, 0x00, 0x44, 0x3A, 0x56, 0x4F, 0x55, // 0x7010
		0x54, 0x5F, 0x4F, 0x46, 0x46, 0x53, 0x45, 0x54,
		0x3A, 0x25, 0x64, 0x20, 0x56, 0x4F, 0x55, 0x54, // 0x7020
		0x5F, 0x47, 0x41, 0x49, 0x4E, 0x3A, 0x25, 0x64,
		0x0A, 0x00, 0x44, 0x3A, 0x54, 0x5F, 0x44, 0x49, // 0x7030
		0x45, 0x3A, 0x25, 0x64, 0x0A, 0x00, 0x49, 0x3A,
		0x51, 0x4B, 0x5F, 0x48, 0x32, 0x48, 0x3A, 0x25, // 0x7040
		0x64, 0x20, 0x51, 0x4B, 0x5F, 0x48, 0x32, 0x4C,
		0x3A, 0x25, 0x64, 0x20, 0x51, 0x4B, 0x5F, 0x4C, // 0x7050
		0x32, 0x48, 0x3A, 0x25, 0x64, 0x20, 0x51, 0x4B,
		0x5F, 0x4C, 0x32, 0x4C, 0x3A, 0x25, 0x64, 0x0A, // 0x7060
		0x00, 0x44, 0x3A, 0x43, 0x68, 0x69, 0x70, 0x20,
		0x49, 0x44, 0x3A, 0x25, 0x58, 0x0A, 0x00, 0x44, // 0x7070
		0x3A, 0x46, 0x69, 0x72, 0x6D, 0x77, 0x61, 0x72,
		0x65, 0x20, 0x76, 0x65, 0x72, 0x73, 0x69, 0x6F, // 0x7080
		0x6E, 0x3A, 0x25, 0x58, 0x0A, 0x00, 0x44, 0x3A,
		0x48, 0x61, 0x72, 0x64, 0x77, 0x61, 0x72, 0x65, // 0x7090
		0x20, 0x76, 0x65, 0x72, 0x73, 0x69, 0x6F, 0x6E,
		0x3A, 0x25, 0x58, 0x0A, 0x00, 0x44, 0x3A, 0x47, // 0x70A0
		0x69, 0x74, 0x20, 0x76, 0x65, 0x72, 0x73, 0x69,
		0x6F, 0x6E, 0x3A, 0x25, 0x58, 0x0A, 0x00, 0x44, // 0x70B0
		0x3A, 0x4D, 0x61, 0x6E, 0x75, 0x66, 0x61, 0x63,
		0x74, 0x75, 0x72, 0x65, 0x20, 0x43, 0x6F, 0x64, // 0x70C0
		0x65, 0x3A, 0x25, 0x30, 0x34, 0x58, 0x0A, 0x00,
		0x44, 0x3A, 0x46, 0x69, 0x72, 0x6D, 0x77, 0x61, // 0x70D0
		0x72, 0x65, 0x20, 0x63, 0x68, 0x65, 0x63, 0x6B,
		0x3A, 0x25, 0x58, 0x0A, 0x00, 0x45, 0x3A, 0x45, // 0x70E0
		0x72, 0x72, 0x20, 0x63, 0x6F, 0x64, 0x65, 0x3D,
		0x25, 0x64, 0x0A, 0x00, 0x44, 0x3A, 0x41, 0x43, // 0x70F0
		0x20, 0x4C, 0x6F, 0x73, 0x73, 0x20, 0x25, 0x64,
		0x6D, 0x73, 0x0A, 0x00, 0x49, 0x3A, 0x4C, 0x44, // 0x7100
		0x4F, 0x20, 0x4F, 0x4E, 0x20, 0x46, 0x69, 0x6E,
		0x69, 0x73, 0x68, 0x3A, 0x20, 0x25, 0x64, 0x6D, // 0x7110
		0x56, 0x40, 0x25, 0x64, 0x6D, 0x41, 0x0A, 0x00,
		0x49, 0x3A, 0x4C, 0x44, 0x4F, 0x20, 0x4F, 0x4E, // 0x7120
		0x20, 0x61, 0x74, 0x20, 0x56, 0x72, 0x65, 0x63,
		0x74, 0x3D, 0x25, 0x64, 0x6D, 0x56, 0x0A, 0x00, // 0x7130
		0x45, 0x50, 0x50, 0x00, 0x42, 0x50, 0x50, 0x00,
		0x46, 0x75, 0x6C, 0x6C, 0x00, 0x48, 0x61, 0x6C, // 0x7140
		0x66, 0x00, 0x49, 0x3A, 0x4C, 0x44, 0x4F, 0x20,
		0x4F, 0x46, 0x46, 0x0A, 0x00, 0x49, 0x3A, 0x53, // 0x7150
		0x6F, 0x66, 0x74, 0x5F, 0x53, 0x43, 0x50, 0x5F,
		0x50, 0x72, 0x6F, 0x74, 0x65, 0x63, 0x74, 0x69, // 0x7160
		0x6F, 0x6E, 0x21, 0x0A, 0x00, 0x49, 0x3A, 0x76,
		0x73, 0x79, 0x73, 0x5F, 0x72, 0x65, 0x67, 0x5F, // 0x7170
		0x4F, 0x46, 0x46, 0x21, 0x0A, 0x00, 0x49, 0x3A,
		0x76, 0x73, 0x79, 0x73, 0x5F, 0x72, 0x65, 0x67, // 0x7180
		0x5F, 0x4F, 0x4E, 0x21, 0x0A, 0x00, 0x49, 0x3A,
		0x76, 0x73, 0x79, 0x73, 0x5F, 0x69, 0x6F, 0x5F, // 0x7190
		0x4F, 0x46, 0x46, 0x21, 0x0A, 0x00, 0x49, 0x3A,
		0x76, 0x73, 0x79, 0x73, 0x5F, 0x69, 0x6F, 0x5F, // 0x71A0
		0x4F, 0x4E, 0x21, 0x0A, 0x00, 0x49, 0x3A, 0x52,
		0x65, 0x73, 0x70, 0x6F, 0x6E, 0x73, 0x65, 0x3A, // 0x71B0
		0x25, 0x58, 0x0A, 0x00, 0x46, 0x61, 0x69, 0x6C,
		0x65, 0x64, 0x00, 0x49, 0x3A, 0x46, 0x69, 0x72, // 0x71C0
		0x73, 0x74, 0x20, 0x43, 0x61, 0x6C, 0x69, 0x62,
		0x72, 0x61, 0x74, 0x69, 0x6F, 0x6E, 0x0A, 0x00, // 0x71D0
		0x49, 0x3A, 0x46, 0x53, 0x4B, 0x20, 0x43, 0x46,
		0x47, 0x3D, 0x25, 0x64, 0x0A, 0x00, 0x49, 0x3A, // 0x71E0
		0x41, 0x64, 0x64, 0x69, 0x74, 0x69, 0x6F, 0x6E,
		0x61, 0x6C, 0x20, 0x43, 0x61, 0x6C, 0x69, 0x62, // 0x71F0
		0x72, 0x61, 0x74, 0x69, 0x6F, 0x6E, 0x0A, 0x00,
		0x49, 0x3A, 0x45, 0x6E, 0x74, 0x65, 0x72, 0x20, // 0x7200
		0x50, 0x6F, 0x77, 0x65, 0x72, 0x20, 0x54, 0x72,
		0x61, 0x6E, 0x73, 0x66, 0x65, 0x72, 0x0A, 0x00, // 0x7210
		0x49, 0x3A, 0x41, 0x50, 0x20, 0x43, 0x4D, 0x44,
		0x3D, 0x30, 0x78, 0x25, 0x30, 0x38, 0x78, 0x0A, // 0x7220
		0x00, 0x49, 0x3A, 0x53, 0x65, 0x74, 0x56, 0x6F,
		0x75, 0x74, 0x3A, 0x20, 0x25, 0x64, 0x6D, 0x56, // 0x7230
		0x20, 0x2D, 0x2D, 0x2D, 0x3E, 0x20, 0x25, 0x64,
		0x6D, 0x56, 0x0A, 0x00, 0x49, 0x3A, 0x25, 0x73, // 0x7240
		0x20, 0x52, 0x65, 0x6E, 0x65, 0x67, 0x20, 0x43,
		0x4D, 0x44, 0x20, 0x74, 0x6F, 0x20, 0x25, 0x64, // 0x7250
		0x0A, 0x00, 0x49, 0x3A, 0x25, 0x73, 0x20, 0x46,
		0x61, 0x6B, 0x65, 0x20, 0x46, 0x61, 0x73, 0x74, // 0x7260
		0x20, 0x43, 0x68, 0x61, 0x72, 0x67, 0x65, 0x20,
		0x43, 0x4D, 0x44, 0x0A, 0x00, 0x49, 0x3A, 0x25, // 0x7270
		0x73, 0x20, 0x46, 0x61, 0x73, 0x74, 0x20, 0x43,
		0x68, 0x61, 0x72, 0x67, 0x65, 0x20, 0x43, 0x4D, // 0x7280
		0x44, 0x0A, 0x00, 0x49, 0x3A, 0x25, 0x73, 0x20,
		0x54, 0x72, 0x61, 0x6E, 0x73, 0x70, 0x61, 0x72, // 0x7290
		0x65, 0x6E, 0x74, 0x20, 0x73, 0x65, 0x6E, 0x64,
		0x20, 0x43, 0x4D, 0x44, 0x2C, 0x30, 0x78, 0x00, // 0x72A0
		0x25, 0x58, 0x20, 0x00, 0x49, 0x3A, 0x25, 0x73,
		0x3A, 0x25, 0x64, 0x6D, 0x57, 0x20, 0x56, 0x52, // 0x72B0
		0x65, 0x63, 0x74, 0x3A, 0x25, 0x64, 0x6D, 0x56,
		0x20, 0x56, 0x6F, 0x75, 0x74, 0x3A, 0x25, 0x64, // 0x72C0
		0x6D, 0x56, 0x20, 0x49, 0x6F, 0x75, 0x74, 0x3A,
		0x25, 0x64, 0x6D, 0x41, 0x20, 0x25, 0x64, 0x2E, // 0x72D0
		0x25, 0x64, 0x43, 0x20, 0x25, 0x73, 0x3A, 0x25,
		0x64, 0x2E, 0x25, 0x64, 0x6B, 0x48, 0x7A, 0x0A, // 0x72E0
		0x00, 0x49, 0x3A, 0x54, 0x58, 0x20, 0x55, 0x55,
		0x49, 0x44, 0x3D, 0x25, 0x30, 0x38, 0x58, 0x0A, // 0x72F0
		0x00, 0x49, 0x3A, 0x41, 0x64, 0x61, 0x70, 0x74,
		0x65, 0x72, 0x20, 0x54, 0x79, 0x70, 0x65, 0x3D, // 0x7300
		0x25, 0x64, 0x0A, 0x00, 0x49, 0x3A, 0x2D, 0x2D,
		0x44, 0x65, 0x66, 0x61, 0x75, 0x6C, 0x74, 0x20, // 0x7310
		0x48, 0x61, 0x6E, 0x64, 0x6C, 0x65, 0x72, 0x2D,
		0x2D, 0x0A, 0x00, 0x49, 0x3A, 0x4C, 0x52, 0x3A, // 0x7320
		0x25, 0x30, 0x38, 0x58, 0x0A, 0x00, 0x49, 0x3A,
		0x65, 0x70, 0x63, 0x3A, 0x25, 0x30, 0x38, 0x58, // 0x7330
		0x0A, 0x00, 0x49, 0x3A, 0x65, 0x70, 0x63, 0x2D,
		0x73, 0x70, 0x3A, 0x25, 0x30, 0x38, 0x58, 0x0A, // 0x7340
		0x00, 0x49, 0x3A, 0x70, 0x73, 0x72, 0x3A, 0x25,
		0x30, 0x38, 0x58, 0x0A, 0x00, 0x49, 0x3A, 0x65, // 0x7350
		0x70, 0x73, 0x72, 0x3A, 0x25, 0x30, 0x38, 0x58,
		0x0A, 0x00, 0x49, 0x3A, 0x65, 0x70, 0x73, 0x72, // 0x7360
		0x2D, 0x73, 0x70, 0x3A, 0x25, 0x30, 0x38, 0x58,
		0x0A, 0x00, 0x49, 0x3A, 0x56, 0x49, 0x43, 0x2D, // 0x7370
		0x49, 0x53, 0x52, 0x3A, 0x25, 0x30, 0x38, 0x58,
		0x0A, 0x00, 0x49, 0x3A, 0x2D, 0x2D, 0x2D, 0x2D, // 0x7380
		0x2D, 0x2D, 0x0A, 0x00, 0x49, 0x3A, 0x53, 0x74,
		0x61, 0x63, 0x6B, 0x3A, 0x25, 0x30, 0x38, 0x58, // 0x7390
		0x20, 0x74, 0x6F, 0x20, 0x25, 0x30, 0x38, 0x58,
		0x0A, 0x00, 0x49, 0x3A, 0x53, 0x50, 0x3D, 0x25, // 0x73A0
		0x30, 0x38, 0x58, 0x0A, 0x00, 0x49, 0x3A, 0x25,
		0x30, 0x38, 0x58, 0x3D, 0x25, 0x30, 0x38, 0x58, // 0x73B0
		0x0A, 0x00, 0x49, 0x3A, 0x45, 0x46, 0x42, 0x45,
		0x41, 0x44, 0x44, 0x45, 0x20, 0x61, 0x74, 0x20, // 0x73C0
		0x25, 0x30, 0x38, 0x58, 0x0A, 0x00, 0x49, 0x3A,
		0x25, 0x73, 0x20, 0x52, 0x65, 0x6E, 0x65, 0x67, // 0x73D0
		0x6F, 0x74, 0x69, 0x61, 0x74, 0x69, 0x6F, 0x6E,
		0x3D, 0x25, 0x64, 0x0A, 0x00, 0x49, 0x3A, 0x25, // 0x73E0
		0x73, 0x20, 0x46, 0x61, 0x73, 0x74, 0x20, 0x43,
		0x68, 0x61, 0x72, 0x67, 0x65, 0x20, 0x52, 0x65, // 0x73F0
		0x71, 0x75, 0x65, 0x73, 0x74, 0x20, 0x43, 0x68,
		0x61, 0x6E, 0x67, 0x69, 0x6E, 0x67, 0x20, 0x74, // 0x7400
		0x6F, 0x20, 0x25, 0x64, 0x20, 0x6D, 0x56, 0x0A,
		0x00, 0x45, 0x3A, 0x57, 0x61, 0x74, 0x63, 0x68, // 0x7410
		0x64, 0x6F, 0x67, 0x20, 0x52, 0x65, 0x73, 0x65,
		0x74, 0x2E, 0x0A, 0x00, 0x56, 0x6F, 0x6C, 0x74, // 0x7420
		0x20, 0x53, 0x75, 0x63, 0x63, 0x65, 0x73, 0x73,
		0x00, 0x44, 0x3A, 0x6D, 0x6C, 0x64, 0x6F, 0x2D, // 0x7430
		0x69, 0x72, 0x71, 0x3A, 0x25, 0x30, 0x38, 0x58,
		0x0A, 0x00, 0x45, 0x3A, 0x4C, 0x44, 0x4F, 0x30, // 0x7440
		0x20, 0x4F, 0x43, 0x50, 0x0A, 0x00, 0x49, 0x3A,
		0x43, 0x6C, 0x61, 0x6D, 0x70, 0x20, 0x4F, 0x56, // 0x7450
		0x50, 0x0A, 0x00, 0x45, 0x3A, 0x48, 0x4F, 0x56,
		0x50, 0x0A, 0x00, 0x45, 0x3A, 0x54, 0x58, 0x20, // 0x7460
		0x42, 0x52, 0x47, 0x20, 0x4F, 0x43, 0x50, 0x21,
		0x0A, 0x00, 0x49, 0x3A, 0x42, 0x50, 0x50, 0x20, // 0x7470
		0x4D, 0x6F, 0x64, 0x65, 0x0A, 0x00, 0x49, 0x3A,
		0x45, 0x50, 0x54, 0x3A, 0x20, 0x25, 0x64, 0x0A, // 0x7480
		0x00, 0x49, 0x3A, 0x53, 0x52, 0x3A, 0x20, 0x52,
		0x3D, 0x25, 0x64, 0x20, 0x50, 0x3D, 0x25, 0x64, // 0x7490
		0x0A, 0x00, 0x49, 0x3A, 0x46, 0x4F, 0x44, 0x2F,
		0x25, 0x64, 0x3D, 0x25, 0x64, 0x0A, 0x00, 0x49, // 0x74A0
		0x3A, 0x47, 0x52, 0x3A, 0x20, 0x52, 0x3D, 0x25,
		0x64, 0x0A, 0x00, 0x49, 0x3A, 0x53, 0x74, 0x61, // 0x74B0
		0x72, 0x74, 0x20, 0x4F, 0x56, 0x50, 0x2C, 0x56,
		0x52, 0x65, 0x63, 0x74, 0x3D, 0x25, 0x64, 0x20, // 0x74C0
		0x72, 0x78, 0x2E, 0x73, 0x74, 0x61, 0x72, 0x74,
		0x5F, 0x6F, 0x76, 0x70, 0x3D, 0x25, 0x64, 0x0A, // 0x74D0
		0x00, 0x49, 0x3A, 0x53, 0x53, 0x3D, 0x25, 0x64,
		0x20, 0x56, 0x52, 0x65, 0x63, 0x74, 0x3D, 0x25, // 0x74E0
		0x64, 0x0A, 0x00, 0x49, 0x3A, 0x46, 0x72, 0x65,
		0x71, 0x3A, 0x25, 0x64, 0x2E, 0x25, 0x64, 0x6B, // 0x74F0
		0x48, 0x7A, 0x0A, 0x00, 0x49, 0x3A, 0x56, 0x6F,
		0x75, 0x74, 0x20, 0x6F, 0x6E, 0x0A, 0x00, 0x49, // 0x7500
		0x3A, 0x49, 0x44, 0x3A, 0x20, 0x6D, 0x66, 0x72,
		0x5F, 0x63, 0x6F, 0x64, 0x65, 0x3D, 0x30, 0x58, // 0x7510
		0x25, 0x30, 0x34, 0x58, 0x0A, 0x00, 0x49, 0x3A,
		0x50, 0x6F, 0x77, 0x65, 0x72, 0x20, 0x47, 0x6F, // 0x7520
		0x6F, 0x64, 0x0A, 0x00, 0x49, 0x3A, 0x43, 0x46,
		0x47, 0x3A, 0x4E, 0x65, 0x67, 0x3D, 0x25, 0x64, // 0x7530
		0x2C, 0x52, 0x65, 0x66, 0x20, 0x70, 0x6F, 0x77,
		0x65, 0x72, 0x3D, 0x25, 0x64, 0x2C, 0x57, 0x69, // 0x7540
		0x6E, 0x20, 0x6F, 0x66, 0x66, 0x73, 0x65, 0x74,
		0x3D, 0x25, 0x64, 0x2C, 0x57, 0x69, 0x6E, 0x20, // 0x7550
		0x73, 0x69, 0x7A, 0x65, 0x3D, 0x25, 0x64, 0x2C,
		0x50, 0x6F, 0x6C, 0x3D, 0x25, 0x64, 0x2C, 0x44, // 0x7560
		0x70, 0x74, 0x68, 0x3D, 0x25, 0x64, 0x0A, 0x00,
		0x49, 0x3A, 0x52, 0x45, 0x4E, 0x45, 0x47, 0x0A, // 0x7570
		0x00, 0x52, 0x65, 0x71, 0x75, 0x65, 0x73, 0x74,
		0x00, 0x49, 0x3A, 0x25, 0x73, 0x20, 0x25, 0x73, // 0x7580
		0x20, 0x25, 0x73, 0x0A, 0x00, 0x49, 0x3A, 0x66,
		0x6F, 0x72, 0x63, 0x65, 0x64, 0x6C, 0x79, 0x20, // 0x7590
		0x63, 0x6F, 0x6E, 0x6E, 0x65, 0x63, 0x74, 0x20,
		0x6C, 0x6F, 0x61, 0x64, 0x0A, 0x00, 0x49, 0x3A, // 0x75A0
		0x4F, 0x56, 0x45, 0x52, 0x20, 0x56, 0x4F, 0x4C,
		0x54, 0x41, 0x47, 0x45, 0x20, 0x66, 0x6F, 0x72, // 0x75B0
		0x20, 0x32, 0x30, 0x2A, 0x63, 0x65, 0x70, 0x2C,
		0x52, 0x65, 0x73, 0x74, 0x61, 0x72, 0x74, 0x20, // 0x75C0
		0x54, 0x58, 0x2E, 0x0A, 0x00, 0x49, 0x3A, 0x4F,
		0x56, 0x50, 0x20, 0x63, 0x6E, 0x74, 0x3A, 0x25, // 0x75D0
		0x64, 0x0A, 0x00, 0x49, 0x3A, 0x25, 0x73, 0x20,
		0x41, 0x75, 0x74, 0x6F, 0x20, 0x54, 0x61, 0x73, // 0x75E0
		0x6B, 0x20, 0x30, 0x78, 0x25, 0x30, 0x32, 0x58,
		0x0A, 0x00, 0x49, 0x3A, 0x57, 0x49, 0x4E, 0x3A, // 0x75F0
		0x25, 0x64, 0x20, 0x4F, 0x46, 0x46, 0x53, 0x45,
		0x54, 0x3A, 0x25, 0x64, 0x20, 0x4D, 0x50, 0x3A, // 0x7600
		0x25, 0x64, 0x0A, 0x00, 0x44, 0x3A, 0x45, 0x78,
		0x69, 0x74, 0x20, 0x6F, 0x70, 0x65, 0x6E, 0x20, // 0x7610
		0x6C, 0x6F, 0x6F, 0x70, 0x0A, 0x00, 0x44, 0x3A,
		0x45, 0x6E, 0x74, 0x65, 0x72, 0x20, 0x6F, 0x70, // 0x7620
		0x65, 0x6E, 0x20, 0x6C, 0x6F, 0x6F, 0x70, 0x0A,
		0x00, 0x49, 0x3A, 0x45, 0x50, 0x54, 0x3A, 0x30, // 0x7630
		0x58, 0x25, 0x58, 0x0A, 0x00, 0x49, 0x3A, 0x51,
		0x3A, 0x25, 0x64, 0x20, 0x25, 0x64, 0x0A, 0x00, // 0x7640
		0x49, 0x3A, 0x54, 0x49, 0x4D, 0x45, 0x4F, 0x55,
		0x54, 0x3A, 0x20, 0x00, 0x49, 0x3A, 0x52, 0x50, // 0x7650
		0x50, 0x0A, 0x00, 0x49, 0x3A, 0x43, 0x45, 0x50,
		0x0A, 0x00, 0x49, 0x3A, 0x53, 0x69, 0x67, 0x6E, // 0x7660
		0x61, 0x6C, 0x20, 0x53, 0x74, 0x72, 0x65, 0x6E,
		0x67, 0x74, 0x68, 0x0A, 0x00, 0x49, 0x3A, 0x49, // 0x7670
		0x64, 0x65, 0x6E, 0x74, 0x69, 0x66, 0x69, 0x63,
		0x61, 0x74, 0x69, 0x6F, 0x6E, 0x0A, 0x00, 0x49, // 0x7680
		0x3A, 0x45, 0x78, 0x74, 0x65, 0x6E, 0x64, 0x65,
		0x64, 0x20, 0x49, 0x64, 0x65, 0x6E, 0x74, 0x69, // 0x7690
		0x66, 0x69, 0x63, 0x61, 0x74, 0x69, 0x6F, 0x6E,
		0x0A, 0x00, 0x49, 0x3A, 0x43, 0x6F, 0x6E, 0x66, // 0x76A0
		0x69, 0x67, 0x75, 0x72, 0x61, 0x74, 0x69, 0x6F,
		0x6E, 0x0A, 0x00, 0x49, 0x3A, 0x4E, 0x65, 0x67, // 0x76B0
		0x6F, 0x74, 0x69, 0x61, 0x74, 0x69, 0x6F, 0x6E,
		0x0A, 0x00, 0x49, 0x3A, 0x43, 0x61, 0x6C, 0x69, // 0x76C0
		0x62, 0x72, 0x61, 0x74, 0x69, 0x6F, 0x6E, 0x0A,
		0x00, 0x49, 0x3A, 0x50, 0x6F, 0x77, 0x65, 0x72, // 0x76D0
		0x20, 0x54, 0x72, 0x61, 0x6E, 0x73, 0x66, 0x65,
		0x72, 0x0A, 0x00, 0x49, 0x3A, 0x25, 0x73, 0x3A, // 0x76E0
		0x54, 0x78, 0x3A, 0x25, 0x64, 0x6D, 0x57, 0x20,
		0x56, 0x69, 0x6E, 0x3A, 0x25, 0x64, 0x6D, 0x56, // 0x76F0
		0x20, 0x56, 0x62, 0x72, 0x67, 0x3A, 0x25, 0x64,
		0x6D, 0x56, 0x20, 0x49, 0x69, 0x6E, 0x3A, 0x25, // 0x7700
		0x64, 0x6D, 0x41, 0x20, 0x25, 0x64, 0x2E, 0x25,
		0x64, 0x43, 0x20, 0x25, 0x73, 0x3A, 0x25, 0x64, // 0x7710
		0x2E, 0x25, 0x64, 0x6B, 0x48, 0x7A, 0x40, 0x25,
		0x64, 0x25, 0x25, 0x0A, 0x00, 0x49, 0x3A, 0x44, // 0x7720
		0x65, 0x6D, 0x6F, 0x64, 0x20, 0x43, 0x68, 0x61,
		0x6E, 0x67, 0x65, 0x3A, 0x25, 0x64, 0x2D, 0x3E, // 0x7730
		0x25, 0x64, 0x20, 0x25, 0x64, 0x2D, 0x3E, 0x25,
		0x64, 0x0A, 0x00, 0x00, 0x7C, 0x10, 0x00, 0x32, // 0x7740
		0x00, 0x31, 0x43, 0xDC, 0x80, 0x20, 0x00, 0x2A,
		0x43, 0xDC, 0x60, 0x20, 0x23, 0xDC, 0x81, 0x20, // 0x7750
		0x43, 0xDC, 0x61, 0x20, 0x23, 0xDC, 0x82, 0x20,
		0x43, 0xDC, 0x62, 0x20, 0x23, 0xDC, 0x83, 0x20, // 0x7760
		0x43, 0xDC, 0x63, 0x20, 0x33, 0x10, 0x00, 0x33,
		0x4E, 0x5B, 0x42, 0xEB, 0x44, 0x00, 0x04, 0x08, // 0x7770
		0x80, 0xC1, 0x20, 0x74, 0x3C, 0x78, 0x10, 0x10,
		0xC0, 0x60, 0x20, 0xB3, 0xCB, 0x6C, 0xF5, 0x07, // 0x7780
		0xC2, 0x14, 0x62, 0x48, 0x00, 0xE4, 0x03, 0x20,
		0x03, 0x40, 0xFF, 0x34, 0x48, 0x10, 0x62, 0x43, // 0x7790
		0x26, 0x41, 0xC8, 0x60, 0xA3, 0xD8, 0xC0, 0x20,
		0x04, 0xC4, 0x22, 0x40, 0x50, 0x68, 0x45, 0xC4, // 0x77A0
		0x42, 0x20, 0x40, 0x70, 0x48, 0x6C, 0x23, 0xDC,
		0xC0, 0x20, 0x82, 0x14, 0x00, 0xE1, 0x00, 0xE0, // 0x77B0
		0xDE, 0xAD, 0xBE, 0xEF, 0x00, 0x10, 0x00, 0x20,
		0xD1, 0x14, 0x6C, 0x11, 0x00, 0x31, 0x40, 0x93, // 0x77C0
		0x07, 0x29, 0x84, 0x68, 0x40, 0xB3, 0x00, 0x32,
		0x89, 0x11, 0x41, 0xB3, 0x49, 0x11, 0x80, 0x33, // 0x77D0
		0x66, 0x43, 0x62, 0xDC, 0x20, 0x20, 0x68, 0x11,
		0x24, 0x94, 0x41, 0x93, 0x02, 0x29, 0x40, 0xB3, // 0x77E0
		0x11, 0x94, 0xFF, 0xE3, 0x8B, 0xC6, 0x05, 0x11,
		0xFF, 0xE3, 0xE5, 0xF7, 0x64, 0xD8, 0x55, 0x00, // 0x77F0
		0x0B, 0x3B, 0x05, 0x08, 0x42, 0x11, 0x60, 0x92,
		0x82, 0x3B, 0x60, 0xB2, 0x91, 0x14, 0xC3, 0x14, // 0x7800
		0x80, 0x93, 0x40, 0x3C, 0x04, 0x08, 0x80, 0x90,
		0x00, 0x35, 0xA0, 0xB4, 0x40, 0x39, 0x20, 0x92, // 0x7810
		0x19, 0x0C, 0x40, 0x39, 0xC0, 0x93, 0x20, 0x90,
		0x0C, 0x0C, 0x02, 0x35, 0x80, 0x91, 0x58, 0x71, // 0x7820
		0x14, 0x6D, 0x80, 0xB1, 0x40, 0x93, 0x01, 0x22,
		0x1F, 0x3A, 0x18, 0x08, 0x40, 0xB3, 0x83, 0x14, // 0x7830
		0x01, 0x34, 0xC4, 0xC4, 0x25, 0x40, 0x80, 0x91,
		0x14, 0x6D, 0x80, 0xB1, 0x00, 0x31, 0x20, 0xB2, // 0x7840
		0xF2, 0x07, 0x40, 0x39, 0xFC, 0x0B, 0xA0, 0x90,
		0x80, 0x93, 0x03, 0x31, 0x81, 0xC4, 0x24, 0x40, // 0x7850
		0x20, 0x95, 0x50, 0x6C, 0x20, 0xB5, 0x01, 0x31,
		0xF3, 0x07, 0x00, 0x32, 0x40, 0xB3, 0x60, 0x90, // 0x7860
		0x03, 0x23, 0x60, 0xB0, 0xE5, 0x07, 0x00, 0x00,
		0x00, 0xB0, 0x01, 0x40, 0x08, 0x02, 0x00, 0x20, // 0x7870
		0x00, 0xE1, 0x00, 0xE0, 0x34, 0x0B, 0x00, 0x20,
		0x04, 0x08, 0x01, 0x02, 0x00, 0xC0, 0x01, 0x40, // 0x7880
		0x49, 0x3A, 0x43, 0x75, 0x72, 0x72, 0x65, 0x6E,
		0x74, 0x20, 0x63, 0x61, 0x6C, 0x69, 0x2C, 0x6F, // 0x7890
		0x66, 0x66, 0x3A, 0x25, 0x64, 0x20, 0x6F, 0x6E,
		0x3A, 0x25, 0x64, 0x0A, 0x00, 0x49, 0x3A, 0x52, // 0x78A0
		0x65, 0x63, 0x74, 0x20, 0x6D, 0x6F, 0x64, 0x65,
		0x3D, 0x25, 0x64, 0x40, 0x25, 0x64, 0x6D, 0x41, // 0x78B0
		0x0A, 0x00, 0x49, 0x3A, 0x4D, 0x49, 0x20, 0x4F,
		0x43, 0x50, 0x0A, 0x00, 0x49, 0x3A, 0x50, 0x72, // 0x78C0
		0x6F, 0x74, 0x65, 0x63, 0x74, 0x3A, 0x20, 0x53,
		0x6F, 0x66, 0x74, 0x77, 0x61, 0x72, 0x65, 0x20, // 0x78D0
		0x4F, 0x50, 0x50, 0x2E, 0x0A, 0x00, 0x49, 0x3A,
		0x50, 0x52, 0x4F, 0x54, 0x45, 0x43, 0x54, 0x3A, // 0x78E0
		0x4C, 0x56, 0x50, 0x0A, 0x00, 0x49, 0x3A, 0x4F,
		0x54, 0x50, 0x3A, 0x25, 0x64, 0x0A, 0x00, 0x49, // 0x78F0
		0x3A, 0x54, 0x58, 0x20, 0x4F, 0x43, 0x50, 0x20,
		0x50, 0x72, 0x6F, 0x74, 0x65, 0x63, 0x74, 0x69, // 0x7900
		0x6F, 0x6E, 0x21, 0x0A, 0x00, 0x49, 0x3A, 0x54,
		0x58, 0x20, 0x4C, 0x56, 0x50, 0x20, 0x50, 0x72, // 0x7910
		0x6F, 0x74, 0x65, 0x63, 0x74, 0x69, 0x6F, 0x6E,
		0x21, 0x0A, 0x00, 0x49, 0x3A, 0x56, 0x72, 0x65, // 0x7920
		0x63, 0x74, 0x20, 0x4F, 0x56, 0x50, 0x0A, 0x00,
		0x49, 0x3A, 0x48, 0x4F, 0x50, 0x33, 0x3A, 0x25, // 0x7930
		0x64, 0x2D, 0x25, 0x64, 0x3D, 0x25, 0x64, 0x6D,
		0x56, 0x20, 0x25, 0x64, 0x6D, 0x41, 0x20, 0x25, // 0x7940
		0x64, 0x6D, 0x57, 0x0A, 0x00, 0x49, 0x3A, 0x48,
		0x4F, 0x50, 0x31, 0x3A, 0x25, 0x64, 0x2D, 0x25, // 0x7950
		0x64, 0x3D, 0x25, 0x64, 0x6D, 0x56, 0x20, 0x70,
		0x72, 0x65, 0x3D, 0x25, 0x64, 0x6D, 0x56, 0x20, // 0x7960
		0x25, 0x64, 0x6D, 0x41, 0x0A, 0x00, 0x49, 0x3A,
		0x48, 0x4F, 0x50, 0x32, 0x3A, 0x25, 0x64, 0x2D, // 0x7970
		0x25, 0x64, 0x3D, 0x25, 0x64, 0x6D, 0x56, 0x20,
		0x25, 0x64, 0x6D, 0x41, 0x0A, 0x00, 0x49, 0x3A, // 0x7980
		0x4F, 0x54, 0x50, 0x20, 0x31, 0x32, 0x35, 0x0A,
		0x00, 0x49, 0x3A, 0x4D, 0x49, 0x20, 0x53, 0x43, // 0x7990
		0x50, 0x0A, 0x00, 0x44, 0x3A, 0x54, 0x78, 0x20,
		0x4C, 0x44, 0x4F, 0x20, 0x4F, 0x4E, 0x3A, 0x25, // 0x79A0
		0x64, 0x6D, 0x41, 0x20, 0x25, 0x64, 0x20, 0x25,
		0x64, 0x0A, 0x00, 0x49, 0x3A, 0x43, 0x4F, 0x4D, // 0x79B0
		0x50, 0x53, 0x5B, 0x25, 0x64, 0x5D, 0x3D, 0x25,
		0x64, 0x0A, 0x00, 0x49, 0x3A, 0x25, 0x73, 0x20, // 0x79C0
		0x53, 0x77, 0x69, 0x74, 0x63, 0x68, 0x20, 0x74,
		0x6F, 0x20, 0x46, 0x75, 0x6C, 0x6C, 0x20, 0x62, // 0x79D0
		0x72, 0x69, 0x64, 0x67, 0x65, 0x0A, 0x00, 0x54,
		0x69, 0x6D, 0x65, 0x6F, 0x75, 0x74, 0x00, 0x49, // 0x79E0
		0x3A, 0x50, 0x50, 0x50, 0x20, 0x54, 0x69, 0x6D,
		0x65, 0x6F, 0x75, 0x74, 0x0A, 0x00, 0x49, 0x3A, // 0x79F0
		0x46, 0x4F, 0x44, 0x20, 0x49, 0x6E, 0x64, 0x65,
		0x78, 0x3D, 0x25, 0x64, 0x20, 0x49, 0x3D, 0x25, // 0x7A00
		0x64, 0x6D, 0x41, 0x20, 0x4E, 0x65, 0x78, 0x74,
		0x3D, 0x25, 0x64, 0x6D, 0x41, 0x0A, 0x00, 0x41, // 0x7A10
		0x75, 0x74, 0x68, 0x00, 0x41, 0x64, 0x61, 0x70,
		0x74, 0x65, 0x72, 0x20, 0x54, 0x79, 0x70, 0x65, // 0x7A20
		0x00, 0x55, 0x55, 0x49, 0x44, 0x00, 0x52, 0x65,
		0x6E, 0x65, 0x67, 0x00, 0x46, 0x61, 0x73, 0x74, // 0x7A30
		0x20, 0x43, 0x68, 0x61, 0x72, 0x67, 0x65, 0x00,
		0x54, 0x72, 0x61, 0x6E, 0x73, 0x70, 0x61, 0x72, // 0x7A40
		0x65, 0x6E, 0x74, 0x00, 0x03, 0x00, 0x00, 0x00,
		0x7A, 0x61, 0x00, 0x00, 0x04, 0x00, 0x00, 0x00, // 0x7A50
		0x18, 0x61, 0x00, 0x00, 0x05, 0x00, 0x00, 0x00,
		0xBA, 0x60, 0x00, 0x00, 0x02, 0x00, 0x00, 0x00, // 0x7A60
		0xC4, 0x60, 0x00, 0x00, 0x18, 0x00, 0x00, 0x00,
		0xA0, 0x60, 0x00, 0x00, 0x19, 0x00, 0x00, 0x00, // 0x7A70
		0xB8, 0x60, 0x00, 0x00, 0x28, 0x00, 0x00, 0x00,
		0xB6, 0x60, 0x00, 0x00, 0x29, 0x00, 0x00, 0x00, // 0x7A80
		0xB4, 0x60, 0x00, 0x00, 0x38, 0x00, 0x00, 0x00,
		0xB2, 0x60, 0x00, 0x00, 0x48, 0x00, 0x00, 0x00, // 0x7A90
		0xB0, 0x60, 0x00, 0x00, 0x58, 0x00, 0x00, 0x00,
		0xAE, 0x60, 0x00, 0x00, 0x68, 0x00, 0x00, 0x00, // 0x7AA0
		0xAC, 0x60, 0x00, 0x00, 0x78, 0x00, 0x00, 0x00,
		0xAA, 0x60, 0x00, 0x00, 0x84, 0x00, 0x00, 0x00, // 0x7AB0
		0xA8, 0x60, 0x00, 0x00, 0xA4, 0x00, 0x00, 0x00,
		0xA6, 0x60, 0x00, 0x00, 0xC4, 0x00, 0x00, 0x00, // 0x7AC0
		0xA4, 0x60, 0x00, 0x00, 0xE2, 0x00, 0x00, 0x00,
		0xA2, 0x60, 0x00, 0x00, 0xC1, 0x14, 0x03, 0x6F, // 0x7AD0
		0x01, 0xC4, 0x2D, 0x24, 0x8D, 0xE4, 0x03, 0x20,
		0x40, 0x3C, 0x0D, 0x0C, 0x40, 0x3A, 0x0A, 0x0C, // 0x7AE0
		0x60, 0x81, 0x00, 0x21, 0x00, 0x2A, 0x6C, 0xDC,
		0x00, 0x00, 0x8C, 0xE5, 0x00, 0x00, 0x40, 0x3A, // 0x7AF0
		0xF8, 0x0B, 0x81, 0x14, 0x2F, 0x3A, 0x15, 0x08,
		0xA1, 0xD9, 0x00, 0x20, 0x61, 0x91, 0x82, 0x91, // 0x7B00
		0xAC, 0xDD, 0x00, 0x20, 0xA1, 0xD9, 0x03, 0x20,
		0x6C, 0xDC, 0x01, 0x20, 0x8C, 0xDC, 0x02, 0x20, // 0x7B10
		0xAC, 0xDD, 0x03, 0x20, 0x0F, 0x2A, 0x0F, 0x21,
		0x8C, 0xE5, 0x0F, 0x00, 0x2F, 0x3A, 0xED, 0x0F, // 0x7B20
		0x23, 0x3A, 0x0A, 0x08, 0x60, 0x91, 0x03, 0x2A,
		0x03, 0x21, 0x6C, 0xDC, 0x00, 0x20, 0x8C, 0xE5, // 0x7B30
		0x03, 0x00, 0x23, 0x3A, 0xF8, 0x0F, 0x40, 0x3A,
		0xDD, 0x0F, 0x60, 0x81, 0x00, 0x21, 0x00, 0x2A, // 0x7B40
		0x6C, 0xDC, 0x00, 0x00, 0x8C, 0xE5, 0x00, 0x00,
		0xF7, 0x07, 0x49, 0x3A, 0x46, 0x53, 0x4B, 0x3A, // 0x7B50
		0x25, 0x78, 0x00, 0x20, 0x25, 0x78, 0x00, 0x49,
		0x3A, 0x46, 0x75, 0x6C, 0x6C, 0x40, 0x25, 0x64, // 0x7B60
		0x6D, 0x41, 0x20, 0x25, 0x64, 0x2D, 0x3E, 0x25,
		0x64, 0x20, 0x25, 0x64, 0x2D, 0x3E, 0x25, 0x64, // 0x7B70
		0x0A, 0x00, 0x49, 0x3A, 0x48, 0x61, 0x6C, 0x66,
		0x40, 0x25, 0x64, 0x6D, 0x41, 0x20, 0x25, 0x64, // 0x7B80
		0x2D, 0x3E, 0x25, 0x64, 0x20, 0x25, 0x64, 0x2D,
		0x3E, 0x25, 0x64, 0x0A, 0x00, 0x44, 0x3A, 0x50, // 0x7B90
		0x49, 0x4E, 0x47, 0x3A, 0x25, 0x64, 0x6D, 0x56,
		0x20, 0x25, 0x64, 0x30, 0x30, 0x6B, 0x48, 0x7A, // 0x7BA0
		0x20, 0x25, 0x64, 0x40, 0x25, 0x64, 0x0A, 0x00,
		0x49, 0x3A, 0x50, 0x57, 0x4D, 0x5F, 0x45, 0x4E, // 0x7BB0
		0x41, 0x42, 0x4C, 0x45, 0x0A, 0x00, 0x49, 0x3A,
		0x41, 0x53, 0x4B, 0x3A, 0x25, 0x78, 0x00, 0x00, // 0x7BC0
		0x40, 0x39, 0x03, 0x08, 0x00, 0xC0, 0x20, 0x2C,
		0x40, 0x38, 0x02, 0x08, 0x3C, 0x78, 0xC2, 0x14, // 0x7BD0
		0x43, 0x6D, 0x45, 0x6D, 0xDF, 0x38, 0x03, 0x0C,
		0x02, 0x6C, 0x00, 0x20, 0xDF, 0x39, 0x03, 0x0C, // 0x7BE0
		0x46, 0x6C, 0x00, 0x21, 0x01, 0x32, 0xC3, 0x6C,
		0x03, 0xC4, 0x44, 0x7C, 0x90, 0x70, 0x10, 0x70, // 0x7BF0
		0xC7, 0x6C, 0x03, 0xC4, 0x44, 0x7C, 0x00, 0x24,
		0xC3, 0x6C, 0xD1, 0x70, 0x12, 0x6D, 0x20, 0x24, // 0x7C00
		0x90, 0x70, 0x10, 0x70, 0x40, 0x3A, 0x09, 0x0C,
		0x00, 0xC4, 0x20, 0x4C, 0xCD, 0x60, 0x4C, 0x64, // 0x7C10
		0x02, 0x0C, 0xC6, 0x60, 0x89, 0x60, 0xF9, 0x0F,
		0x0B, 0x6C, 0x4F, 0x6C, 0x05, 0xC4, 0x25, 0x4C, // 0x7C20
		0x05, 0x0C, 0x02, 0x6C, 0x00, 0x20, 0x46, 0x6C,
		0x00, 0x21, 0x82, 0x14, 0x49, 0x3A, 0x43, 0x6F, // 0x7C30
		0x69, 0x6C, 0x20, 0x69, 0x6E, 0x69, 0x74, 0x3A,
		0x20, 0x4B, 0x65, 0x65, 0x70, 0x20, 0x48, 0x61, // 0x7C40
		0x6C, 0x66, 0x20, 0x62, 0x72, 0x69, 0x64, 0x67,
		0x65, 0x0A, 0x00, 0x49, 0x3A, 0x45, 0x6E, 0x74, // 0x7C50
		0x72, 0x79, 0x20, 0x72, 0x65, 0x63, 0x65, 0x69,
		0x76, 0x65, 0x72, 0x20, 0x6D, 0x6F, 0x64, 0x65, // 0x7C60
		0x2E, 0x0A, 0x00, 0x49, 0x3A, 0x45, 0x6E, 0x74,
		0x72, 0x79, 0x20, 0x74, 0x72, 0x61, 0x6E, 0x6D, // 0x7C70
		0x69, 0x74, 0x74, 0x65, 0x72, 0x20, 0x6D, 0x6F,
		0x64, 0x65, 0x2E, 0x0A, 0x00, 0x49, 0x3A, 0x4D, // 0x7C80
		0x69, 0x20, 0x43, 0x4D, 0x44, 0x3D, 0x25, 0x30,
		0x38, 0x58, 0x0A, 0x00, 0x49, 0x3A, 0x55, 0x4C, // 0x7C90
		0x50, 0x4D, 0x0A, 0x00, 0x49, 0x3A, 0x46, 0x4F,
		0x44, 0x20, 0x74, 0x72, 0x69, 0x67, 0x67, 0x65, // 0x7CA0
		0x72, 0x65, 0x64, 0x0A, 0x00, 0x49, 0x3A, 0x46,
		0x4F, 0x44, 0x5B, 0x25, 0x64, 0x5D, 0x3A, 0x54, // 0x7CB0
		0x78, 0x3D, 0x25, 0x64, 0x6D, 0x57, 0x20, 0x43,
		0x6F, 0x6D, 0x70, 0x73, 0x3D, 0x25, 0x64, 0x6D, // 0x7CC0
		0x57, 0x20, 0x52, 0x78, 0x3D, 0x25, 0x64, 0x6D,
		0x57, 0x20, 0x4C, 0x6F, 0x73, 0x73, 0x3D, 0x25, // 0x7CD0
		0x64, 0x6D, 0x57, 0x20, 0x54, 0x68, 0x3D, 0x25,
		0x64, 0x6D, 0x57, 0x20, 0x43, 0x4E, 0x54, 0x3D, // 0x7CE0
		0x25, 0x64, 0x0A, 0x00, 0x49, 0x3A, 0x57, 0x41,
		0x49, 0x54, 0x20, 0x46, 0x4F, 0x52, 0x20, 0x55, // 0x7CF0
		0x50, 0x44, 0x41, 0x54, 0x45, 0x21, 0x0A, 0x00,
		0x20, 0xEA, 0x00, 0x80, 0x00, 0xC0, 0x20, 0x64, // 0x7D00
		0x10, 0x10, 0x83, 0x6F, 0x30, 0x10, 0x51, 0x10,
		0x71, 0x10, 0xCA, 0x60, 0x40, 0x3B, 0x08, 0x0C, // 0x7D10
		0x00, 0x91, 0x00, 0xB2, 0x03, 0x21, 0x03, 0x22,
		0x03, 0x2B, 0x40, 0x3B, 0xFA, 0x0B, 0x2D, 0x10, // 0x7D20
		0x4D, 0x10, 0x00, 0x30, 0x86, 0x60, 0x40, 0x3A,
		0x06, 0x0C, 0x00, 0xB1, 0x03, 0x21, 0x03, 0x2A, // 0x7D30
		0x40, 0x3A, 0xFC, 0x0B, 0xFF, 0xE3, 0x04, 0xFD,
		0xFF, 0xE3, 0x84, 0xF7, 0x00, 0x04, 0x00, 0x00, // 0x7D40
		0x00, 0x18, 0x00, 0x20, 0x2C, 0x7F, 0x00, 0x00,
		0xA0, 0x0C, 0x00, 0x20, 0xA0, 0x0C, 0x00, 0x20, // 0x7D50
		0x00, 0x00, 0x00, 0x20, 0xA0, 0x0C, 0x00, 0x20,
		0xC1, 0x14, 0x40, 0x39, 0x03, 0x08, 0x00, 0xC0, // 0x7D60
		0x20, 0x2C, 0x40, 0x38, 0x02, 0x08, 0x81, 0x14,
		0x03, 0x6D, 0xDF, 0x38, 0x03, 0x0C, 0x02, 0x6C, // 0x7D70
		0x00, 0x20, 0xDF, 0x39, 0x03, 0x0C, 0x46, 0x6C,
		0x00, 0x21, 0x83, 0x6C, 0x02, 0xC4, 0x43, 0x7C, // 0x7D80
		0x01, 0x32, 0x8C, 0x70, 0x0C, 0x70, 0x00, 0x33,
		0x00, 0xC4, 0x20, 0x4C, 0xCD, 0x60, 0x4C, 0x64, // 0x7D90
		0x02, 0x0C, 0xC6, 0x60, 0x89, 0x60, 0xF9, 0x0F,
		0x0F, 0x6C, 0x04, 0xC4, 0x24, 0x4C, 0x03, 0x0C, // 0x7DA0
		0x02, 0x6C, 0x00, 0x20, 0x81, 0x14, 0x00, 0x00,
		0x40, 0x39, 0x03, 0x08, 0x00, 0xC0, 0x20, 0x2C, // 0x7DB0
		0x40, 0x38, 0x02, 0x08, 0x3C, 0x78, 0xC1, 0x14,
		0x01, 0x32, 0xC3, 0x6C, 0x03, 0xC4, 0x44, 0x7C, // 0x7DC0
		0x90, 0x70, 0x10, 0x70, 0xC7, 0x6C, 0x03, 0xC4,
		0x44, 0x7C, 0x00, 0x24, 0xC3, 0x6C, 0xD1, 0x70, // 0x7DD0
		0x12, 0x6D, 0x20, 0x24, 0x90, 0x70, 0x10, 0x70,
		0x40, 0x3A, 0x09, 0x0C, 0x00, 0xC4, 0x20, 0x4C, // 0x7DE0
		0xCD, 0x60, 0x4C, 0x64, 0x02, 0x0C, 0xC6, 0x60,
		0x89, 0x60, 0xF9, 0x0F, 0x0B, 0x6C, 0x4F, 0x6C, // 0x7DF0
		0x81, 0x14, 0x00, 0x00, 0x43, 0x12, 0x00, 0x00,
		0x78, 0x1E, 0x00, 0x00, 0xE2, 0x36, 0x00, 0x00, // 0x7E00
		0xB6, 0x67, 0x00, 0x00, 0x00, 0x00, 0x58, 0x1B,
		0xFF, 0x00, 0xFF, 0x00, 0x58, 0x1B, 0x28, 0x23, // 0x7E10
		0x73, 0x00, 0xFF, 0x00, 0x28, 0x23, 0x10, 0x27,
		0x55, 0x00, 0x73, 0x00, 0x10, 0x27, 0xC8, 0x32, // 0x7E20
		0x36, 0x00, 0x55, 0x00, 0xC8, 0x32, 0x50, 0x46,
		0x23, 0x00, 0x36, 0x00, 0x49, 0x3A, 0x57, 0x6F, // 0x7E30
		0x72, 0x6B, 0x20, 0x69, 0x6E, 0x69, 0x74, 0x0A,
		0x00, 0x50, 0x72, 0x6F, 0x6A, 0x65, 0x63, 0x74, // 0x7E40
		0x00, 0x49, 0x3A, 0x25, 0x73, 0x20, 0x25, 0x73,
		0x0A, 0x00, 0x44, 0x3A, 0x49, 0x6E, 0x69, 0x74, // 0x7E50
		0x20, 0x63, 0x6F, 0x6D, 0x70, 0x6C, 0x65, 0x74,
		0x65, 0x21, 0x0A, 0x00, 0x40, 0x39, 0x03, 0x08, // 0x7E60
		0x00, 0xC0, 0x20, 0x2C, 0x40, 0x38, 0x02, 0x08,
		0x3C, 0x78, 0x83, 0x6C, 0x02, 0xC4, 0x43, 0x7C, // 0x7E70
		0x01, 0x32, 0x8C, 0x70, 0x0C, 0x70, 0x00, 0x33,
		0x00, 0xC4, 0x20, 0x4C, 0xCD, 0x60, 0x4C, 0x64, // 0x7E80
		0x02, 0x0C, 0xC6, 0x60, 0x89, 0x60, 0xF9, 0x0F,
		0x0F, 0x6C, 0x3C, 0x78, 0x1F, 0xC0, 0x23, 0x60, // 0x7E90
		0x22, 0xEA, 0xCD, 0xAB, 0xCD, 0x74, 0xC8, 0x6C,
		0x00, 0xC0, 0x20, 0x04, 0x03, 0xC0, 0x3F, 0x64, // 0x7EA0
		0x00, 0xC0, 0x20, 0x04, 0x03, 0x6C, 0xFF, 0x07,
		0x22, 0x14, 0x01, 0xB8, 0x20, 0xB8, 0x7F, 0x6C, // 0x7EB0
		0x01, 0x40, 0x40, 0x60, 0x21, 0xD8, 0x00, 0x50,
		0x21, 0x41, 0xC4, 0x63, 0x01, 0x98, 0x20, 0x98, // 0x7EC0
		0x02, 0x14, 0x3C, 0x78, 0x22, 0x14, 0x01, 0xB8,
		0x20, 0xB8, 0x7F, 0x6C, 0x01, 0x40, 0x40, 0x60, // 0x7ED0
		0x20, 0x89, 0x21, 0x41, 0xC4, 0x63, 0x01, 0x98,
		0x20, 0x98, 0x02, 0x14, 0x3C, 0x78, 0x4C, 0x1D, // 0x7EE0
		0xE8, 0x03, 0x4C, 0x1D, 0xD0, 0x07, 0x4C, 0x1D,
		0xB8, 0x0B, 0x90, 0x65, 0xA0, 0x0F, 0x90, 0x65, // 0x7EF0
		0x88, 0x13, 0x90, 0x65, 0x4C, 0x1D, 0x00, 0x00,
		0x21, 0x14, 0x20, 0xB8, 0x7F, 0x6C, 0x40, 0x60, // 0x7F00
		0x20, 0x81, 0x21, 0x41, 0xC4, 0x63, 0x20, 0x98,
		0x01, 0x14, 0x3C, 0x78, 0x00, 0x06, 0x00, 0x04, // 0x7F10
		0x00, 0x02, 0x00, 0x00, 0x00, 0x08, 0x00, 0x0A,
		0x00, 0x0C, 0x00, 0x0E, 0x00, 0x00, 0x00, 0x00, // 0x7F20
		0x00, 0x00, 0x00, 0x00, 0x00, 0x00, 0x00, 0x00,
		0x00, 0x00, 0x00, 0x00, 0x00, 0x00, 0x00, 0x00, // 0x7F30
		0x00, 0x00, 0x00, 0x00, 0x00, 0x00, 0x00, 0x00,
		0x00, 0x00, 0x00, 0x00, 0x00, 0x00, 0x00, 0x00, // 0x7F40
		0x00, 0x00, 0x00, 0x00, 0x00, 0x00, 0x00, 0x00,
		0x00, 0x00, 0x00, 0x00, 0x00, 0x00, 0x00, 0x00, // 0x7F50
		0x00, 0x00, 0x00, 0x00, 0x00, 0x00, 0x00, 0x00,
		0x00, 0x00, 0x00, 0x00, 0x00, 0x00, 0x00, 0x00, // 0x7F60
		0x00, 0x00, 0x00, 0x00, 0x00, 0x00, 0x00, 0x00,
		0x00, 0x00, 0x00, 0x00, 0x00, 0x00, 0x00, 0x00, // 0x7F70
		0x00, 0x00, 0x00, 0x00, 0x00, 0x00, 0x00, 0x00,
		0x00, 0x00, 0x00, 0x00, 0x00, 0x00, 0x00, 0x00, // 0x7F80
		0x00, 0x00, 0x00, 0x00, 0x00, 0x00, 0x00, 0x00,
		0x00, 0x00, 0x00, 0x00, 0x00, 0x00, 0x00, 0x00, // 0x7F90
		0x00, 0x00, 0x00, 0x00, 0x00, 0x00, 0x00, 0x00,
		0x00, 0x00, 0x00, 0x00, 0x00, 0x00, 0x00, 0x00, // 0x7FA0
		0x00, 0x00, 0x00, 0x00, 0x00, 0x00, 0x00, 0x00,
		0x00, 0x00, 0x00, 0x00, 0x00, 0x00, 0x00, 0x00, // 0x7FB0
		0x00, 0x00, 0x00, 0x00, 0x00, 0x00, 0x00, 0x00,
		0x00, 0x00, 0x00, 0x00, 0x00, 0x00, 0x00, 0x00, // 0x7FC0
		0x00, 0x00, 0x00, 0x00, 0x00, 0x00, 0x00, 0x00,
		0x00, 0x00, 0x00, 0x00, 0x00, 0x00, 0x00, 0x00, // 0x7FD0
		0x00, 0x00, 0x00, 0x00, 0x00, 0x00, 0x00, 0x00,
		0x00, 0x00, 0x00, 0x00, 0x00, 0x00, 0x00, 0x00, // 0x7FE0
		0x00, 0x00, 0x00, 0x00, 0x00, 0x00, 0x00, 0x00,
		0x00, 0x00, 0x00, 0x00, 0x64, 0xAB, 0x2B, 0xBD, // 0x7FF0
	},

	{
		// O18
		0x7C, 0x7C, 0x00, 0x00, 0x38, 0x1B, 0x00, 0x00,
		0x38, 0x1B, 0x00, 0x00, 0x38, 0x1B, 0x00, 0x00, // 0x0000
		0x38, 0x1B, 0x00, 0x00, 0x38, 0x1B, 0x00, 0x00,
		0x38, 0x1B, 0x00, 0x00, 0x38, 0x1B, 0x00, 0x00, // 0x0010
		0x38, 0x1B, 0x00, 0x00, 0x38, 0x1B, 0x00, 0x00,
		0x38, 0x1B, 0x00, 0x00, 0x38, 0x1B, 0x00, 0x00, // 0x0020
		0x38, 0x1B, 0x00, 0x00, 0x38, 0x1B, 0x00, 0x00,
		0x38, 0x1B, 0x00, 0x00, 0x38, 0x1B, 0x00, 0x00, // 0x0030
		0x38, 0x1B, 0x00, 0x00, 0x38, 0x1B, 0x00, 0x00,
		0x38, 0x1B, 0x00, 0x00, 0x38, 0x1B, 0x00, 0x00, // 0x0040
		0x38, 0x1B, 0x00, 0x00, 0x38, 0x1B, 0x00, 0x00,
		0x4C, 0x1E, 0x00, 0x00, 0x38, 0x1B, 0x00, 0x00, // 0x0050
		0x38, 0x1B, 0x00, 0x00, 0x38, 0x1B, 0x00, 0x00,
		0x38, 0x1B, 0x00, 0x00, 0x38, 0x1B, 0x00, 0x00, // 0x0060
		0x38, 0x1B, 0x00, 0x00, 0x38, 0x1B, 0x00, 0x00,
		0x38, 0x1B, 0x00, 0x00, 0x38, 0x1B, 0x00, 0x00, // 0x0070
		0x44, 0x1E, 0x00, 0x00, 0x3C, 0x1E, 0x00, 0x00,
		0x34, 0x1E, 0x00, 0x00, 0x5C, 0x1D, 0x00, 0x00, // 0x0080
		0x4C, 0x1D, 0x00, 0x00, 0x2C, 0x1E, 0x00, 0x00,
		0x44, 0x1D, 0x00, 0x00, 0x38, 0x1C, 0x00, 0x00, // 0x0090
		0x3C, 0x1D, 0x00, 0x00, 0x48, 0x1B, 0x00, 0x00,
		0x24, 0x1E, 0x00, 0x00, 0x1C, 0x1E, 0x00, 0x00, // 0x00A0
		0x0A, 0x20, 0x00, 0x00, 0xAA, 0x1C, 0x00, 0x00,
		0x9C, 0x1B, 0x00, 0x00, 0x1E, 0x21, 0x00, 0x00, // 0x00B0
		0x14, 0x1E, 0x00, 0x00, 0x0C, 0x1E, 0x00, 0x00,
		0x50, 0x1B, 0x00, 0x00, 0x04, 0x1E, 0x00, 0x00, // 0x00C0
		0xFC, 0x1D, 0x00, 0x00, 0x80, 0x1B, 0x00, 0x00,
		0x78, 0x1B, 0x00, 0x00, 0x70, 0x1B, 0x00, 0x00, // 0x00D0
		0x68, 0x1B, 0x00, 0x00, 0x60, 0x1B, 0x00, 0x00,
		0x58, 0x1B, 0x00, 0x00, 0x8A, 0x21, 0x00, 0x00, // 0x00E0
		0xAE, 0x1F, 0x00, 0x00, 0x88, 0x1B, 0x00, 0x00,
		0xF4, 0x1D, 0x00, 0x00, 0xEC, 0x1D, 0x00, 0x00, // 0x00F0
		0x81, 0x62, 0x09, 0x00, 0x18, 0x00, 0x00, 0x00,
		0x01, 0x00, 0x00, 0x80, 0x9F, 0x38, 0x94, 0x07, // 0x0100
		0x6E, 0x00, 0x00, 0x00, 0x00, 0x00, 0x00, 0x00,
		0x00, 0x00, 0x00, 0x00, 0x00, 0x00, 0x00, 0x00, // 0x0110
		0x08, 0x07, 0x98, 0x3A, 0x0C, 0x17, 0x7C, 0x15,
		0xA8, 0x61, 0x70, 0x17, 0xD8, 0x59, 0xA8, 0x61, // 0x0120
		0x4C, 0x1D, 0xF0, 0x55, 0x70, 0x17, 0x00, 0x00,
		0x88, 0x13, 0x4C, 0x1D, 0x28, 0x23, 0xE0, 0x2E, // 0x0130
		0xE0, 0x2E, 0xA0, 0x0F, 0xF4, 0x01, 0xC8, 0x00,
		0x64, 0x00, 0x00, 0x00, 0x03, 0x00, 0x28, 0x00, // 0x0140
		0xF4, 0x01, 0x14, 0x00, 0x00, 0x00, 0x00, 0x00,
		0x96, 0x00, 0xB0, 0x04, 0x00, 0x00, 0x00, 0x00, // 0x0150
		0x80, 0x0D, 0x80, 0x0E, 0x8B, 0x0D, 0x91, 0x05,
		0x96, 0x03, 0x94, 0x08, 0x96, 0x08, 0x98, 0x08, // 0x0160
		0x7F, 0x09, 0x85, 0x07, 0x89, 0x0F, 0x8B, 0x10,
		0x8D, 0x0D, 0x8B, 0x2A, 0x92, 0x1E, 0x90, 0x18, // 0x0170
		0x01, 0x00, 0x08, 0x00, 0x5A, 0x00, 0x00, 0x00,
		0x20, 0x00, 0x00, 0x00, 0x00, 0x00, 0x00, 0x00, // 0x0180
		0x00, 0x00, 0x00, 0x00, 0x28, 0x00, 0x64, 0x00,
		0x00, 0x00, 0x00, 0x00, 0x00, 0x00, 0x00, 0x00, // 0x0190
		0x7E, 0x04, 0xAA, 0x05, 0x94, 0x11, 0x00, 0x00,
		0x40, 0x06, 0xD0, 0x07, 0x20, 0x4E, 0x20, 0x4E, // 0x01A0
		0xC0, 0x5D, 0x90, 0x65, 0x78, 0x00, 0x00, 0x00,
		0x00, 0x00, 0x00, 0x00, 0x90, 0x01, 0x46, 0x00, // 0x01B0
		0xAA, 0x05, 0xF5, 0x00, 0x00, 0x00, 0x00, 0x00,
		0x00, 0x00, 0x00, 0x00, 0x00, 0x00, 0x00, 0x00, // 0x01C0
		0x32, 0x32, 0x00, 0x00, 0x01, 0x00, 0x7C, 0x15,
		0x2C, 0x01, 0x64, 0x00, 0x5E, 0x01, 0xFF, 0x00, // 0x01D0
		0x00, 0x05, 0x00, 0x00, 0x40, 0x06, 0x08, 0x07,
		0x98, 0x08, 0xC4, 0x09, 0xB8, 0x0B, 0xB2, 0x0C, // 0x01E0
		0x00, 0x00, 0x00, 0x00, 0x00, 0x00, 0x00, 0x00,
		0x00, 0x00, 0x00, 0x00, 0x00, 0x00, 0x00, 0x00, // 0x01F0
		0xD3, 0x14, 0x6F, 0x33, 0x0C, 0x7C, 0x64, 0x31,
		0x00, 0xE0, 0x9E, 0x3C, 0x7D, 0x10, 0x83, 0x6D, // 0x0200
		0x63, 0xD8, 0x8C, 0x01, 0x00, 0xC4, 0x25, 0x84,
		0x40, 0x3B, 0x08, 0x08, 0x0A, 0x30, 0x18, 0x7C, // 0x0210
		0x0A, 0x31, 0x00, 0xE0, 0x85, 0x3D, 0x01, 0x75,
		0x16, 0x04, 0x41, 0x3B, 0xFA, 0x31, 0x22, 0x41, // 0x0220
		0x17, 0x6C, 0x1F, 0x08, 0x00, 0xE0, 0x7C, 0x3D,
		0x1E, 0x33, 0xFA, 0x31, 0x0C, 0x7C, 0x22, 0x41, // 0x0230
		0x00, 0xE0, 0x76, 0x3D, 0x0A, 0x31, 0x03, 0x6D,
		0x02, 0x46, 0x18, 0x60, 0x00, 0xE0, 0x70, 0x3D, // 0x0240
		0x00, 0x61, 0x11, 0x75, 0xFA, 0x31, 0x22, 0x41,
		0x17, 0x6C, 0x00, 0xE0, 0x69, 0x3D, 0xC8, 0x33, // 0x0250
		0xFA, 0x31, 0x0C, 0x7C, 0x22, 0x41, 0x00, 0xE0,
		0x63, 0x3D, 0x10, 0x60, 0x01, 0x74, 0x93, 0x14, // 0x0260
		0x00, 0xE0, 0x5E, 0x3D, 0x3C, 0x33, 0xFA, 0x31,
		0x0C, 0x7C, 0x22, 0x41, 0xD3, 0x07, 0x00, 0x00, // 0x0270
		0x00, 0x00, 0x00, 0x20, 0xD3, 0x14, 0x68, 0x00,
		0x8F, 0x6D, 0x43, 0x93, 0x42, 0xE4, 0x08, 0x20, // 0x0280
		0xAA, 0x00, 0x40, 0x3A, 0x18, 0x08, 0x63, 0xD8,
		0x26, 0x10, 0x45, 0xD8, 0x28, 0x10, 0xC8, 0x60, // 0x0290
		0x45, 0xD8, 0x2A, 0x10, 0x8C, 0x60, 0x79, 0x8D,
		0xC8, 0x64, 0x62, 0xC4, 0x20, 0x0C, 0x50, 0x00, // 0x02A0
		0x21, 0x8A, 0x56, 0x8D, 0x48, 0x64, 0x03, 0x08,
		0x63, 0xE4, 0xCF, 0x17, 0xCD, 0x74, 0x65, 0xDC, // 0x02B0
		0xB5, 0x10, 0x93, 0x14, 0x80, 0x32, 0x63, 0x93,
		0x47, 0x42, 0xC8, 0x68, 0x40, 0x3B, 0x06, 0x08, // 0x02C0
		0x63, 0x96, 0x63, 0xE4, 0x20, 0x20, 0x40, 0x3B,
		0x06, 0x08, 0x66, 0xD8, 0x26, 0x10, 0x45, 0xD8, // 0x02D0
		0x29, 0x10, 0xDE, 0x07, 0x14, 0x31, 0x85, 0xD8,
		0x27, 0x10, 0x00, 0xE0, 0x21, 0x3D, 0x01, 0x74, // 0x02E0
		0x61, 0x5C, 0xDF, 0x3B, 0x19, 0x08, 0xCC, 0x7C,
		0x45, 0xD8, 0x26, 0x10, 0xC8, 0x7C, 0x63, 0x53, // 0x02F0
		0x45, 0xD8, 0x29, 0x10, 0xC8, 0x60, 0x45, 0xD8,
		0x28, 0x10, 0x8C, 0x64, 0x43, 0xC4, 0x20, 0x0C, // 0x0300
		0x66, 0xD8, 0x3C, 0x10, 0x8C, 0x60, 0x00, 0x33,
		0x02, 0xEB, 0x45, 0x00, 0x43, 0xC4, 0x20, 0x0C, // 0x0310
		0x66, 0xD8, 0x25, 0x10, 0xBD, 0x07, 0x00, 0x33,
		0xEC, 0x07, 0x4E, 0x01, 0x63, 0x92, 0x63, 0xE4, // 0x0320
		0x00, 0x22, 0x40, 0x3B, 0xFC, 0x0B, 0x00, 0xB2,
		0x3C, 0x78, 0xD4, 0x14, 0x72, 0x01, 0x00, 0x32, // 0x0330
		0x60, 0x83, 0x00, 0x23, 0x25, 0x3B, 0x62, 0xC4,
		0x20, 0x0C, 0x61, 0x43, 0xBA, 0x01, 0x55, 0x01, // 0x0340
		0x8C, 0x60, 0xC0, 0x8A, 0x56, 0x01, 0xC8, 0x60,
		0x06, 0xE4, 0x09, 0x00, 0xFA, 0x31, 0xC5, 0xD8, // 0x0350
		0x5D, 0x00, 0x80, 0x61, 0x00, 0x8B, 0x22, 0x41,
		0x18, 0x7C, 0xE0, 0x02, 0x00, 0xE0, 0xE0, 0x3C, // 0x0360
		0x03, 0x6D, 0x1B, 0x6C, 0x00, 0xE0, 0x0F, 0x2A,
		0x80, 0x33, 0x23, 0x95, 0x6E, 0x43, 0x4C, 0x68, // 0x0370
		0x40, 0x39, 0x54, 0x0C, 0x60, 0xE4, 0x2F, 0x00,
		0x61, 0x43, 0xDC, 0x60, 0x20, 0x83, 0x04, 0x7D, // 0x0380
		0x63, 0xD8, 0x01, 0x40, 0x32, 0x30, 0x0C, 0x7C,
		0x87, 0x54, 0x00, 0x33, 0x00, 0x61, 0xDF, 0x3C, // 0x0390
		0x83, 0xC4, 0x40, 0x0C, 0x19, 0x74, 0xFF, 0xE3,
		0x2D, 0xFF, 0x80, 0x32, 0x63, 0x95, 0x4D, 0x42, // 0x03A0
		0xC8, 0x68, 0x00, 0x61, 0x40, 0x3B, 0x03, 0x0C,
		0x84, 0xE4, 0x2B, 0x11, 0x06, 0xEA, 0xFF, 0xFF, // 0x03B0
		0x04, 0xEB, 0xFF, 0xFF, 0xDB, 0x6C, 0x64, 0xC4,
		0x20, 0x0C, 0x67, 0xDC, 0xB8, 0x10, 0x27, 0xD8, // 0x03C0
		0xB2, 0x01, 0xFA, 0x33, 0x62, 0x43, 0x21, 0x49,
		0x4C, 0x7C, 0x9D, 0xB5, 0x0F, 0x44, 0x00, 0xE0, // 0x03D0
		0xA7, 0x3C, 0x78, 0x02, 0x31, 0x32, 0x20, 0x93,
		0x61, 0x48, 0x40, 0x39, 0x03, 0xC4, 0x40, 0x0C, // 0x03E0
		0x45, 0xDC, 0x24, 0x00, 0x00, 0xEB, 0xFF, 0xFF,
		0x06, 0xC4, 0x40, 0x0C, 0xC1, 0x74, 0x45, 0xD8, // 0x03F0
		0x56, 0x00, 0x67, 0xDC, 0xDB, 0x10, 0x68, 0x4B,
		0x65, 0xDC, 0x26, 0x00, 0x45, 0xDC, 0x25, 0x00, // 0x0400
		0x05, 0xDC, 0x27, 0x00, 0x00, 0xE0, 0x9D, 0x25,
		0x65, 0xD8, 0x56, 0x00, 0x44, 0x3B, 0x05, 0x0C, // 0x0410
		0x80, 0x30, 0x12, 0x40, 0x00, 0xE0, 0xD3, 0x31,
		0x94, 0x14, 0x60, 0xE4, 0x37, 0x00, 0x61, 0x43, // 0x0420
		0xDC, 0x60, 0x00, 0x83, 0x00, 0x7D, 0x63, 0xD8,
		0x01, 0x40, 0x32, 0x30, 0x87, 0x54, 0x0C, 0x7C, // 0x0430
		0x00, 0x61, 0xDF, 0x3C, 0x81, 0xC4, 0x40, 0x0C,
		0xAE, 0x07, 0xC4, 0x14, 0x21, 0x14, 0x72, 0x03, // 0x0440
		0xAE, 0x5B, 0x41, 0x93, 0xA0, 0xB8, 0x80, 0x92,
		0x4A, 0x65, 0x26, 0x08, 0x00, 0x35, 0x41, 0x45, // 0x0450
		0x94, 0x5A, 0x83, 0x44, 0x0C, 0x61, 0xE7, 0x94,
		0xC4, 0xE4, 0x1B, 0x00, 0x40, 0x3F, 0x34, 0x08, // 0x0460
		0x07, 0xB4, 0xC0, 0xC7, 0x20, 0x50, 0x02, 0x28,
		0x06, 0x64, 0x13, 0x24, 0xC2, 0x5D, 0x22, 0x08, // 0x0470
		0x01, 0x30, 0x00, 0xB4, 0x01, 0x46, 0x18, 0x60,
		0x03, 0x40, 0x0C, 0x60, 0x20, 0xB0, 0x94, 0x60, // 0x0480
		0x1D, 0x13, 0x43, 0x42, 0x08, 0x60, 0x22, 0x93,
		0x02, 0xB3, 0xC8, 0x60, 0x40, 0x98, 0x29, 0xB3, // 0x0490
		0x48, 0xB3, 0x00, 0xB1, 0x0A, 0x04, 0x0F, 0x2A,
		0xC3, 0x92, 0x1A, 0x64, 0x08, 0x08, 0xC0, 0xC7, // 0x04A0
		0x23, 0x50, 0x00, 0x2B, 0x21, 0xB2, 0x62, 0xB2,
		0x01, 0x14, 0x84, 0x14, 0x93, 0x6C, 0x80, 0x94, // 0x04B0
		0xCC, 0x07, 0x20, 0xB4, 0xC0, 0xC7, 0x20, 0x50,
		0x21, 0x46, 0x00, 0x28, 0x58, 0x60, 0x23, 0x41, // 0x04C0
		0x4C, 0x60, 0x00, 0xB1, 0xDD, 0x07, 0x00, 0x25,
		0x48, 0x3D, 0xC2, 0x0B, 0xEE, 0x07, 0xC4, 0x14, // 0x04D0
		0x38, 0x16, 0x00, 0x31, 0x01, 0xB8, 0x40, 0xE4,
		0x1F, 0x00, 0x08, 0x1B, 0x81, 0x82, 0x0C, 0x59, // 0x04E0
		0x60, 0x82, 0x90, 0x44, 0x78, 0x43, 0xD0, 0x6C,
		0x83, 0x82, 0xD0, 0x6C, 0x82, 0x82, 0x88, 0x44, // 0x04F0
		0x03, 0x21, 0x41, 0xEB, 0x40, 0x00, 0xD0, 0x6C,
		0x60, 0xB0, 0x03, 0x22, 0xEF, 0x0B, 0x10, 0x31, // 0x0500
		0x08, 0x1A, 0x08, 0x92, 0x6D, 0x92, 0xC1, 0x6C,
		0x02, 0x92, 0xC1, 0x6C, 0x00, 0x92, 0xC1, 0x6C, // 0x0510
		0x00, 0x21, 0x41, 0xEB, 0x50, 0x00, 0x23, 0xC4,
		0x03, 0x49, 0x70, 0xB2, 0x03, 0x22, 0xF2, 0x0B, // 0x0520
		0x61, 0x98, 0x00, 0x32, 0x60, 0x93, 0x62, 0xB8,
		0x61, 0x98, 0xC2, 0x98, 0x61, 0x93, 0x63, 0xB8, // 0x0530
		0x61, 0x98, 0x23, 0x98, 0x62, 0x93, 0x64, 0xB8,
		0x61, 0x98, 0xE4, 0x98, 0x63, 0x93, 0x65, 0xB8, // 0x0540
		0x61, 0x98, 0x64, 0x93, 0x66, 0xB8, 0x4F, 0x6D,
		0x65, 0x98, 0x8C, 0x12, 0xA6, 0xC4, 0x00, 0x49, // 0x0550
		0x10, 0x60, 0x00, 0xB8, 0x08, 0x18, 0x80, 0x5A,
		0x80, 0x94, 0x00, 0x98, 0x03, 0x22, 0x10, 0x60, // 0x0560
		0x42, 0xEB, 0x50, 0x00, 0x67, 0xC4, 0x44, 0x24,
		0x04, 0x69, 0x0D, 0x6D, 0x10, 0x60, 0xC1, 0xC7, // 0x0570
		0x04, 0x49, 0x14, 0x60, 0x5B, 0x6C, 0x4F, 0x6D,
		0x88, 0x08, 0x14, 0x31, 0xA0, 0x12, 0xA0, 0xC4, // 0x0580
		0x02, 0x49, 0x94, 0x60, 0x86, 0xC4, 0x45, 0x24,
		0x5D, 0x6D, 0x94, 0x60, 0x40, 0xB8, 0xA2, 0x41, // 0x0590
		0x00, 0x21, 0x41, 0xEB, 0x28, 0x00, 0x08, 0x1A,
		0x48, 0x61, 0xA0, 0x95, 0x40, 0x98, 0x94, 0x60, // 0x05A0
		0xC6, 0xC7, 0x05, 0x49, 0x8C, 0x60, 0x83, 0x6D,
		0xDF, 0x6C, 0x73, 0x08, 0x85, 0xC4, 0x23, 0x24, // 0x05B0
		0xC0, 0x68, 0x85, 0xC4, 0x26, 0x20, 0xD8, 0x6C,
		0x67, 0xB8, 0xA2, 0xC4, 0x06, 0x49, 0x71, 0x11, // 0x05C0
		0x8C, 0x61, 0x67, 0x98, 0xD8, 0x60, 0x60, 0xB8,
		0xC2, 0x41, 0x00, 0x21, 0x41, 0xEB, 0x3C, 0x00, // 0x05D0
		0x08, 0x1B, 0x8C, 0x61, 0xC0, 0x96, 0x60, 0x98,
		0xD8, 0x60, 0xC0, 0xC7, 0x06, 0x49, 0xDC, 0x60, // 0x05E0
		0x0B, 0x6C, 0xD3, 0x6D, 0x5A, 0x08, 0xC2, 0xC4,
		0x40, 0x24, 0x15, 0x6C, 0x07, 0xB8, 0xE6, 0x11, // 0x05F0
		0xA3, 0xC4, 0x00, 0x49, 0x1C, 0x60, 0xE7, 0x98,
		0xC0, 0x61, 0xE0, 0xB8, 0xE2, 0x41, 0x00, 0x21, // 0x0600
		0x41, 0xEB, 0x50, 0x00, 0x08, 0x18, 0xC0, 0x61,
		0xE0, 0x97, 0x00, 0x98, 0x1C, 0x60, 0xC2, 0xC7, // 0x0610
		0x07, 0x49, 0x10, 0x60, 0x8F, 0x6C, 0x17, 0x6D,
		0x44, 0x08, 0x42, 0x98, 0x80, 0x60, 0x0B, 0x6C, // 0x0620
		0x41, 0x98, 0x00, 0xB2, 0x43, 0x98, 0x8C, 0x60,
		0xCB, 0x6C, 0x41, 0x98, 0x61, 0xB2, 0x64, 0x98, // 0x0630
		0xDC, 0x60, 0xCF, 0x6D, 0x65, 0x98, 0xD8, 0x60,
		0x8F, 0x6D, 0x66, 0x98, 0xD4, 0x60, 0x4F, 0x6D, // 0x0640
		0xE2, 0xB2, 0xC3, 0xB2, 0xCB, 0x6C, 0xA4, 0xB2,
		0x00, 0x32, 0x47, 0xB3, 0x18, 0x16, 0x84, 0x14, // 0x0650
		0x08, 0x02, 0x00, 0x20, 0x00, 0x00, 0x00, 0x20,
		0xD0, 0x04, 0x00, 0x20, 0x00, 0x80, 0x00, 0x40, // 0x0660
		0x50, 0x0C, 0x00, 0x20, 0x52, 0x0C, 0x00, 0x20,
		0x5E, 0x0C, 0x00, 0x20, 0xC4, 0x05, 0x00, 0x20, // 0x0670
		0xF0, 0x04, 0x00, 0x20, 0x10, 0x05, 0x00, 0x20,
		0x99, 0x79, 0x82, 0x5A, 0xA1, 0xEB, 0xD9, 0x6E, // 0x0680
		0xDC, 0xBC, 0x1B, 0x8F, 0xD6, 0xC1, 0x62, 0xCA,
		0xDF, 0x6C, 0x83, 0x6D, 0xD3, 0x6D, 0x5E, 0x07, // 0x0690
		0xD3, 0x6D, 0x0B, 0x6C, 0x17, 0x6D, 0x73, 0x07,
		0x17, 0x6D, 0x8F, 0x6C, 0x5B, 0x6D, 0x87, 0x07, // 0x06A0
		0x5B, 0x6D, 0xC3, 0x6C, 0x9F, 0x6D, 0xA0, 0x07,
		0xD4, 0x14, 0x03, 0x6D, 0x40, 0x39, 0x01, 0x90, // 0x06B0
		0x20, 0x94, 0x1B, 0x0C, 0x01, 0x35, 0x40, 0x71,
		0x44, 0x6D, 0x57, 0x6C, 0x00, 0x36, 0x40, 0x39, // 0x06C0
		0x0B, 0x08, 0x8C, 0x65, 0x0D, 0x0C, 0xA0, 0xB4,
		0x4B, 0x6C, 0x00, 0x20, 0x00, 0xE0, 0x82, 0x3B, // 0x06D0
		0x01, 0xB4, 0x00, 0x30, 0x09, 0x04, 0xE3, 0x59,
		0x00, 0x26, 0x5C, 0x68, 0xF1, 0x07, 0x00, 0x33, // 0x06E0
		0x01, 0x30, 0x60, 0xB4, 0x61, 0xB4, 0x94, 0x14,
		0x00, 0x33, 0x01, 0x2B, 0xC3, 0x70, 0xC4, 0x68, // 0x06F0
		0x60, 0xB4, 0xEB, 0x07, 0x1F, 0x38, 0x13, 0x0C,
		0xC2, 0x74, 0xDF, 0x3B, 0x05, 0x08, 0x1F, 0x28, // 0x0700
		0x04, 0x50, 0x01, 0x20, 0x3C, 0x78, 0xDF, 0x33,
		0x0C, 0x64, 0x05, 0x0C, 0x7F, 0x28, 0x03, 0x50, // 0x0710
		0x07, 0x20, 0xF9, 0x07, 0xDF, 0x28, 0x02, 0x50,
		0x13, 0x20, 0xF5, 0x07, 0x01, 0x30, 0xF3, 0x07, // 0x0720
		0x24, 0x14, 0x63, 0xB8, 0x42, 0xB8, 0x21, 0xB8,
		0x00, 0xB8, 0xD4, 0x14, 0x25, 0x14, 0x68, 0x01, // 0x0730
		0x0B, 0x1E, 0xAA, 0x98, 0x61, 0xB8, 0x00, 0x85,
		0x40, 0x38, 0x0A, 0x08, 0x05, 0x14, 0xEE, 0xD9, // 0x0740
		0x04, 0x20, 0xE3, 0x98, 0xC2, 0x98, 0xA1, 0x98,
		0x80, 0x98, 0x09, 0x14, 0x3C, 0x78, 0x40, 0xEB, // 0x0750
		0x25, 0x00, 0x04, 0x0C, 0xFF, 0xE3, 0xE3, 0xFD,
		0x52, 0x04, 0x61, 0x85, 0x43, 0xEB, 0x30, 0x00, // 0x0760
		0x50, 0x0C, 0x20, 0x33, 0x00, 0x25, 0x60, 0xB8,
		0x00, 0x34, 0x0A, 0x30, 0x60, 0x85, 0x43, 0xE4, // 0x0770
		0x2F, 0x10, 0x48, 0x74, 0x08, 0x39, 0x48, 0x0C,
		0x43, 0xEB, 0x64, 0x00, 0x50, 0x08, 0x6E, 0x5E, // 0x0780
		0x62, 0xB8, 0x60, 0x96, 0xDF, 0x3B, 0x44, 0x0C,
		0x2D, 0x37, 0x00, 0x32, 0x00, 0x2C, 0x6D, 0x5A, // 0x0790
		0x00, 0x36, 0x21, 0x98, 0x0F, 0x6C, 0x00, 0x26,
		0x43, 0x5E, 0x84, 0x60, 0x0A, 0x31, 0x44, 0xB8, // 0x07A0
		0x63, 0xB8, 0x00, 0xE0, 0x95, 0x3A, 0x44, 0x98,
		0x63, 0x98, 0x2F, 0x20, 0x00, 0xA2, 0x0A, 0x31, // 0x07B0
		0x0F, 0x6C, 0x00, 0xE0, 0xC1, 0x39, 0xC3, 0x6C,
		0x40, 0x38, 0xEC, 0x0B, 0x60, 0x98, 0x1A, 0x61, // 0x07C0
		0x43, 0xEB, 0x30, 0x00, 0x07, 0x08, 0x47, 0xEB,
		0x2D, 0x00, 0x04, 0x08, 0x2D, 0x30, 0xFF, 0xE3, // 0x07D0
		0xA6, 0xFD, 0x20, 0x3C, 0x1F, 0x0C, 0x60, 0x98,
		0x43, 0xEB, 0x20, 0x00, 0x07, 0x08, 0x47, 0xEB, // 0x07E0
		0x2D, 0x00, 0x04, 0x08, 0x2D, 0x30, 0xFF, 0xE3,
		0x9A, 0xFD, 0x00, 0x2E, 0x61, 0x98, 0xD8, 0x60, // 0x07F0
		0x00, 0x83, 0xFF, 0xE3, 0x94, 0xFD, 0x40, 0x3E,
		0xF9, 0x0B, 0xC2, 0x98, 0x00, 0x25, 0x9C, 0x07, // 0x0800
		0x01, 0x25, 0x30, 0x33, 0xB1, 0x07, 0x00, 0x7D,
		0x00, 0x25, 0x08, 0x61, 0xB0, 0x07, 0x2B, 0x37, // 0x0810
		0xC0, 0x07, 0x00, 0x98, 0x00, 0x2C, 0xFF, 0xE3,
		0x82, 0xFD, 0xDC, 0x07, 0x43, 0xE4, 0xDF, 0x20, // 0x0820
		0x42, 0xEB, 0x58, 0x00, 0x2A, 0x08, 0x4E, 0x5E,
		0x42, 0xB8, 0x20, 0x2B, 0x48, 0x03, 0x01, 0x30, // 0x0830
		0x20, 0x96, 0x43, 0xB8, 0xCF, 0x6D, 0x61, 0xE4,
		0x0F, 0x20, 0xCC, 0x74, 0x60, 0xA2, 0x09, 0x3B, // 0x0840
		0x83, 0x6D, 0x14, 0x08, 0x2F, 0x23, 0x24, 0x49,
		0x60, 0xA2, 0x40, 0x39, 0x00, 0x22, 0x00, 0x20, // 0x0850
		0xF3, 0x0B, 0x1A, 0x61, 0x20, 0x3C, 0x0C, 0x0C,
		0x00, 0x2E, 0x63, 0x98, 0xD8, 0x60, 0x00, 0x83, // 0x0860
		0xFF, 0xE3, 0x5D, 0xFD, 0x40, 0x3E, 0xF9, 0x0B,
		0xC9, 0x07, 0xDC, 0x60, 0xED, 0x07, 0x00, 0x98, // 0x0870
		0x00, 0x2C, 0xFF, 0xE3, 0x54, 0xFD, 0xEF, 0x07,
		0x43, 0xEB, 0x73, 0x00, 0x0C, 0x08, 0x80, 0x96, // 0x0880
		0xEE, 0x5E, 0x00, 0x84, 0x40, 0x38, 0x03, 0x08,
		0x9F, 0x6D, 0xB9, 0x07, 0xFF, 0xE3, 0x47, 0xFD, // 0x0890
		0x00, 0x24, 0xF8, 0x07, 0x43, 0xEB, 0x25, 0x00,
		0xB2, 0x0B, 0x25, 0x30, 0x5C, 0x07, 0xD0, 0x14, // 0x08A0
		0x08, 0x30, 0x00, 0xE0, 0x24, 0x2F, 0x7A, 0x13,
		0x0D, 0x32, 0x80, 0x30, 0x43, 0xDC, 0x54, 0x00, // 0x08B0
		0x06, 0x40, 0x58, 0x13, 0x51, 0xB3, 0x00, 0xE0,
		0xD9, 0x0A, 0x17, 0x13, 0xFF, 0xE3, 0x32, 0xFF, // 0x08C0
		0x90, 0x14, 0xD1, 0x14, 0x72, 0x13, 0x02, 0x32,
		0x03, 0xDC, 0x25, 0x00, 0x03, 0x6D, 0x43, 0xDC, // 0x08D0
		0x24, 0x00, 0x00, 0xE0, 0x36, 0x23, 0x80, 0x30,
		0x01, 0x40, 0x00, 0xE0, 0xC7, 0x0A, 0x53, 0x6C, // 0x08E0
		0x0E, 0x13, 0xFF, 0xE3, 0x1F, 0xFF, 0x91, 0x14,
		0xD2, 0x14, 0x69, 0x13, 0x20, 0x32, 0x03, 0x6D, // 0x08F0
		0x47, 0x6D, 0x43, 0xDC, 0x24, 0x00, 0x03, 0xDC,
		0x25, 0x00, 0x23, 0xDC, 0x26, 0x00, 0x00, 0xE0, // 0x0900
		0x20, 0x23, 0x97, 0x6C, 0x53, 0x6C, 0x06, 0x13,
		0xFF, 0xE3, 0x0C, 0xFF, 0x92, 0x14, 0xD1, 0x14, // 0x0910
		0x9F, 0x12, 0x04, 0xD8, 0x54, 0x00, 0x00, 0x28,
		0x07, 0x38, 0x17, 0x08, 0x00, 0xE0, 0xA8, 0x3A, // 0x0920
		0x04, 0x22, 0x2F, 0x39, 0x47, 0x53, 0x5F, 0x6B,
		0x22, 0x33, 0x64, 0xDC, 0x24, 0x00, 0x00, 0x33, // 0x0930
		0x64, 0xDC, 0x25, 0x00, 0x2E, 0x33, 0x64, 0xDC,
		0x26, 0x00, 0x00, 0xE0, 0x02, 0x23, 0x2E, 0x32, // 0x0940
		0x00, 0x31, 0x18, 0x12, 0xFF, 0xE3, 0xEE, 0xFE,
		0x64, 0xD8, 0x54, 0x00, 0x08, 0x3B, 0x0A, 0x08, // 0x0950
		0x80, 0x30, 0x12, 0x40, 0x00, 0xE0, 0x33, 0x2F,
		0x64, 0xD8, 0x55, 0x00, 0x00, 0x23, 0x64, 0xDC, // 0x0960
		0x55, 0x00, 0x91, 0x14, 0x07, 0x33, 0x64, 0xDC,
		0x24, 0x00, 0x30, 0x33, 0x64, 0xDC, 0x25, 0x00, // 0x0970
		0x00, 0xE0, 0xE7, 0x22, 0x30, 0x31, 0x0C, 0x12,
		0xFF, 0xE3, 0xD4, 0xFE, 0xE6, 0x07, 0x07, 0x33, // 0x0980
		0x64, 0xDC, 0x24, 0x00, 0x31, 0x33, 0x64, 0xDC,
		0x25, 0x00, 0x00, 0xE0, 0xDA, 0x22, 0x31, 0x31, // 0x0990
		0xF3, 0x07, 0x66, 0x12, 0x23, 0xD8, 0xAC, 0x01,
		0x63, 0xD8, 0xB0, 0x01, 0x4E, 0x64, 0x08, 0x0C, // 0x09A0
		0x04, 0x33, 0x02, 0x30, 0x64, 0xDC, 0x54, 0x00,
		0xFF, 0xE3, 0xA0, 0xFF, 0xCE, 0x07, 0x7F, 0x11, // 0x09B0
		0x23, 0xD8, 0xAF, 0x01, 0x63, 0xD8, 0xB3, 0x01,
		0x4E, 0x64, 0x06, 0x0C, 0x05, 0x33, 0x03, 0x30, // 0x09C0
		0x64, 0xDC, 0x54, 0x00, 0xF2, 0x07, 0x79, 0x11,
		0x23, 0xD8, 0xAD, 0x01, 0x63, 0xD8, 0xB1, 0x01, // 0x09D0
		0x4E, 0x64, 0x06, 0x0C, 0x06, 0x33, 0x01, 0x30,
		0x64, 0xDC, 0x54, 0x00, 0xE6, 0x07, 0x73, 0x11, // 0x09E0
		0x23, 0xD8, 0xAE, 0x01, 0x63, 0xD8, 0xB2, 0x01,
		0x4E, 0x64, 0x06, 0x0C, 0x07, 0x33, 0x04, 0x30, // 0x09F0
		0x64, 0xDC, 0x54, 0x00, 0xDA, 0x07, 0x08, 0x33,
		0x24, 0xD8, 0x58, 0x00, 0x64, 0xDC, 0x54, 0x00, // 0x0A00
		0x00, 0x30, 0xD3, 0x07, 0x4A, 0x11, 0x62, 0x92,
		0x63, 0xEC, 0x02, 0x00, 0x62, 0xB2, 0x3C, 0x78, // 0x0A10
		0xD0, 0x14, 0xFA, 0x31, 0x22, 0x41, 0x00, 0xE0,
		0x83, 0x39, 0x01, 0x74, 0xC3, 0x6C, 0x15, 0x38, // 0x0A20
		0x02, 0x08, 0x16, 0x33, 0x8D, 0x74, 0x1D, 0x3A,
		0x02, 0x0C, 0x1D, 0x33, 0x21, 0x11, 0x02, 0x11, // 0x0A30
		0x40, 0x91, 0x15, 0x2B, 0xCD, 0x74, 0x80, 0x68,
		0x61, 0x43, 0x00, 0x11, 0xC0, 0x60, 0x60, 0x8B, // 0x0A40
		0xC8, 0x6C, 0x60, 0xB1, 0x90, 0x14, 0xD0, 0x14,
		0xFA, 0x31, 0x22, 0x41, 0x00, 0xE0, 0x68, 0x39, // 0x0A50
		0x01, 0x74, 0xC3, 0x6C, 0x13, 0x38, 0x02, 0x08,
		0x14, 0x33, 0x0D, 0x74, 0x55, 0x10, 0x1B, 0x38, // 0x0A60
		0x20, 0x92, 0x02, 0x0C, 0x1B, 0x33, 0x00, 0x30,
		0x07, 0x28, 0x40, 0x68, 0xCD, 0x74, 0x13, 0x2B, // 0x0A70
		0xC4, 0x6C, 0x60, 0xB2, 0x90, 0x14, 0xD1, 0x14,
		0x8E, 0x10, 0x09, 0x38, 0x20, 0x08, 0x65, 0x94, // 0x0A80
		0x8D, 0x3B, 0x65, 0xB4, 0x91, 0x14, 0x00, 0x00,
		0x6C, 0x0C, 0x00, 0x20, 0x08, 0x02, 0x00, 0x20, // 0x0A90
		0xEE, 0x0F, 0x00, 0x00, 0xEF, 0x73, 0x00, 0x00,
		0xFB, 0x73, 0x00, 0x00, 0x06, 0x74, 0x00, 0x00, // 0x0AA0
		0x17, 0x74, 0x00, 0x00, 0x24, 0x74, 0x00, 0x00,
		0x00, 0x00, 0x00, 0x20, 0x00, 0xF0, 0x01, 0x40, // 0x0AB0
		0x00, 0x50, 0x01, 0x40, 0xFF, 0xF1, 0xFF, 0xFF,
		0x90, 0x7E, 0x00, 0x00, 0x00, 0xEB, 0x63, 0x00, // 0x0AC0
		0x0E, 0x08, 0x0A, 0x31, 0x00, 0xE0, 0x2C, 0x39,
		0x65, 0x94, 0x00, 0x32, 0x0F, 0x2A, 0xC8, 0x68, // 0x0AD0
		0x0C, 0x6C, 0x05, 0xB4, 0x65, 0x94, 0x63, 0xEC,
		0x00, 0x20, 0xD4, 0x07, 0x00, 0xEB, 0xFA, 0x00, // 0x0AE0
		0x07, 0x08, 0x19, 0x31, 0x63, 0x28, 0x00, 0xE0,
		0x1B, 0x39, 0x08, 0x20, 0xEE, 0x07, 0x0F, 0x30, // 0x0AF0
		0xEC, 0x07, 0x77, 0x00, 0x40, 0x38, 0x41, 0x93,
		0x42, 0xEC, 0x40, 0x00, 0x41, 0xB3, 0x41, 0x93, // 0x0B00
		0x05, 0x0C, 0x42, 0xEC, 0x20, 0x00, 0x41, 0xB3,
		0x3C, 0x78, 0x85, 0x3A, 0xFD, 0x07, 0x7D, 0x00, // 0x0B10
		0x3D, 0x00, 0x43, 0x93, 0x84, 0x6C, 0x43, 0xB3,
		0x40, 0x93, 0x42, 0xEC, 0x24, 0x41, 0x40, 0xB3, // 0x0B20
		0x3C, 0x78, 0xD0, 0x14, 0x0A, 0x31, 0x00, 0xE0,
		0xFB, 0x38, 0x03, 0xEA, 0xFF, 0x0F, 0x00, 0xEB, // 0x0B30
		0xFF, 0x0F, 0x03, 0xC4, 0x40, 0x0C, 0x67, 0x01,
		0x43, 0x93, 0xBB, 0x3A, 0x43, 0xB3, 0x43, 0x93, // 0x0B40
		0x92, 0x3A, 0x93, 0x3A, 0x43, 0xB3, 0x43, 0x93,
		0xB2, 0x3A, 0xB3, 0x3A, 0x43, 0xB3, 0x01, 0xB3, // 0x0B50
		0x90, 0x14, 0xD3, 0x14, 0x6D, 0x01, 0x81, 0x75,
		0x43, 0x93, 0x42, 0xE4, 0x08, 0x20, 0x43, 0x6D, // 0x0B60
		0x40, 0x3A, 0x80, 0x30, 0xC3, 0xDC, 0x26, 0x10,
		0x07, 0x40, 0x0F, 0x6D, 0x05, 0x0C, 0x72, 0x01, // 0x0B70
		0x61, 0x8B, 0x4C, 0x65, 0x09, 0x08, 0x00, 0xE0,
		0x1C, 0x2E, 0x17, 0x6C, 0xFF, 0xE3, 0xD3, 0xFF, // 0x0B80
		0xC4, 0xDC, 0x25, 0x10, 0x93, 0x14, 0x00, 0xE0,
		0x1A, 0x2E, 0xFA, 0x31, 0x21, 0x41, 0x19, 0x01, // 0x0B90
		0xFF, 0xE3, 0x55, 0xFC, 0xF8, 0x07, 0xD2, 0x14,
		0x9E, 0x01, 0x80, 0x30, 0x63, 0x94, 0x07, 0x40, // 0x0BA0
		0xC0, 0x68, 0x40, 0x3B, 0x13, 0x0C, 0x60, 0x02,
		0x5F, 0x01, 0x61, 0x8B, 0x42, 0xD8, 0xB5, 0x10, // 0x0BB0
		0xCA, 0x60, 0x23, 0xEB, 0x31, 0x00, 0x0B, 0x0C,
		0x00, 0xE0, 0xFB, 0x2D, 0xA4, 0xD8, 0x26, 0x10, // 0x0BC0
		0x17, 0x6C, 0xFF, 0xE3, 0xB0, 0xFF, 0xA4, 0xDC,
		0x25, 0x10, 0x92, 0x14, 0x64, 0x31, 0x09, 0x02, // 0x0BD0
		0xFF, 0xE3, 0x35, 0xFC, 0xFB, 0x07, 0x69, 0x02,
		0x60, 0x93, 0x63, 0xE4, 0x7F, 0x20, 0xC0, 0x68, // 0x0BE0
		0x40, 0x3B, 0x0D, 0x08, 0x23, 0xEA, 0x01, 0x40,
		0x07, 0x48, 0x60, 0x93, 0x00, 0xE4, 0x1F, 0x20, // 0x0BF0
		0x0C, 0x68, 0x40, 0x38, 0x00, 0xC4, 0x00, 0x05,
		0x00, 0x74, 0x3C, 0x78, 0x01, 0x30, 0xFE, 0x07, // 0x0C00
		0xC1, 0x14, 0x44, 0x74, 0x55, 0x02, 0x40, 0x39,
		0x60, 0xE4, 0x7F, 0x20, 0x81, 0x92, 0x0F, 0x0C, // 0x0C10
		0xD0, 0x6C, 0x61, 0xB2, 0x40, 0x39, 0x07, 0x48,
		0x23, 0xEA, 0x01, 0x40, 0x00, 0xE4, 0x1F, 0x20, // 0x0C20
		0x41, 0x93, 0x08, 0x0C, 0x02, 0xC4, 0x40, 0x20,
		0x01, 0xB3, 0x81, 0x14, 0x64, 0xC4, 0x43, 0x20, // 0x0C30
		0xF1, 0x07, 0x08, 0x6C, 0xFA, 0x07, 0xD0, 0x14,
		0x61, 0x03, 0x20, 0x93, 0xC5, 0x74, 0x40, 0x3B, // 0x0C40
		0x07, 0x0C, 0x4F, 0x6C, 0x03, 0x03, 0x00, 0xE0,
		0x77, 0x37, 0x01, 0x74, 0x90, 0x14, 0x01, 0x30, // 0x0C50
		0xFD, 0x07, 0xD4, 0x14, 0xC6, 0x03, 0x62, 0x8E,
		0x03, 0xEB, 0xB8, 0x0B, 0x05, 0x0C, 0x07, 0x03, // 0x0C60
		0xFF, 0xE3, 0x60, 0xFD, 0x00, 0x04, 0x8E, 0x03,
		0x21, 0x8E, 0x51, 0x8C, 0xB3, 0x03, 0x48, 0x64, // 0x0C70
		0x17, 0x08, 0x0B, 0x03, 0xFF, 0xE3, 0x56, 0xFD,
		0x80, 0x30, 0x01, 0x40, 0x00, 0xE0, 0x9F, 0x2D, // 0x0C80
		0x32, 0x33, 0x03, 0x30, 0x64, 0xB5, 0x04, 0x33,
		0x64, 0xDC, 0x90, 0x01, 0x65, 0xDC, 0x5B, 0x00, // 0x0C90
		0x00, 0xE0, 0x18, 0x2D, 0x05, 0xD8, 0x5B, 0x00,
		0xFF, 0xE3, 0x15, 0xFE, 0x94, 0x14, 0x08, 0x41, // 0x0CA0
		0x06, 0x60, 0x01, 0xEA, 0x34, 0x21, 0x00, 0xE0,
		0x47, 0x37, 0xFF, 0x33, 0x00, 0xEB, 0xFF, 0x00, // 0x0CB0
		0x03, 0xC4, 0x40, 0x0C, 0x01, 0x33, 0x00, 0x74,
		0x65, 0xDC, 0x24, 0x00, 0x04, 0xDC, 0xA0, 0x01, // 0x0CC0
		0x05, 0xDC, 0x25, 0x00, 0xFF, 0xE3, 0xB9, 0xFF,
		0x0A, 0x31, 0xC3, 0x6D, 0x00, 0xE0, 0x28, 0x38, // 0x0CD0
		0x01, 0x74, 0x04, 0xDC, 0xBA, 0x10, 0x04, 0xDC,
		0x60, 0x10, 0x00, 0xE0, 0x32, 0x21, 0x80, 0x30, // 0x0CE0
		0x08, 0x40, 0x00, 0xE0, 0xC3, 0x08, 0x41, 0x8E,
		0x77, 0x13, 0x24, 0xD8, 0xA0, 0x01, 0x17, 0x13, // 0x0CF0
		0x44, 0xDC, 0xB6, 0x10, 0x71, 0xB5, 0xFF, 0xE3,
		0x15, 0xFD, 0x64, 0x31, 0x1F, 0x6C, 0x00, 0xE0, // 0x0D00
		0x69, 0x38, 0x01, 0x75, 0x64, 0x31, 0x1F, 0x6C,
		0x00, 0xE0, 0x0A, 0x38, 0x41, 0x74, 0x93, 0x6C, // 0x0D10
		0x0F, 0x13, 0xFF, 0xE3, 0x07, 0xFD, 0xC3, 0x07,
		0xD0, 0x14, 0x6E, 0x13, 0x40, 0x38, 0x40, 0x93, // 0x0D20
		0x0C, 0x0C, 0x42, 0xEC, 0x03, 0x00, 0x40, 0xB3,
		0x01, 0x31, 0x03, 0x30, 0x00, 0xE0, 0xE4, 0x34, // 0x0D30
		0x69, 0x13, 0x08, 0x32, 0x40, 0xB3, 0x90, 0x14,
		0x42, 0xEC, 0x01, 0x00, 0x40, 0xB3, 0x40, 0x93, // 0x0D40
		0x81, 0x3A, 0xF2, 0x07, 0x65, 0x13, 0x01, 0xEA,
		0x6F, 0x28, 0x41, 0x93, 0x85, 0x68, 0x41, 0xB3, // 0x0D50
		0x04, 0x68, 0x41, 0x93, 0x08, 0x6C, 0x01, 0xB3,
		0x3C, 0x78, 0xC1, 0x14, 0x20, 0x13, 0x61, 0x13, // 0x0D60
		0x90, 0x81, 0x40, 0x93, 0x12, 0x64, 0x09, 0x0C,
		0x10, 0xA1, 0x21, 0xEA, 0x01, 0xFF, 0x10, 0x40, // 0x0D70
		0x00, 0x29, 0x84, 0x68, 0x08, 0x6C, 0x00, 0xB3,
		0x41, 0x93, 0x42, 0xEC, 0x01, 0x00, 0x41, 0xB3, // 0x0D80
		0x81, 0x14, 0x79, 0x12, 0x40, 0x39, 0x40, 0x93,
		0x0B, 0x0C, 0x42, 0xEC, 0x02, 0x00, 0x40, 0xB3, // 0x0D90
		0x40, 0x38, 0x40, 0x93, 0x07, 0x0C, 0x42, 0xEC,
		0x09, 0x00, 0x40, 0xB3, 0x3C, 0x78, 0x81, 0x3A, // 0x0DA0
		0xF7, 0x07, 0x80, 0x3A, 0x83, 0x3A, 0xFA, 0x07,
		0xD1, 0x14, 0x03, 0x6D, 0x43, 0x6C, 0x00, 0x30, // 0x0DB0
		0xFF, 0xE3, 0xE9, 0xFF, 0x53, 0x6C, 0x01, 0x30,
		0xFF, 0xE3, 0xE5, 0xFF, 0x01, 0x31, 0x0F, 0x30, // 0x0DC0
		0x00, 0xE0, 0x9A, 0x34, 0x44, 0x12, 0x80, 0x33,
		0x68, 0x43, 0x60, 0xB2, 0x91, 0x14, 0x80, 0x60, // 0x0DD0
		0x82, 0x64, 0x02, 0x08, 0x3C, 0x78, 0x60, 0x81,
		0x00, 0x21, 0x60, 0xA0, 0x00, 0x20, 0xF9, 0x07, // 0x0DE0
		0xD4, 0x14, 0xC2, 0x12, 0x1B, 0x6C, 0x20, 0x31,
		0x8D, 0x11, 0x00, 0xE0, 0xF7, 0x22, 0x71, 0x33, // 0x0DF0
		0xAE, 0x11, 0x08, 0x31, 0x64, 0xDC, 0x24, 0x00,
		0x12, 0x33, 0xE5, 0xE4, 0x97, 0x01, 0x64, 0xDC, // 0x0E00
		0x25, 0x00, 0x68, 0x8D, 0x48, 0x43, 0x68, 0x4B,
		0xC8, 0x6C, 0x73, 0xAC, 0x64, 0xD8, 0x28, 0x00, // 0x0E10
		0x00, 0x32, 0x7F, 0x2A, 0xC8, 0x68, 0x64, 0xDC,
		0x28, 0x00, 0x00, 0x33, 0x1F, 0x6C, 0x64, 0xDC, // 0x0E20
		0x29, 0x00, 0x64, 0x33, 0x64, 0xDC, 0x2A, 0x00,
		0x7F, 0x33, 0x64, 0xDC, 0x2B, 0x00, 0x00, 0xE0, // 0x0E30
		0xD5, 0x22, 0x5B, 0x6C, 0x1F, 0x6C, 0x08, 0x32,
		0xFF, 0xE3, 0xCB, 0xFF, 0x65, 0xD8, 0xCD, 0x10, // 0x0E40
		0x48, 0x43, 0x68, 0x4B, 0xC8, 0x6C, 0x65, 0xDC,
		0xCD, 0x10, 0x00, 0xE0, 0x7A, 0x20, 0x80, 0x30, // 0x0E50
		0x09, 0x40, 0x00, 0xE0, 0x0B, 0x08, 0x66, 0x11,
		0x28, 0x8D, 0x06, 0x11, 0x71, 0xB4, 0xFF, 0xE3, // 0x0E60
		0x61, 0xFC, 0x94, 0x14, 0xD2, 0x14, 0x23, 0x14,
		0x01, 0x31, 0x08, 0x30, 0xA2, 0x11, 0xFF, 0xE3, // 0x0E70
		0xC9, 0xFE, 0x02, 0x11, 0x8D, 0x10, 0xFF, 0xE3,
		0x55, 0xFC, 0x17, 0x6C, 0x05, 0x31, 0x00, 0xE0, // 0x0E80
		0xAD, 0x22, 0x0A, 0x33, 0x44, 0xD8, 0x80, 0x00,
		0x64, 0xDC, 0xA4, 0x01, 0x38, 0x04, 0x00, 0x00, // 0x0E90
		0x00, 0x60, 0x01, 0x40, 0x00, 0x30, 0x01, 0x40,
		0x40, 0x10, 0x00, 0x08, 0x08, 0x02, 0x00, 0x20, // 0x0EA0
		0xD0, 0x04, 0x00, 0x20, 0xA6, 0x0B, 0x00, 0x00,
		0x00, 0x00, 0x00, 0x20, 0x00, 0x60, 0x00, 0x40, // 0x0EB0
		0x00, 0x20, 0x01, 0x40, 0x00, 0x40, 0x42, 0x0F,
		0x3E, 0x0A, 0x00, 0x20, 0x30, 0x74, 0x00, 0x00, // 0x0EC0
		0x3B, 0x74, 0x00, 0x00, 0xF0, 0x0D, 0x00, 0x00,
		0x61, 0x74, 0x00, 0x00, 0x73, 0x74, 0x00, 0x00, // 0x0ED0
		0x00, 0x30, 0x00, 0x40, 0x00, 0xE1, 0x00, 0xE0,
		0x00, 0xC0, 0x01, 0x40, 0x6C, 0x0C, 0x00, 0x20, // 0x0EE0
		0x00, 0x90, 0x00, 0x40, 0x00, 0x10, 0x01, 0x40,
		0x2C, 0x02, 0x00, 0x20, 0x74, 0x0E, 0x00, 0x00, // 0x0EF0
		0x84, 0x74, 0x00, 0x00, 0xA4, 0x01, 0x00, 0x20,
		0x9B, 0x74, 0x00, 0x00, 0x2B, 0x33, 0x44, 0x42, // 0x0F00
		0x64, 0xDC, 0xA7, 0x01, 0x64, 0xD8, 0x80, 0x00,
		0x63, 0xE4, 0x03, 0x20, 0x24, 0x43, 0x64, 0xD8, // 0x0F10
		0xA8, 0x01, 0x63, 0xE4, 0x8F, 0x20, 0xC4, 0x6C,
		0x42, 0xE4, 0x40, 0x20, 0xC8, 0x6C, 0x64, 0xDC, // 0x0F20
		0xA8, 0x01, 0x64, 0xD8, 0xA6, 0x01, 0x00, 0x32,
		0x07, 0x2A, 0xC8, 0x68, 0x64, 0xDC, 0xA6, 0x01, // 0x0F30
		0x04, 0x33, 0x80, 0x30, 0x64, 0xDC, 0xB0, 0x01,
		0x0A, 0x33, 0x12, 0x40, 0x64, 0xDC, 0xB2, 0x01, // 0x0F40
		0x64, 0xDC, 0xB1, 0x01, 0x64, 0xD8, 0x80, 0x00,
		0x64, 0xDC, 0xB3, 0x01, 0x64, 0xD8, 0x6C, 0x20, // 0x0F50
		0x64, 0xDC, 0x6B, 0x20, 0x00, 0xE0, 0x33, 0x2C,
		0x80, 0x30, 0x0F, 0x40, 0x00, 0xE0, 0x2F, 0x2C, // 0x0F60
		0x64, 0xD8, 0xA8, 0x01, 0x00, 0x32, 0x7F, 0x2A,
		0xC8, 0x6C, 0x64, 0xDC, 0xA8, 0x01, 0x00, 0x33, // 0x0F70
		0x1E, 0x00, 0x57, 0x6C, 0x60, 0xDC, 0x58, 0x00,
		0x31, 0x33, 0x05, 0x32, 0x64, 0xDC, 0xAC, 0x01, // 0x0F80
		0x00, 0x33, 0x64, 0xDC, 0xAD, 0x01, 0x64, 0xDC,
		0xAE, 0x01, 0x64, 0xD8, 0x80, 0x00, 0x64, 0xDC, // 0x0F90
		0xAF, 0x01, 0x65, 0x01, 0x71, 0xB0, 0x51, 0x33,
		0x60, 0xDC, 0x24, 0x00, 0x24, 0x20, 0xFF, 0xE3, // 0x0FA0
		0x18, 0xFF, 0x00, 0xE0, 0xCE, 0x1F, 0x80, 0x30,
		0x0A, 0x40, 0x00, 0xE0, 0x5F, 0x07, 0x04, 0xD8, // 0x0FB0
		0xA8, 0x01, 0xA4, 0xD8, 0xA7, 0x01, 0x44, 0xD8,
		0xA4, 0x01, 0x27, 0x48, 0x9A, 0x40, 0x19, 0x40, // 0x0FC0
		0x65, 0xE4, 0x07, 0x20, 0x9E, 0x4C, 0x1F, 0x48,
		0xA3, 0x4D, 0x01, 0xB8, 0x42, 0xE4, 0x3F, 0x20, // 0x0FD0
		0x82, 0xB8, 0xA0, 0xB8, 0x15, 0x01, 0xFF, 0xE3,
		0xA5, 0xFB, 0x03, 0x14, 0x92, 0x14, 0xD4, 0x14, // 0x0FE0
		0x27, 0x14, 0xDA, 0x01, 0x1B, 0x6D, 0x63, 0x96,
		0x63, 0xE4, 0x04, 0x20, 0x40, 0x3B, 0x06, 0x0C, // 0x0FF0
		0x16, 0x31, 0x1D, 0x01, 0xFF, 0xE3, 0x23, 0xFA,
		0x0D, 0x04, 0x63, 0x96, 0x63, 0xE4, 0x00, 0x21, // 0x1000
		0x60, 0xB8, 0x40, 0x3B, 0x09, 0x0C, 0x32, 0x33,
		0x06, 0xD8, 0x5B, 0x00, 0x64, 0xB6, 0xFF, 0xE3, // 0x1010
		0x5A, 0xFC, 0x07, 0x14, 0x94, 0x14, 0x66, 0xD8,
		0x59, 0x00, 0xA5, 0x02, 0x43, 0x3B, 0xC5, 0x08, // 0x1020
		0x46, 0x02, 0x25, 0x96, 0x60, 0x92, 0xC6, 0x60,
		0x25, 0xD8, 0x2D, 0x10, 0x41, 0xB8, 0xC4, 0x64, // 0x1030
		0x05, 0x0C, 0x66, 0xD8, 0x54, 0x00, 0x4C, 0x3B,
		0x73, 0x08, 0x61, 0x98, 0x25, 0xD8, 0xA7, 0x01, // 0x1040
		0x40, 0x93, 0x61, 0xE4, 0x07, 0x20, 0x23, 0x49,
		0xC4, 0x60, 0x3F, 0x94, 0x62, 0x43, 0x1C, 0x21, // 0x1050
		0xC4, 0x60, 0xC8, 0x64, 0x03, 0x08, 0x01, 0x31,
		0xCD, 0x07, 0x61, 0x98, 0x60, 0x93, 0x65, 0xB4, // 0x1060
		0x65, 0xD8, 0x45, 0x20, 0x63, 0xE4, 0x60, 0x20,
		0x43, 0xEB, 0x60, 0x00, 0x06, 0x08, 0xFF, 0xE3, // 0x1070
		0x5E, 0xF9, 0x32, 0x33, 0x64, 0xB4, 0xCE, 0x07,
		0x80, 0x33, 0xE3, 0x94, 0x71, 0x43, 0xCC, 0x69, // 0x1080
		0x40, 0x3F, 0xF6, 0x0B, 0x7E, 0x02, 0x3D, 0x02,
		0x60, 0x83, 0x00, 0x23, 0x25, 0x3B, 0x67, 0xC4, // 0x1090
		0x20, 0x0C, 0x61, 0x43, 0x40, 0x03, 0x8C, 0x60,
		0xC4, 0x60, 0x40, 0x8A, 0xFA, 0x31, 0x02, 0xE4, // 0x10A0
		0x09, 0x00, 0x44, 0xD8, 0x5D, 0x00, 0x80, 0x60,
		0x00, 0x8B, 0x22, 0x41, 0x08, 0x7C, 0x40, 0xB8, // 0x10B0
		0x00, 0xE0, 0x36, 0x36, 0x40, 0x98, 0x83, 0x6D,
		0x0B, 0x6C, 0x00, 0xE0, 0x64, 0x23, 0x2F, 0x20, // 0x10C0
		0x01, 0x40, 0x14, 0x60, 0x60, 0x80, 0x40, 0x98,
		0x8C, 0x7D, 0x00, 0xD8, 0x01, 0x40, 0x32, 0x33, // 0x10D0
		0x0C, 0x7C, 0xC7, 0x56, 0x80, 0x61, 0x09, 0x74,
		0xDF, 0x3E, 0xC7, 0xC4, 0x40, 0x0C, 0xFF, 0xE3, // 0x10E0
		0x89, 0xF8, 0x03, 0xEA, 0xFF, 0xFF, 0x18, 0x60,
		0x00, 0xEB, 0xFF, 0xFF, 0x60, 0xC4, 0x20, 0x0C, // 0x10F0
		0x1D, 0xB4, 0x65, 0xDC, 0xB8, 0x10, 0x01, 0xEA,
		0x88, 0x13, 0x07, 0x40, 0x00, 0xE0, 0x10, 0x36, // 0x1100
		0xFF, 0x33, 0x00, 0xEB, 0xFF, 0x00, 0x03, 0xC4,
		0x40, 0x0C, 0x04, 0x33, 0x04, 0xDC, 0x25, 0x00, // 0x1110
		0x64, 0xDC, 0x24, 0x00, 0x05, 0xDC, 0xDB, 0x10,
		0x00, 0xE0, 0x13, 0x1F, 0xAB, 0x07, 0x63, 0x96, // 0x1120
		0x63, 0xE4, 0x00, 0x22, 0x40, 0x3B, 0x1A, 0x0C,
		0x80, 0x30, 0x02, 0x40, 0x00, 0xE0, 0x41, 0x2B, // 0x1130
		0x80, 0x30, 0x12, 0x40, 0x00, 0xE0, 0x43, 0x2B,
		0x09, 0x33, 0x66, 0xDC, 0x24, 0x00, 0x00, 0x33, // 0x1140
		0x66, 0xDC, 0x25, 0x00, 0x00, 0xE0, 0xFD, 0x1E,
		0x13, 0x13, 0xFF, 0xE3, 0xEB, 0xFA, 0x0E, 0x33, // 0x1150
		0x66, 0xDC, 0x54, 0x00, 0x14, 0x33, 0x64, 0xB6,
		0x5D, 0x07, 0x63, 0x96, 0x63, 0xE4, 0x00, 0x24, // 0x1160
		0x40, 0x3B, 0x17, 0x0C, 0x80, 0x30, 0x03, 0x40,
		0x00, 0xE0, 0x23, 0x2B, 0x20, 0x32, 0x25, 0xE4, // 0x1170
		0x1F, 0x01, 0x06, 0xE4, 0x23, 0x00, 0xFF, 0xE3,
		0x2C, 0xFE, 0x00, 0xE0, 0xE2, 0x1E, 0x80, 0x30, // 0x1180
		0x04, 0x40, 0x00, 0xE0, 0x1C, 0x2B, 0x80, 0x30,
		0x06, 0x40, 0x00, 0xE0, 0xA8, 0x2A, 0x42, 0x07, // 0x1190
		0x62, 0x13, 0x66, 0xB8, 0x40, 0x93, 0x40, 0x3A,
		0x08, 0x08, 0x61, 0x13, 0xC1, 0x13, 0x60, 0x93, // 0x11A0
		0x62, 0xB8, 0x40, 0x3B, 0x47, 0x08, 0x60, 0xA6,
		0x00, 0xE0, 0x6F, 0x22, 0xDE, 0x12, 0xFF, 0xE3, // 0x11B0
		0x44, 0xFD, 0x0A, 0x31, 0x00, 0xE0, 0xB4, 0x35,
		0x61, 0x8E, 0x41, 0x74, 0x65, 0xDC, 0xB4, 0x10, // 0x11C0
		0x61, 0xB8, 0x62, 0x8E, 0xE0, 0x8E, 0x65, 0xDC,
		0xB0, 0x10, 0x63, 0x8E, 0x25, 0xDC, 0xBA, 0x10, // 0x11D0
		0xE5, 0xDC, 0xB2, 0x10, 0x65, 0xDC, 0xBC, 0x10,
		0x14, 0x12, 0x00, 0x21, 0x00, 0xE0, 0xAC, 0x34, // 0x11E0
		0x44, 0xD8, 0x54, 0x00, 0x05, 0xDC, 0xBB, 0x10,
		0x4C, 0x3A, 0x83, 0x0C, 0x70, 0x12, 0x43, 0x94, // 0x11F0
		0x8C, 0x68, 0x61, 0x98, 0x40, 0x3A, 0x5E, 0x0C,
		0x1F, 0x6C, 0xFF, 0xE3, 0x3D, 0xF8, 0x00, 0xE0, // 0x1200
		0x0B, 0x22, 0xC3, 0x6D, 0x64, 0xD8, 0x54, 0x00,
		0x09, 0x2B, 0xCC, 0x74, 0x01, 0x3B, 0x08, 0x08, // 0x1210
		0x67, 0xE4, 0x08, 0x00, 0xCC, 0x74, 0x12, 0x3B,
		0x00, 0x33, 0xE3, 0xC4, 0x20, 0x0C, 0x51, 0x94, // 0x1220
		0x76, 0x11, 0xCA, 0x64, 0x96, 0x0C, 0x64, 0xD8,
		0x56, 0x00, 0x44, 0x3B, 0x92, 0x0C, 0x32, 0x33, // 0x1230
		0x99, 0x04, 0x40, 0x12, 0x60, 0x86, 0x07, 0x37,
		0x00, 0x30, 0x44, 0xB8, 0x43, 0xB8, 0x45, 0x43, // 0x1240
		0x25, 0x43, 0x45, 0xB8, 0x44, 0x98, 0x84, 0x60,
		0x40, 0x92, 0x22, 0x98, 0x48, 0x68, 0x40, 0x39, // 0x1250
		0x25, 0x0C, 0x40, 0x38, 0x02, 0x0C, 0x60, 0xA6,
		0x66, 0x98, 0x01, 0x31, 0x16, 0x11, 0x8A, 0x6C, // 0x1260
		0x20, 0xB3, 0x60, 0x90, 0xC8, 0x68, 0x60, 0xB0,
		0x65, 0xD8, 0x75, 0x20, 0x8C, 0x68, 0x61, 0x98, // 0x1270
		0x45, 0xDC, 0x75, 0x20, 0x40, 0x93, 0x25, 0x98,
		0x70, 0x11, 0x45, 0xB3, 0x63, 0x98, 0x4C, 0x60, // 0x1280
		0x62, 0x91, 0xCD, 0x7B, 0x60, 0x86, 0x43, 0x98,
		0x65, 0x43, 0xC8, 0x60, 0x41, 0x93, 0x2C, 0x11, // 0x1290
		0x6C, 0x11, 0x0D, 0x11, 0xFF, 0xE3, 0x46, 0xFA,
		0xBD, 0x06, 0x00, 0x23, 0xCC, 0x74, 0x00, 0x32, // 0x12A0
		0x06, 0x3B, 0x62, 0xC4, 0x40, 0x0C, 0x43, 0x5F,
		0xC8, 0x75, 0x01, 0x30, 0x40, 0x3F, 0xC8, 0x0B, // 0x12B0
		0x7B, 0x07, 0x58, 0x8D, 0x22, 0xE4, 0xE7, 0x03,
		0xC5, 0x64, 0x14, 0x0C, 0x1F, 0x6C, 0xFF, 0xE3, // 0x12C0
		0xDB, 0xF7, 0x00, 0xE0, 0xA9, 0x21, 0xC3, 0x6D,
		0x14, 0x33, 0x45, 0xD8, 0x44, 0x20, 0x8C, 0x64, // 0x12D0
		0x9A, 0x0B, 0x1E, 0x31, 0x1D, 0x10, 0xFF, 0xE3,
		0xB2, 0xF8, 0x1D, 0x10, 0xFF, 0xE3, 0x22, 0xFA, // 0x12E0
		0x92, 0x07, 0xC8, 0x64, 0x03, 0x32, 0x14, 0x33,
		0x20, 0x37, 0x62, 0xC4, 0x20, 0x0C, 0xEE, 0x07, // 0x12F0
		0x00, 0x37, 0x89, 0x07, 0x08, 0x02, 0x00, 0x20,
		0xEE, 0x0F, 0x00, 0x00, 0xA9, 0x74, 0x00, 0x00, // 0x1300
		0x00, 0x00, 0x00, 0x20, 0xF0, 0x04, 0x00, 0x20,
		0x50, 0x0C, 0x00, 0x20, 0x5E, 0x0C, 0x00, 0x20, // 0x1310
		0x52, 0x0C, 0x00, 0x20, 0xED, 0x74, 0x00, 0x00,
		0xCC, 0x05, 0x00, 0x20, 0x0C, 0x0B, 0x00, 0x20, // 0x1320
		0xD0, 0x05, 0x00, 0x20, 0xD0, 0x04, 0x00, 0x20,
		0xA0, 0x68, 0x06, 0x00, 0x18, 0x00, 0x00, 0x01, // 0x1330
		0x14, 0x6B, 0x00, 0x00, 0xD4, 0x05, 0x00, 0x20,
		0x6C, 0x0C, 0x00, 0x20, 0x0C, 0x6B, 0x00, 0x00, // 0x1340
		0xF6, 0x74, 0x00, 0x00, 0xFE, 0x74, 0x00, 0x00,
		0xC0, 0x66, 0x00, 0x00, 0x0A, 0x75, 0x00, 0x00, // 0x1350
		0xDF, 0x3F, 0xDF, 0x6C, 0x03, 0x0C, 0x00, 0x33,
		0xDE, 0x60, 0x24, 0x3B, 0x69, 0x0F, 0x65, 0xD8, // 0x1360
		0x2C, 0x10, 0x80, 0x30, 0x64, 0xB4, 0x06, 0x40,
		0x63, 0x94, 0xC0, 0x68, 0x40, 0x3B, 0x19, 0x0C, // 0x1370
		0x00, 0x33, 0x04, 0x2B, 0xDD, 0x64, 0x50, 0x08,
		0x00, 0xE0, 0x1B, 0x2A, 0x00, 0x33, 0x42, 0x13, // 0x1380
		0x64, 0xDC, 0x5C, 0x00, 0x00, 0x37, 0x60, 0x92,
		0x88, 0x3B, 0x60, 0xB2, 0x09, 0x2F, 0x04, 0xD8, // 0x1390
		0x5D, 0x00, 0xFF, 0xE3, 0x72, 0xFB, 0x24, 0xD8,
		0x5C, 0x00, 0x1C, 0x12, 0xFF, 0xE3, 0xC2, 0xF9, // 0x13A0
		0x65, 0xD8, 0x44, 0x20, 0x00, 0x23, 0x65, 0xDC,
		0x44, 0x20, 0x65, 0xD8, 0xB4, 0x41, 0xE3, 0xC4, // 0x13B0
		0x42, 0x24, 0x8A, 0x74, 0xDF, 0x3A, 0x0F, 0x0C,
		0xDC, 0x60, 0x24, 0x3B, 0x0C, 0x0C, 0xDF, 0x3F, // 0x13C0
		0xDF, 0x6C, 0x03, 0x0C, 0x00, 0x33, 0xDE, 0x60,
		0x21, 0x3B, 0x05, 0x08, 0x7F, 0x4F, 0xCC, 0x61, // 0x13D0
		0xE1, 0x57, 0xDE, 0x75, 0x03, 0x33, 0xE5, 0xDC,
		0xB4, 0x01, 0x64, 0xDC, 0x24, 0x00, 0xE4, 0xDC, // 0x13E0
		0x25, 0x00, 0x00, 0xE0, 0xAE, 0x1D, 0x6A, 0x12,
		0x01, 0x31, 0x60, 0x93, 0x23, 0xC4, 0x22, 0x20, // 0x13F0
		0x40, 0x3A, 0x06, 0x08, 0x07, 0x12, 0x40, 0x90,
		0x48, 0x68, 0x40, 0x39, 0x32, 0x0C, 0x63, 0xE4, // 0x1400
		0x00, 0x22, 0x40, 0x3B, 0x4D, 0x08, 0x80, 0x30,
		0x04, 0x40, 0x00, 0xE0, 0xD8, 0x29, 0x62, 0x12, // 0x1410
		0x01, 0x32, 0x40, 0xB3, 0x45, 0x04, 0x64, 0xD8,
		0x5C, 0x00, 0x42, 0x5B, 0x14, 0x3B, 0x44, 0xDC, // 0x1420
		0x5C, 0x00, 0xBA, 0x0F, 0x0B, 0x33, 0x05, 0x30,
		0x65, 0xDC, 0x90, 0x01, 0x65, 0xD8, 0x40, 0x20, // 0x1430
		0x63, 0xEC, 0x00, 0x10, 0x65, 0xDC, 0x40, 0x20,
		0x00, 0xE0, 0x44, 0x29, 0x17, 0x11, 0xFF, 0xE3, // 0x1440
		0x71, 0xF9, 0xAA, 0x07, 0x14, 0x33, 0x35, 0x04,
		0x73, 0x11, 0x00, 0x98, 0x60, 0x93, 0x40, 0x3B, // 0x1450
		0x14, 0x33, 0x03, 0xC4, 0x40, 0x0C, 0x00, 0xB8,
		0x7F, 0x33, 0xCA, 0x60, 0xC2, 0x60, 0x3C, 0x04, // 0x1460
		0x25, 0xD8, 0x45, 0x20, 0xE1, 0xE4, 0x08, 0x20,
		0x40, 0x3F, 0x06, 0x0C, 0xE3, 0x94, 0xE7, 0xE4, // 0x1470
		0x18, 0x20, 0x40, 0x3F, 0x0E, 0x08, 0x21, 0xE4,
		0x10, 0x20, 0x40, 0x39, 0xC1, 0x0F, 0x23, 0x94, // 0x1480
		0x21, 0xE4, 0x08, 0x20, 0x40, 0x39, 0xBC, 0x0F,
		0x24, 0xD8, 0x56, 0x00, 0x40, 0x39, 0xB8, 0x0B, // 0x1490
		0x42, 0xEC, 0x0F, 0x00, 0x40, 0xB0, 0x22, 0x11,
		0x02, 0x11, 0xFF, 0xE3, 0x43, 0xF9, 0x62, 0x8E, // 0x14A0
		0x03, 0xEB, 0xDF, 0x2E, 0xD0, 0x0B, 0x60, 0x8E,
		0x03, 0xEB, 0xB8, 0x0B, 0xCC, 0x0F, 0x00, 0x33, // 0x14B0
		0x65, 0xDC, 0x29, 0x10, 0x7C, 0x10, 0x4F, 0x6C,
		0x40, 0x93, 0x40, 0x3A, 0x40, 0xE8, 0xAB, 0xFD, // 0x14C0
		0x7A, 0x10, 0x40, 0x93, 0x7A, 0x10, 0x65, 0x93,
		0x8E, 0x60, 0x62, 0xE4, 0x1E, 0x00, 0x03, 0xEB, // 0x14D0
		0x96, 0x00, 0xBB, 0x0F, 0x08, 0x33, 0x64, 0xB4,
		0x00, 0x33, 0x60, 0xB1, 0x00, 0xE8, 0x9B, 0xFD, // 0x14E0
		0xC3, 0x6C, 0x40, 0x81, 0x40, 0x3A, 0x40, 0xA3,
		0x02, 0x08, 0x3C, 0x78, 0x00, 0x21, 0x00, 0x23, // 0x14F0
		0xF9, 0x07, 0xC3, 0x6C, 0x40, 0x83, 0x40, 0x3A,
		0x03, 0x08, 0x01, 0x5B, 0x3C, 0x78, 0x00, 0x23, // 0x1500
		0xFA, 0x07, 0x00, 0x00, 0x00, 0x50, 0x01, 0x40,
		0x4A, 0x75, 0x00, 0x00, 0xD4, 0x05, 0x00, 0x20, // 0x1510
		0x0C, 0x0B, 0x00, 0x20, 0xC8, 0x05, 0x00, 0x20,
		0x23, 0x75, 0x00, 0x00, 0x0C, 0x6B, 0x00, 0x00, // 0x1520
		0x58, 0x75, 0x00, 0x00, 0xDC, 0x05, 0x00, 0x20,
		0xF0, 0x04, 0x00, 0x20, 0x6C, 0x0C, 0x00, 0x20, // 0x1530
		0x00, 0x30, 0x3C, 0x78, 0x74, 0x00, 0x63, 0xD8,
		0x40, 0x01, 0x43, 0xEB, 0x3C, 0x00, 0x13, 0x0C, // 0x1540
		0x03, 0xEB, 0x3C, 0x00, 0x08, 0x08, 0x40, 0x3B,
		0x04, 0x0C, 0x43, 0xEB, 0x33, 0x00, 0x09, 0x08, // 0x1550
		0x01, 0x30, 0x3C, 0x78, 0x43, 0xEB, 0x55, 0x00,
		0xFC, 0x0F, 0x43, 0xEB, 0xFF, 0x00, 0x03, 0x0C, // 0x1560
		0x02, 0x30, 0xF8, 0x07, 0x00, 0x30, 0xF6, 0x07,
		0x40, 0x01, 0x00, 0x31, 0x60, 0x92, 0x0F, 0x29, // 0x1570
		0xC4, 0x68, 0x60, 0xB2, 0x3C, 0x78, 0xC1, 0x14,
		0x65, 0x01, 0x43, 0xD8, 0x40, 0x01, 0x42, 0xEB, // 0x1580
		0x4F, 0x00, 0x8F, 0x6C, 0x2A, 0x08, 0x26, 0x01,
		0x03, 0xD8, 0x41, 0x01, 0x81, 0xD8, 0x5F, 0x00, // 0x1590
		0x12, 0x64, 0x15, 0x08, 0x81, 0xD8, 0x30, 0x10,
		0x03, 0xD8, 0xA1, 0x10, 0x12, 0x64, 0x0F, 0x08, // 0x15A0
		0x01, 0xD8, 0x62, 0x00, 0x23, 0xD8, 0x44, 0x01,
		0x42, 0x64, 0x09, 0x08, 0x43, 0xD8, 0x45, 0x20, // 0x15B0
		0x42, 0xEC, 0x20, 0x00, 0x43, 0xDC, 0x45, 0x20,
		0x00, 0x30, 0x81, 0x14, 0x62, 0xD8, 0x45, 0x20, // 0x15C0
		0x63, 0xEC, 0x20, 0x00, 0x62, 0xDC, 0x45, 0x20,
		0x62, 0xD8, 0x75, 0x20, 0x63, 0xEC, 0x02, 0x00, // 0x15D0
		0x62, 0xDC, 0x75, 0x20, 0x01, 0x30, 0xF2, 0x07,
		0x02, 0x30, 0xF0, 0x07, 0x7E, 0x01, 0x43, 0xD8, // 0x15E0
		0x41, 0x01, 0x42, 0xEB, 0x3B, 0x00, 0x0E, 0x08,
		0x63, 0xD8, 0xA1, 0x10, 0x43, 0xEB, 0x02, 0xBB, // 0x15F0
		0x0B, 0x0C, 0x42, 0x02, 0x00, 0x31, 0x60, 0x92,
		0x0E, 0x29, 0xC4, 0x68, 0x60, 0xB2, 0x01, 0x30, // 0x1600
		0x3C, 0x78, 0x02, 0x30, 0xFE, 0x07, 0x00, 0x30,
		0xFC, 0x07, 0xD0, 0x14, 0x6A, 0x02, 0x43, 0xD8, // 0x1610
		0xA0, 0x10, 0x42, 0xEB, 0x5F, 0x4C, 0x16, 0x08,
		0x23, 0xD8, 0x42, 0x01, 0x43, 0xD8, 0x43, 0x01, // 0x1620
		0x50, 0x42, 0x38, 0x41, 0x48, 0x6C, 0x43, 0xD8,
		0x45, 0x01, 0x48, 0x6C, 0x43, 0xD8, 0x44, 0x01, // 0x1630
		0x48, 0x42, 0x48, 0x6C, 0x11, 0x02, 0x23, 0xDC,
		0x77, 0x20, 0xFF, 0xE3, 0x73, 0xF8, 0x00, 0x30, // 0x1640
		0x90, 0x14, 0x02, 0x30, 0xFE, 0x07, 0xD0, 0x14,
		0x79, 0x02, 0x43, 0xD8, 0xA0, 0x10, 0x42, 0xEB, // 0x1650
		0x2F, 0x0B, 0x0A, 0x08, 0x23, 0xD8, 0x42, 0x01,
		0x19, 0x02, 0x23, 0xDC, 0xD8, 0x01, 0xFF, 0xE3, // 0x1660
		0x61, 0xF8, 0x00, 0x30, 0x90, 0x14, 0x02, 0x30,
		0xFE, 0x07, 0xD4, 0x14, 0x23, 0x14, 0x03, 0x6D, // 0x1670
		0x22, 0xB8, 0x00, 0xC0, 0x26, 0x60, 0x02, 0xC0,
		0x25, 0x60, 0x04, 0xC0, 0x23, 0x60, 0x48, 0x90, // 0x1680
		0xE7, 0x90, 0x40, 0xB8, 0x61, 0xB8, 0x03, 0x03,
		0xFF, 0xE3, 0x4C, 0xF8, 0x22, 0x98, 0x04, 0x03, // 0x1690
		0xFF, 0xE3, 0x48, 0xF8, 0x61, 0x98, 0x4F, 0x6C,
		0x06, 0x03, 0xFF, 0xE3, 0x43, 0xF8, 0x40, 0x98, // 0x16A0
		0x4B, 0x6C, 0x07, 0x03, 0xFF, 0xE3, 0x3E, 0xF8,
		0x5B, 0x6C, 0x08, 0x03, 0xC8, 0x03, 0xFF, 0xE3, // 0x16B0
		0x39, 0xF8, 0x57, 0x6C, 0x09, 0x03, 0xA4, 0xE4,
		0x7F, 0x00, 0xFF, 0xE3, 0x33, 0xF8, 0x5F, 0x6C, // 0x16C0
		0x0B, 0x03, 0xFF, 0xE3, 0x2F, 0xF8, 0x6B, 0x03,
		0x0B, 0x03, 0x23, 0xD8, 0xC0, 0x22, 0xFF, 0xE3, // 0x16D0
		0x29, 0xF8, 0x0C, 0x03, 0xFF, 0xE3, 0x26, 0xF8,
		0x4D, 0x03, 0x2C, 0x03, 0x0C, 0x03, 0xFF, 0xE3, // 0x16E0
		0x21, 0xF8, 0x53, 0x6C, 0x0D, 0x03, 0xFF, 0xE3,
		0x1D, 0xF8, 0x40, 0x94, 0x53, 0x6C, 0x1B, 0x6C, // 0x16F0
		0x03, 0x24, 0xFF, 0xE3, 0x17, 0xF8, 0x52, 0x65,
		0xF9, 0x0B, 0x16, 0x03, 0x00, 0x34, 0xFF, 0xE3, // 0x1700
		0x11, 0xF8, 0x36, 0x03, 0x14, 0x03, 0xBE, 0x03,
		0xFF, 0xE3, 0x0C, 0xF8, 0x39, 0x03, 0x50, 0x60, // 0x1710
		0x40, 0x91, 0x17, 0x6C, 0x03, 0x24, 0xFF, 0xE3,
		0x05, 0xF8, 0x44, 0xEB, 0x40, 0x00, 0xF7, 0x0B, // 0x1720
		0x03, 0x14, 0x94, 0x14, 0xD0, 0x14, 0x6F, 0x13,
		0x43, 0xD8, 0x40, 0x01, 0x42, 0xEB, 0x3C, 0x00, // 0x1730
		0x0C, 0x0C, 0x5E, 0x3A, 0x08, 0x08, 0x63, 0xD8,
		0x41, 0x01, 0x43, 0xEB, 0xFF, 0x00, 0x05, 0x0C, // 0x1740
		0x01, 0x30, 0x90, 0x14, 0x02, 0x30, 0xFE, 0x07,
		0x7B, 0x13, 0x01, 0x32, 0x40, 0x30, 0x40, 0xB3, // 0x1750
		0x00, 0xE0, 0xCD, 0x27, 0x00, 0xE0, 0x99, 0x1F,
		0x00, 0x30, 0xF4, 0x07, 0xD1, 0x14, 0x63, 0x13, // 0x1760
		0x80, 0x13, 0x09, 0x32, 0x43, 0xDC, 0x24, 0x00,
		0x44, 0xD8, 0xE4, 0x01, 0x43, 0xDC, 0x25, 0x00, // 0x1770
		0x00, 0xE0, 0xE7, 0x1B, 0x80, 0x30, 0x04, 0x40,
		0x00, 0xE0, 0x21, 0x28, 0x44, 0xD8, 0xE4, 0x01, // 0x1780
		0x2E, 0x13, 0x0F, 0x13, 0xFF, 0xE3, 0xCE, 0xF7,
		0x91, 0x14, 0xD0, 0x14, 0x77, 0x12, 0x18, 0x32, // 0x1790
		0x43, 0xDC, 0x24, 0x00, 0x4C, 0x32, 0x43, 0xDC,
		0x25, 0x00, 0x00, 0xE0, 0xD2, 0x1B, 0x80, 0x30, // 0x17A0
		0x04, 0x40, 0x00, 0xE0, 0x0C, 0x28, 0x90, 0x14,
		0xD0, 0x14, 0x70, 0x12, 0x18, 0x32, 0x43, 0xDC, // 0x17B0
		0x24, 0x00, 0x0B, 0x32, 0x43, 0xDC, 0x25, 0x00,
		0x00, 0xE0, 0xC3, 0x1B, 0x80, 0x30, 0x04, 0x40, // 0x17C0
		0x00, 0xE0, 0xFD, 0x27, 0x90, 0x14, 0xD0, 0x14,
		0x68, 0x12, 0x38, 0x32, 0x43, 0xDC, 0x24, 0x00, // 0x17D0
		0x3B, 0x32, 0x43, 0xDC, 0x25, 0x00, 0x02, 0x32,
		0x43, 0xDC, 0x26, 0x00, 0x00, 0x32, 0x44, 0x2A, // 0x17E0
		0x43, 0xDC, 0x27, 0x00, 0x00, 0xE0, 0xAD, 0x1B,
		0x80, 0x30, 0x04, 0x40, 0x00, 0xE0, 0xE7, 0x27, // 0x17F0
		0x90, 0x14, 0xD1, 0x14, 0x7C, 0x11, 0x8E, 0x5B,
		0x04, 0x83, 0xFF, 0xE3, 0x7D, 0xF7, 0x53, 0x6C, // 0x1800
		0x42, 0x58, 0x10, 0x12, 0xFF, 0xE3, 0xE5, 0xFA,
		0x00, 0xE0, 0x9B, 0x1B, 0x80, 0x30, 0x04, 0x40, // 0x1810
		0x00, 0xE0, 0xD5, 0x27, 0x91, 0x14, 0xD2, 0x14,
		0x92, 0x11, 0x6B, 0x12, 0xB2, 0x11, 0x04, 0xD8, // 0x1820
		0xF0, 0x10, 0x61, 0x8B, 0x72, 0xAD, 0xFF, 0xE3,
		0x96, 0xF9, 0x6A, 0x95, 0x40, 0x3B, 0x6F, 0x11, // 0x1830
		0x14, 0x0C, 0x03, 0x32, 0x43, 0xDC, 0x24, 0x00,
		0x00, 0x32, 0x43, 0xDC, 0x25, 0x00, 0x00, 0xE0, // 0x1840
		0x80, 0x1B, 0x21, 0x31, 0x01, 0x12, 0xFF, 0xE3,
		0xFA, 0xF5, 0x44, 0xD8, 0xF0, 0x10, 0x3B, 0x11, // 0x1850
		0x1F, 0x11, 0xFF, 0xE3, 0x67, 0xF7, 0x92, 0x14,
		0x38, 0x32, 0x43, 0xDC, 0x24, 0x00, 0x0A, 0x32, // 0x1860
		0x43, 0xDC, 0x25, 0x00, 0x44, 0xD8, 0xF0, 0x10,
		0x43, 0xDC, 0x26, 0x00, 0x48, 0x4A, 0x43, 0xDC, // 0x1870
		0x27, 0x00, 0x00, 0xE0, 0x66, 0x1B, 0x80, 0x30,
		0x04, 0x40, 0x00, 0xE0, 0xA0, 0x27, 0xE2, 0x07, // 0x1880
		0xD2, 0x14, 0x21, 0x15, 0x3B, 0x6C, 0x09, 0x32,
		0x32, 0x11, 0x00, 0x34, 0x00, 0xE0, 0xDA, 0x30, // 0x1890
		0x08, 0x32, 0x31, 0x11, 0x03, 0x18, 0xFF, 0xE3,
		0x9C, 0xFA, 0x08, 0x32, 0x7B, 0x6C, 0x03, 0x1B, // 0x18A0
		0x1E, 0x5B, 0xFF, 0xE3, 0x96, 0xFA, 0x11, 0x10,
		0x00, 0x33, 0x5B, 0x2B, 0x60, 0xDC, 0x24, 0x00, // 0x18B0
		0x0B, 0x32, 0x08, 0x33, 0x03, 0x19, 0x60, 0xDC,
		0x25, 0x00, 0x25, 0x20, 0xFF, 0xE3, 0x89, 0xFA, // 0x18C0
		0x00, 0x33, 0x6C, 0xB8, 0x6D, 0xB8, 0x6E, 0xB8,
		0x64, 0x11, 0x67, 0xB8, 0x64, 0x11, 0x68, 0xB8, // 0x18D0
		0x64, 0x11, 0x69, 0xB8, 0x64, 0x11, 0x6A, 0xB8,
		0x64, 0x11, 0x6B, 0xB8, 0x00, 0x33, 0x47, 0x04, // 0x18E0
		0x00, 0x00, 0x00, 0x20, 0x0C, 0x0B, 0x00, 0x20,
		0x08, 0x02, 0x00, 0x20, 0x5D, 0x72, 0x00, 0x00, // 0x18F0
		0x6D, 0x72, 0x00, 0x00, 0x80, 0x72, 0x00, 0x00,
		0x97, 0x72, 0x00, 0x00, 0xA2, 0x72, 0x00, 0x00, // 0x1900
		0xAE, 0x72, 0x00, 0x00, 0xBD, 0x72, 0x00, 0x00,
		0x21, 0x73, 0x00, 0x00, 0xC9, 0x72, 0x00, 0x00, // 0x1910
		0xD6, 0x72, 0x00, 0x00, 0x00, 0xE1, 0x00, 0xE0,
		0xE6, 0x72, 0x00, 0x00, 0xF6, 0x72, 0x00, 0x00, // 0x1920
		0x00, 0x18, 0x00, 0x20, 0x00, 0x10, 0x00, 0x20,
		0x00, 0x73, 0x00, 0x00, 0x16, 0x73, 0x00, 0x00, // 0x1930
		0x2E, 0x73, 0x00, 0x00, 0xC4, 0x05, 0x00, 0x20,
		0x0C, 0x6B, 0x00, 0x00, 0x42, 0x73, 0x00, 0x00, // 0x1940
		0x2C, 0x02, 0x00, 0x20, 0xD0, 0x04, 0x00, 0x20,
		0xFE, 0x1E, 0x00, 0x00, 0x59, 0x73, 0x00, 0x00, // 0x1950
		0x85, 0x73, 0x00, 0x00, 0x0C, 0x02, 0x00, 0x20,
		0x01, 0x23, 0x45, 0x67, 0x89, 0xAB, 0xCD, 0xEF, // 0x1960
		0xFE, 0xDC, 0xBA, 0x98, 0x76, 0x54, 0x32, 0x10,
		0xF0, 0xE1, 0xD2, 0xC3, 0x7F, 0xB8, 0x60, 0xB9, // 0x1970
		0x60, 0x99, 0x40, 0x3B, 0x20, 0x08, 0x6E, 0x98,
		0x07, 0x19, 0x42, 0x5B, 0xC4, 0x60, 0x03, 0x19, // 0x1980
		0x50, 0x60, 0x20, 0x81, 0x23, 0xDC, 0x20, 0x00,
		0x6C, 0x98, 0x07, 0x23, 0x40, 0x3B, 0x4E, 0xB8, // 0x1990
		0x6C, 0xB8, 0x08, 0x08, 0x6D, 0x98, 0x00, 0x23,
		0x40, 0x3B, 0x6D, 0xB8, 0x03, 0x08, 0x01, 0x33, // 0x19A0
		0x60, 0xB9, 0x42, 0xEB, 0x40, 0x00, 0x04, 0x08,
		0x07, 0x18, 0xFF, 0xE3, 0x92, 0xF5, 0x00, 0x24, // 0x19B0
		0x50, 0x3C, 0xDF, 0x0B, 0x80, 0x99, 0x40, 0x3C,
		0x09, 0x0C, 0x00, 0xE0, 0xC2, 0x1A, 0x80, 0x30, // 0x19C0
		0x04, 0x40, 0x00, 0xE0, 0xFC, 0x26, 0x01, 0x15,
		0x92, 0x14, 0xBF, 0x98, 0x40, 0x3D, 0x48, 0x08, // 0x19D0
		0x4E, 0x98, 0x07, 0x19, 0x22, 0xEB, 0x37, 0x00,
		0x62, 0x5A, 0x84, 0x60, 0x00, 0x31, 0x7F, 0x29, // 0x19E0
		0x22, 0xDC, 0x20, 0x00, 0x6E, 0xB8, 0x00, 0x32,
		0x62, 0x08, 0x23, 0xEB, 0x3F, 0x00, 0x4B, 0x08, // 0x19F0
		0x40, 0x3A, 0x02, 0x0C, 0x6E, 0xB8, 0x07, 0x18,
		0xFF, 0xE3, 0x6B, 0xF5, 0x6E, 0x98, 0x00, 0x32, // 0x1A00
		0x23, 0xEB, 0x37, 0x00, 0x47, 0x08, 0x40, 0x3A,
		0x02, 0x0C, 0x6E, 0xB8, 0x6D, 0x98, 0x58, 0x4B, // 0x1A10
		0x6E, 0xDC, 0x77, 0x00, 0x4E, 0xDC, 0x74, 0x00,
		0x50, 0x4B, 0x07, 0x18, 0x4E, 0xDC, 0x75, 0x00, // 0x1A20
		0x48, 0x4B, 0x6C, 0x98, 0x4E, 0xDC, 0x76, 0x00,
		0x58, 0x4B, 0x6E, 0xDC, 0x7B, 0x00, 0x4E, 0xDC, // 0x1A30
		0x78, 0x00, 0x50, 0x4B, 0x4E, 0xDC, 0x79, 0x00,
		0x48, 0x4B, 0x4E, 0xDC, 0x7A, 0x00, 0xFF, 0xE3, // 0x1A40
		0x48, 0xF5, 0x07, 0x1B, 0x00, 0x32, 0xD4, 0x60,
		0x00, 0x25, 0x45, 0xEB, 0x40, 0x00, 0x43, 0xDC, // 0x1A50
		0x20, 0x00, 0xF8, 0x0B, 0x00, 0x33, 0x6C, 0xB8,
		0x6D, 0xB8, 0x01, 0x33, 0x7F, 0xB8, 0x82, 0xEA, // 0x1A60
		0x07, 0x01, 0x03, 0x31, 0x62, 0x54, 0x07, 0x18,
		0x62, 0x43, 0xC0, 0x60, 0x81, 0xC4, 0x40, 0x20, // 0x1A70
		0x03, 0x40, 0x60, 0x93, 0x00, 0x24, 0x54, 0x3C,
		0xC1, 0x70, 0x62, 0xDC, 0x5F, 0x00, 0x00, 0x22, // 0x1A80
		0xF2, 0x0B, 0x9C, 0x07, 0x00, 0x31, 0x00, 0x23,
		0x07, 0x1A, 0x8C, 0x60, 0x3F, 0xA2, 0x01, 0x32, // 0x1A90
		0xAD, 0x07, 0x00, 0x31, 0x00, 0x23, 0x07, 0x1A,
		0x8C, 0x60, 0x3F, 0xA2, 0x01, 0x32, 0xB1, 0x07, // 0x1AA0
		0x00, 0x31, 0x00, 0x23, 0x07, 0x1A, 0x8C, 0x60,
		0x3F, 0xA2, 0x01, 0x32, 0x43, 0xEB, 0x38, 0x00, // 0x1AB0
		0xF8, 0x0B, 0xAA, 0x07, 0xD1, 0x14, 0x4D, 0x00,
		0x62, 0xD8, 0x42, 0x20, 0x42, 0xD8, 0x41, 0x20, // 0x1AC0
		0xC8, 0x68, 0x40, 0x3B, 0x14, 0x0C, 0x92, 0x00,
		0x60, 0x94, 0x00, 0x23, 0x60, 0xB4, 0x63, 0xE4, // 0x1AD0
		0x01, 0x20, 0x40, 0x3B, 0x0D, 0x0C, 0x01, 0x31,
		0x80, 0x30, 0xFF, 0xE3, 0x93, 0xF8, 0x60, 0x94, // 0x1AE0
		0x04, 0x3B, 0x05, 0x08, 0x05, 0x31, 0x18, 0x00,
		0xFF, 0xE3, 0xA9, 0xF4, 0x91, 0x14, 0x00, 0x31, // 0x1AF0
		0x80, 0x30, 0xFF, 0xE3, 0x87, 0xF8, 0x96, 0x31,
		0xF7, 0x07, 0x7C, 0x00, 0x5C, 0x00, 0x60, 0x83, // 0x1B00
		0x65, 0x43, 0xC8, 0x60, 0x20, 0x93, 0x7D, 0x00,
		0x40, 0x93, 0x85, 0x68, 0x40, 0xB3, 0x5E, 0x00, // 0x1B10
		0x60, 0x92, 0xC4, 0x6C, 0x60, 0xB2, 0x00, 0x32,
		0x60, 0x01, 0x40, 0xA3, 0x00, 0x32, 0x60, 0x01, // 0x1B20
		0x40, 0xB3, 0x60, 0x01, 0x40, 0xB3, 0x3C, 0x78,
		0x60, 0x14, 0x62, 0x14, 0xD0, 0x14, 0x3B, 0x6C, // 0x1B30
		0x7F, 0x6C, 0xFF, 0xE3, 0x9C, 0xFD, 0x00, 0x04,
		0x60, 0x14, 0x62, 0x14, 0x63, 0x14, 0x61, 0x14, // 0x1B40
		0x60, 0x14, 0x62, 0x14, 0x63, 0x14, 0x61, 0x14,
		0x60, 0x14, 0x62, 0x14, 0x63, 0x14, 0x61, 0x14, // 0x1B50
		0x60, 0x14, 0x62, 0x14, 0x63, 0x14, 0x61, 0x14,
		0x60, 0x14, 0x62, 0x14, 0x63, 0x14, 0x61, 0x14, // 0x1B60
		0x60, 0x14, 0x62, 0x14, 0x63, 0x14, 0x61, 0x14,
		0x60, 0x14, 0x62, 0x14, 0x63, 0x14, 0x61, 0x14, // 0x1B70
		0x60, 0x14, 0x62, 0x14, 0x63, 0x14, 0x61, 0x14,
		0x60, 0x14, 0x62, 0x14, 0x56, 0x01, 0x75, 0x01, // 0x1B80
		0x60, 0x93, 0x60, 0x92, 0x00, 0x23, 0x60, 0xB2,
		0x63, 0x14, 0x61, 0x14, 0x60, 0x14, 0x62, 0x14, // 0x1B90
		0xD2, 0x14, 0x99, 0x01, 0xA1, 0x94, 0x65, 0xE4,
		0x02, 0x20, 0xA2, 0xB4, 0x40, 0x3B, 0x05, 0x0C, // 0x1BA0
		0x26, 0x94, 0x00, 0x30, 0x00, 0xE0, 0x9E, 0x19,
		0xA5, 0xE4, 0x00, 0x22, 0x40, 0x3D, 0x05, 0x0C, // 0x1BB0
		0x27, 0x94, 0x01, 0x30, 0x00, 0xE0, 0x96, 0x19,
		0x6D, 0x94, 0x63, 0xE4, 0x02, 0x20, 0x40, 0x3B, // 0x1BC0
		0x07, 0x0C, 0x03, 0x33, 0x02, 0x30, 0x6E, 0xB4,
		0x2F, 0x94, 0x00, 0xE0, 0x8B, 0x19, 0x88, 0x02, // 0x1BD0
		0x74, 0x94, 0x63, 0xE4, 0x02, 0x20, 0x40, 0x3B,
		0x07, 0x0C, 0x03, 0x33, 0x03, 0x30, 0x75, 0xB4, // 0x1BE0
		0x36, 0x94, 0x00, 0xE0, 0x7F, 0x19, 0x7B, 0x94,
		0x63, 0xE4, 0x02, 0x20, 0x40, 0x3B, 0x07, 0x0C, // 0x1BF0
		0x03, 0x33, 0x04, 0x30, 0x7C, 0xB4, 0x3D, 0x94,
		0x00, 0xE0, 0x74, 0x19, 0x74, 0x02, 0x43, 0xD8, // 0x1C00
		0x22, 0x20, 0x42, 0xE4, 0x02, 0x20, 0x40, 0x3A,
		0x09, 0x0C, 0x03, 0x32, 0x05, 0x30, 0x43, 0xDC, // 0x1C10
		0x23, 0x20, 0x23, 0xD8, 0x24, 0x20, 0x00, 0xE0,
		0x65, 0x19, 0xEE, 0xD9, 0x02, 0x20, 0xA1, 0x98, // 0x1C20
		0x80, 0x98, 0x03, 0x14, 0x63, 0x14, 0x61, 0x14,
		0x60, 0x14, 0x62, 0x14, 0xD3, 0x14, 0x21, 0x14, // 0x1C30
		0x80, 0x03, 0x01, 0x36, 0xA2, 0x94, 0xC5, 0xC4,
		0x23, 0x20, 0xA5, 0xB4, 0x40, 0x3B, 0x1D, 0x0C, // 0x1C40
		0x60, 0x94, 0x80, 0x3B, 0x81, 0x3B, 0x60, 0xB4,
		0x02, 0x30, 0x00, 0xE0, 0xB8, 0x25, 0x74, 0x03, // 0x1C50
		0x66, 0x93, 0x8C, 0x69, 0x40, 0x3E, 0x11, 0x08,
		0x60, 0x94, 0x63, 0xEC, 0x04, 0x00, 0x60, 0xB4, // 0x1C60
		0x03, 0xEA, 0x71, 0x02, 0x60, 0xB8, 0x60, 0x98,
		0x43, 0x5B, 0x40, 0x3B, 0x40, 0xB8, 0x14, 0x08, // 0x1C70
		0x50, 0x03, 0x60, 0x92, 0x82, 0x3B, 0x60, 0xB2,
		0xA5, 0xE4, 0x02, 0x20, 0x40, 0x3D, 0x03, 0x0C, // 0x1C80
		0x00, 0xE0, 0xC0, 0x1B, 0x01, 0x14, 0xEE, 0xD9,
		0x03, 0x20, 0xC2, 0x98, 0xA1, 0x98, 0x80, 0x98, // 0x1C90
		0x04, 0x14, 0x63, 0x14, 0x61, 0x14, 0x03, 0x6C,
		0xE7, 0x07, 0x60, 0x14, 0x62, 0x14, 0xD2, 0x14, // 0x1CA0
		0x7B, 0x03, 0x4F, 0x6D, 0x82, 0x93, 0xE4, 0xC4,
		0x22, 0x28, 0x4B, 0xB3, 0x44, 0xE4, 0x40, 0x20, // 0x1CB0
		0x40, 0x3A, 0x07, 0x0C, 0x00, 0x33, 0x80, 0x30,
		0x60, 0xB5, 0x09, 0x40, 0x00, 0xE0, 0x7F, 0x25, // 0x1CC0
		0x64, 0xE4, 0x00, 0x27, 0x40, 0x3B, 0x07, 0x0C,
		0x00, 0x33, 0x80, 0x30, 0x60, 0xB5, 0x09, 0x40, // 0x1CD0
		0x00, 0xE0, 0x75, 0x25, 0x64, 0xE4, 0x20, 0x20,
		0x40, 0x3B, 0x0E, 0x0C, 0x75, 0x13, 0x56, 0x13, // 0x1CE0
		0x27, 0x93, 0x22, 0xDC, 0x9A, 0x00, 0x4F, 0x13,
		0x20, 0x92, 0x44, 0x13, 0x22, 0xDC, 0x20, 0x20, // 0x1CF0
		0x41, 0x93, 0x85, 0x3A, 0x41, 0xB3, 0x84, 0xE4,
		0x10, 0x20, 0x40, 0x3C, 0x11, 0x0C, 0x6E, 0x13, // 0x1D00
		0x43, 0xD8, 0x99, 0x00, 0x22, 0x5A, 0x23, 0xDC,
		0x99, 0x00, 0x2A, 0x13, 0xC8, 0x60, 0x26, 0x91, // 0x1D10
		0x23, 0xDC, 0x9C, 0x00, 0x63, 0x13, 0x40, 0x93,
		0x78, 0x12, 0x43, 0xDC, 0x20, 0x20, 0xEE, 0xD9, // 0x1D20
		0x02, 0x20, 0xA1, 0x98, 0x80, 0x98, 0x03, 0x14,
		0x63, 0x14, 0x61, 0x14, 0x60, 0x14, 0x62, 0x14, // 0x1D30
		0x63, 0x14, 0x61, 0x14, 0x60, 0x14, 0x62, 0x14,
		0x63, 0x14, 0x61, 0x14, 0x60, 0x14, 0x62, 0x14, // 0x1D40
		0xD0, 0x14, 0x1E, 0x12, 0xFF, 0xE3, 0xEE, 0xF4,
		0x00, 0xE0, 0x5C, 0x30, 0x60, 0x14, 0x62, 0x14, // 0x1D50
		0xD2, 0x14, 0x9B, 0x12, 0x80, 0x32, 0x60, 0x94,
		0x48, 0x42, 0xC8, 0x68, 0x40, 0x3B, 0x24, 0x0C, // 0x1D60
		0x60, 0x94, 0x8F, 0x3B, 0x60, 0xB4, 0x65, 0x12,
		0x4F, 0x6D, 0x43, 0xD8, 0x4C, 0x11, 0x23, 0xD8, // 0x1D70
		0x4D, 0x11, 0x84, 0x64, 0x53, 0x12, 0x22, 0x08,
		0x65, 0x49, 0x01, 0xE4, 0x1F, 0x20, 0x8D, 0x23, // 0x1D80
		0x01, 0x31, 0x62, 0x43, 0xD4, 0x60, 0x40, 0x70,
		0x60, 0x93, 0xC4, 0x68, 0x26, 0x82, 0x40, 0x3B, // 0x1D90
		0x12, 0x0C, 0x7B, 0x11, 0x03, 0xD8, 0xBB, 0x10,
		0x00, 0xE0, 0x9B, 0x15, 0x65, 0xD8, 0x4D, 0x11, // 0x1DA0
		0x00, 0x23, 0x65, 0xDC, 0x4D, 0x11, 0xEE, 0xD9,
		0x02, 0x20, 0xA1, 0x98, 0x80, 0x98, 0x03, 0x14, // 0x1DB0
		0x63, 0x14, 0x61, 0x14, 0x05, 0xD8, 0x54, 0x11,
		0xF0, 0x07, 0x03, 0xD8, 0x54, 0x11, 0x26, 0x82, // 0x1DC0
		0x00, 0xE0, 0x87, 0x15, 0x10, 0x30, 0x00, 0xE0,
		0xF4, 0x24, 0x60, 0x94, 0x60, 0x94, 0x82, 0x3B, // 0x1DD0
		0x86, 0x3B, 0x60, 0xB4, 0x60, 0x94, 0x86, 0x3B,
		0x60, 0xB4, 0xE6, 0x07, 0x60, 0x14, 0x62, 0x14, // 0x1DE0
		0x63, 0x14, 0x61, 0x14, 0x60, 0x14, 0x62, 0x14,
		0x63, 0x14, 0x61, 0x14, 0x60, 0x14, 0x62, 0x14, // 0x1DF0
		0x63, 0x14, 0x61, 0x14, 0x60, 0x14, 0x62, 0x14,
		0x63, 0x14, 0x61, 0x14, 0x60, 0x14, 0x62, 0x14, // 0x1E00
		0x63, 0x14, 0x61, 0x14, 0x60, 0x14, 0x62, 0x14,
		0x63, 0x14, 0x61, 0x14, 0x60, 0x14, 0x62, 0x14, // 0x1E10
		0x63, 0x14, 0x61, 0x14, 0x60, 0x14, 0x62, 0x14,
		0x63, 0x14, 0x61, 0x14, 0x60, 0x14, 0x62, 0x14, // 0x1E20
		0x63, 0x14, 0x61, 0x14, 0x60, 0x14, 0x62, 0x14,
		0x63, 0x14, 0x61, 0x14, 0x60, 0x14, 0x62, 0x14, // 0x1E30
		0x63, 0x14, 0x61, 0x14, 0x60, 0x14, 0x62, 0x14,
		0x63, 0x14, 0x61, 0x14, 0x60, 0x14, 0x62, 0x14, // 0x1E40
		0x63, 0x14, 0x61, 0x14, 0xD0, 0x14, 0x6E, 0x10,
		0x43, 0xD8, 0x42, 0x20, 0x02, 0xC4, 0x40, 0x20, // 0x1E50
		0x03, 0xDC, 0x42, 0x20, 0x63, 0xD8, 0x41, 0x20,
		0x0C, 0x68, 0x40, 0x38, 0x05, 0x08, 0x01, 0x31, // 0x1E60
		0x80, 0x30, 0xFF, 0xE3, 0xCF, 0xF6, 0x90, 0x14,
		0xD0, 0x14, 0x45, 0x10, 0x62, 0xD8, 0x42, 0x20, // 0x1E70
		0x03, 0xC4, 0x21, 0x20, 0x28, 0x04, 0x00, 0x00,
		0x08, 0x02, 0x00, 0x20, 0x00, 0x00, 0x00, 0x20, // 0x1E80
		0xC4, 0x1A, 0x00, 0x00, 0xD0, 0x05, 0x00, 0x20,
		0x14, 0x6B, 0x00, 0x00, 0x0C, 0x0B, 0x00, 0x20, // 0x1E90
		0xD4, 0x05, 0x00, 0x20, 0xD8, 0x05, 0x00, 0x20,
		0xDC, 0x05, 0x00, 0x20, 0xCC, 0x05, 0x00, 0x20, // 0x1EA0
		0xF0, 0x04, 0x00, 0x20, 0x10, 0xE0, 0x00, 0xE0,
		0x00, 0xD0, 0x01, 0x40, 0x00, 0xC0, 0x01, 0x40, // 0x1EB0
		0x00, 0xB0, 0x01, 0x40, 0x38, 0x0B, 0x00, 0x20,
		0x8E, 0x73, 0x00, 0x00, 0x00, 0x30, 0x00, 0x40, // 0x1EC0
		0x00, 0x02, 0x00, 0x20, 0x40, 0x39, 0x13, 0x08,
		0xC0, 0x6C, 0x62, 0xDC, 0x42, 0x20, 0x62, 0xD8, // 0x1ED0
		0x41, 0x20, 0x0C, 0x68, 0x40, 0x38, 0x0B, 0x0C,
		0x80, 0x30, 0xFF, 0xE3, 0x93, 0xF6, 0x63, 0x02, // 0x1EE0
		0x00, 0x32, 0x96, 0x31, 0x04, 0x02, 0x40, 0xB3,
		0xFF, 0xE3, 0xA9, 0xF2, 0x90, 0x14, 0xD4, 0x14, // 0x1EF0
		0x21, 0x14, 0x86, 0x02, 0x10, 0x32, 0x60, 0x94,
		0xC8, 0x68, 0x40, 0x3B, 0x4A, 0x08, 0xC8, 0x02, // 0x1F00
		0x08, 0x02, 0x20, 0x86, 0x68, 0x02, 0x25, 0x41,
		0xA0, 0x90, 0x4C, 0x60, 0x94, 0x68, 0x20, 0x91, // 0x1F10
		0x84, 0x68, 0x4F, 0x6D, 0x40, 0x3A, 0xC3, 0x6D,
		0x3C, 0x0C, 0x6C, 0x02, 0x21, 0x8B, 0x6C, 0x02, // 0x1F20
		0x43, 0xD8, 0xF0, 0x10, 0x42, 0xE4, 0xE7, 0x13,
		0x85, 0x64, 0x06, 0x0C, 0x52, 0x88, 0x42, 0xE4, // 0x1F30
		0xB7, 0x0B, 0x49, 0x64, 0x30, 0x0C, 0x51, 0x02,
		0x40, 0x30, 0x60, 0xB8, 0x01, 0x33, 0x60, 0xB2, // 0x1F40
		0x00, 0xE0, 0xD5, 0x23, 0x60, 0x98, 0x40, 0x86,
		0x45, 0x42, 0x94, 0x60, 0x23, 0xD8, 0x75, 0x20, // 0x1F50
		0x00, 0x92, 0x40, 0x6C, 0x05, 0x92, 0x23, 0xDC,
		0x75, 0x20, 0xFF, 0xE3, 0x87, 0xFF, 0x60, 0x86, // 0x1F60
		0x65, 0x43, 0xD4, 0x60, 0x40, 0x93, 0x20, 0x94,
		0x48, 0x6C, 0x00, 0x30, 0x20, 0xB4, 0x3E, 0x02, // 0x1F70
		0x00, 0xA1, 0x00, 0x30, 0x3F, 0x02, 0x00, 0xB1,
		0x20, 0x97, 0x41, 0xC4, 0x42, 0x20, 0x40, 0xB7, // 0x1F80
		0x41, 0x93, 0x21, 0x03, 0x61, 0x03, 0x00, 0x03,
		0xFF, 0xE3, 0xCC, 0xF3, 0x00, 0xE0, 0x7D, 0x1B, // 0x1F90
		0x01, 0x14, 0x94, 0x14, 0x03, 0x31, 0x03, 0x03,
		0xFF, 0xE3, 0x51, 0xF2, 0xFA, 0x07, 0x60, 0x14, // 0x1FA0
		0x62, 0x14, 0xD1, 0x14, 0x66, 0x03, 0x05, 0x03,
		0x85, 0x93, 0x53, 0x6C, 0x86, 0xB3, 0xFF, 0xE3, // 0x1FB0
		0xB9, 0xF3, 0x64, 0xE4, 0x08, 0x20, 0x40, 0x3B,
		0x1B, 0x08, 0x84, 0xE4, 0x20, 0x20, 0x40, 0x3C, // 0x1FC0
		0x17, 0x0C, 0x7C, 0x03, 0x32, 0x32, 0x07, 0x30,
		0x44, 0xB3, 0x05, 0x32, 0x78, 0x03, 0x43, 0xDC, // 0x1FD0
		0x90, 0x01, 0x43, 0xD8, 0x40, 0x20, 0x42, 0xEC,
		0x00, 0x10, 0x43, 0xDC, 0x40, 0x20, 0x00, 0xE0, // 0x1FE0
		0x71, 0x23, 0x01, 0x30, 0xFF, 0xE3, 0x42, 0xFF,
		0x15, 0x03, 0xFF, 0xE3, 0x9B, 0xF3, 0xEE, 0xD9, // 0x1FF0
		0x01, 0x20, 0x80, 0x98, 0x02, 0x14, 0x63, 0x14,
		0x61, 0x14, 0x60, 0x14, 0x62, 0x14, 0xD3, 0x14, // 0x2000
		0x7A, 0x03, 0xBA, 0x13, 0x82, 0x93, 0x83, 0xB3,
		0x64, 0xE4, 0x01, 0x20, 0x40, 0x3B, 0x14, 0x0C, // 0x2010
		0x65, 0xD8, 0x45, 0x20, 0x43, 0xE4, 0x04, 0x20,
		0x40, 0x3A, 0x2D, 0x0C, 0x6C, 0x13, 0x44, 0x93, // 0x2020
		0xB3, 0x3A, 0x44, 0xB3, 0x0A, 0x32, 0x43, 0xDC,
		0xB0, 0x02, 0x09, 0x30, 0x00, 0xE0, 0x4A, 0x23, // 0x2030
		0x40, 0x30, 0xFF, 0xE3, 0x1B, 0xFF, 0x45, 0xD8,
		0x45, 0x20, 0x62, 0xE4, 0x04, 0x20, 0x40, 0x3B, // 0x2040
		0x22, 0x0C, 0x84, 0xE4, 0x02, 0x20, 0x40, 0x3C,
		0x0E, 0x0C, 0x61, 0x13, 0x06, 0x30, 0x44, 0x93, // 0x2050
		0xB6, 0x3A, 0x44, 0xB3, 0x0A, 0x32, 0x43, 0xDC,
		0xB0, 0x02, 0x00, 0xE0, 0x33, 0x23, 0x04, 0x30, // 0x2060
		0xFF, 0xE3, 0x04, 0xFF, 0xEE, 0xD9, 0x03, 0x20,
		0xC2, 0x98, 0xA1, 0x98, 0x80, 0x98, 0x04, 0x14, // 0x2070
		0x63, 0x14, 0x61, 0x14, 0x63, 0xE4, 0x02, 0x20,
		0x40, 0x3B, 0xDB, 0x0F, 0x03, 0x30, 0x00, 0xE0, // 0x2080
		0x0F, 0x1A, 0xD4, 0x07, 0x02, 0x33, 0x8C, 0x68,
		0x40, 0x3A, 0xED, 0x0F, 0xD0, 0x68, 0x40, 0x3B, // 0x2090
		0x1F, 0x0C, 0x41, 0x13, 0x80, 0x30, 0x61, 0x92,
		0x81, 0x3B, 0x61, 0xB2, 0x06, 0x40, 0x32, 0x33, // 0x20A0
		0xCB, 0x12, 0x64, 0xB6, 0x00, 0xE0, 0x8B, 0x23,
		0x00, 0x33, 0x05, 0xD8, 0x4B, 0x10, 0x66, 0xDC, // 0x20B0
		0x5C, 0x00, 0xFF, 0xE3, 0xE2, 0xF4, 0x04, 0x30,
		0xFF, 0xE3, 0xD8, 0xFE, 0x00, 0x33, 0x80, 0x30, // 0x20C0
		0x65, 0xDC, 0x8D, 0x01, 0x00, 0xE0, 0x7B, 0x23,
		0x14, 0x12, 0xFF, 0xE3, 0x2B, 0xF3, 0x84, 0xE4, // 0x20D0
		0x04, 0x20, 0x40, 0x3C, 0xC8, 0x0F, 0x50, 0x12,
		0x0B, 0x30, 0x61, 0x92, 0x82, 0x3B, 0x61, 0xB2, // 0x20E0
		0x9B, 0x11, 0x00, 0xE0, 0xEF, 0x22, 0x80, 0x30,
		0x32, 0x33, 0x06, 0x40, 0x64, 0xB4, 0x00, 0xE0, // 0x20F0
		0x66, 0x23, 0x00, 0x33, 0x05, 0xD8, 0x4B, 0x10,
		0x64, 0xDC, 0x5C, 0x00, 0xFF, 0xE3, 0xBD, 0xF4, // 0x2100
		0x08, 0x30, 0xFF, 0xE3, 0xB3, 0xFE, 0x06, 0x12,
		0xFF, 0xE3, 0x0C, 0xF3, 0xAC, 0x07, 0x60, 0x14, // 0x2110
		0x62, 0x14, 0xD0, 0x14, 0x63, 0x12, 0x40, 0x93,
		0x42, 0xE4, 0x80, 0x20, 0x40, 0x3A, 0x29, 0x0C, // 0x2120
		0x40, 0x93, 0x87, 0x3A, 0x40, 0xB3, 0x60, 0x93,
		0x63, 0xE4, 0x40, 0x20, 0x40, 0x3B, 0x21, 0x0C, // 0x2130
		0x00, 0x31, 0x00, 0x30, 0xFF, 0xE3, 0x27, 0xF6,
		0x80, 0x30, 0x01, 0x40, 0x00, 0xE0, 0xD7, 0x22, // 0x2140
		0x4A, 0x11, 0x62, 0xD8, 0x45, 0x20, 0x63, 0xE4,
		0x04, 0x20, 0x40, 0x3B, 0x08, 0x08, 0x62, 0xD8, // 0x2150
		0x40, 0x20, 0x80, 0x32, 0x4C, 0x42, 0xC8, 0x68,
		0x40, 0x3B, 0x0B, 0x0C, 0x40, 0x30, 0x00, 0xE0, // 0x2160
		0x2E, 0x23, 0x1C, 0x30, 0x00, 0xE0, 0xAE, 0x22,
		0x80, 0x30, 0x0B, 0x40, 0xFF, 0xE3, 0x7E, 0xFE, // 0x2170
		0xEE, 0xD9, 0x00, 0x20, 0x01, 0x14, 0x63, 0x14,
		0x61, 0x14, 0x60, 0x14, 0x62, 0x14, 0xD0, 0x14, // 0x2180
		0x49, 0x11, 0x64, 0x92, 0x65, 0xB2, 0x63, 0xE4,
		0x01, 0x20, 0x40, 0x3B, 0x1A, 0x0C, 0x77, 0x10, // 0x2190
		0x63, 0xD8, 0x45, 0x20, 0x63, 0xE4, 0x04, 0x20,
		0x40, 0x3B, 0x13, 0x0C, 0x6C, 0x10, 0x05, 0x30, // 0x21A0
		0x44, 0x93, 0x42, 0xEC, 0x00, 0x80, 0x44, 0xB3,
		0x0A, 0x32, 0x43, 0xDC, 0xB0, 0x02, 0x00, 0xE0, // 0x21B0
		0x89, 0x22, 0x80, 0x30, 0x14, 0x40, 0xFF, 0xE3,
		0x59, 0xFE, 0x1C, 0x10, 0xFF, 0xE3, 0xB2, 0xF2, // 0x21C0
		0xEE, 0xD9, 0x00, 0x20, 0x01, 0x14, 0x63, 0x14,
		0x61, 0x14, 0x00, 0x00, 0x08, 0x02, 0x00, 0x20, // 0x21D0
		0xC4, 0x1A, 0x00, 0x00, 0xD4, 0x05, 0x00, 0x20,
		0xD0, 0x05, 0x00, 0x20, 0x0C, 0x0B, 0x00, 0x20, // 0x21E0
		0x14, 0x6B, 0x00, 0x00, 0xD0, 0x04, 0x00, 0x20,
		0x00, 0x00, 0x00, 0x20, 0xC4, 0x05, 0x00, 0x20, // 0x21F0
		0xD8, 0x05, 0x00, 0x20, 0xDC, 0x05, 0x00, 0x20,
		0x0C, 0x6B, 0x00, 0x00, 0xA1, 0x73, 0x00, 0x00, // 0x2200
		0xFE, 0x74, 0x00, 0x00, 0xFE, 0x1E, 0x00, 0x00,
		0x00, 0x30, 0x01, 0x40, 0xAE, 0x73, 0x00, 0x00, // 0x2210
		0xBF, 0x73, 0x00, 0x00, 0x00, 0x50, 0x01, 0x40,
		0xCB, 0x73, 0x00, 0x00, 0xD8, 0x73, 0x00, 0x00, // 0x2220
		0x00, 0x10, 0x01, 0x40, 0x00, 0x40, 0x01, 0x40,
		0xE0, 0x73, 0x00, 0x00, 0xD2, 0x14, 0x72, 0x10, // 0x2230
		0x92, 0x10, 0xB3, 0x10, 0x63, 0x93, 0x63, 0xE4,
		0x00, 0x21, 0x40, 0x3B, 0x0B, 0x08, 0x11, 0x10, // 0x2240
		0x22, 0x8D, 0x00, 0x21, 0x00, 0xE0, 0x78, 0x2C,
		0x66, 0x85, 0x04, 0xDC, 0xBA, 0x10, 0x64, 0xDC, // 0x2250
		0x7C, 0x01, 0x6D, 0x10, 0x40, 0x8B, 0x44, 0xDC,
		0xB2, 0x10, 0x41, 0x8B, 0x44, 0xDC, 0xB4, 0x10, // 0x2260
		0x42, 0x8B, 0x63, 0x8B, 0x64, 0xDC, 0xBC, 0x10,
		0x62, 0x8D, 0x44, 0xDC, 0xB0, 0x10, 0x64, 0xDC, // 0x2270
		0xBB, 0x10, 0x92, 0x14, 0x08, 0x02, 0x00, 0x20,
		0x00, 0x00, 0x00, 0x20, 0x00, 0x02, 0x00, 0x20, // 0x2280
		0xA0, 0x68, 0x06, 0x00, 0xD0, 0x04, 0x00, 0x20,
		0xD0, 0x14, 0x20, 0x30, 0x00, 0xE0, 0x97, 0x22, // 0x2290
		0x09, 0x00, 0xC0, 0xC7, 0x21, 0x50, 0x02, 0x29,
		0xFF, 0xE3, 0xD1, 0xF0, 0x90, 0x14, 0xD4, 0x14, // 0x22A0
		0x00, 0x35, 0xEC, 0x00, 0xC3, 0x45, 0x9C, 0x61,
		0x00, 0x96, 0x00, 0x74, 0x00, 0xE0, 0x32, 0x20, // 0x22B0
		0x03, 0x6D, 0x40, 0x38, 0x07, 0x0C, 0x61, 0x96,
		0xCD, 0x7B, 0x0E, 0x5C, 0x00, 0xE0, 0x26, 0x16, // 0x22C0
		0x94, 0x14, 0x00, 0x25, 0x44, 0x3D, 0xEF, 0x0B,
		0x00, 0x34, 0xF5, 0x00, 0xC3, 0x44, 0x9C, 0x61, // 0x22D0
		0x00, 0x96, 0x00, 0x74, 0x00, 0xE0, 0x1E, 0x20,
		0x43, 0x6D, 0x40, 0x38, 0x16, 0x0C, 0x61, 0x96, // 0x22E0
		0x8E, 0x5D, 0xCD, 0x7B, 0x20, 0x31, 0x1B, 0x00,
		0x00, 0xE0, 0x78, 0x18, 0x04, 0x85, 0xFF, 0xE3, // 0x22F0
		0x03, 0xF2, 0x83, 0x6C, 0x53, 0x6C, 0x1F, 0x00,
		0xFF, 0xE3, 0x6B, 0xF5, 0x80, 0x30, 0x02, 0x40, // 0x2300
		0xFF, 0xE3, 0xB4, 0xFD, 0x13, 0x6C, 0xDB, 0x07,
		0x00, 0x24, 0x4D, 0x3C, 0xE0, 0x0B, 0x01, 0x30, // 0x2310
		0x85, 0x01, 0x00, 0xE0, 0xFF, 0x1F, 0x40, 0x38,
		0x08, 0x0C, 0x03, 0x20, 0x00, 0xE0, 0xF6, 0x15, // 0x2320
		0x01, 0x33, 0x64, 0xDC, 0xB2, 0x02, 0xCD, 0x07,
		0x64, 0xD8, 0xB2, 0x02, 0x41, 0x3B, 0x0F, 0x08, // 0x2330
		0x71, 0x30, 0x00, 0xE0, 0xEF, 0x1F, 0x43, 0x6D,
		0x40, 0x38, 0xC3, 0x0F, 0x0A, 0x33, 0x1E, 0x30, // 0x2340
		0x64, 0xDC, 0xB0, 0x02, 0x00, 0xE0, 0xBE, 0x21,
		0x0E, 0x5D, 0xB9, 0x07, 0x00, 0x33, 0xEA, 0x07, // 0x2350
		0xD3, 0x14, 0x51, 0x30, 0x00, 0xE0, 0xDE, 0x1F,
		0x83, 0x6D, 0x40, 0x38, 0x70, 0x0C, 0x61, 0x88, // 0x2360
		0x99, 0x01, 0x40, 0x3B, 0x61, 0x0C, 0x32, 0x58,
		0xBA, 0x01, 0x05, 0x32, 0x1A, 0x01, 0xFF, 0xE3, // 0x2370
		0x30, 0xF5, 0x25, 0xD8, 0xA7, 0x01, 0x65, 0xD8,
		0xA4, 0x01, 0x41, 0xE4, 0x07, 0x20, 0x63, 0xE4, // 0x2380
		0x3F, 0x20, 0x23, 0x49, 0x1F, 0x01, 0xFF, 0xE3,
		0xCD, 0xF1, 0x64, 0xD8, 0xB0, 0x02, 0xCC, 0x74, // 0x2390
		0x64, 0xDC, 0xB1, 0x02, 0x65, 0xD8, 0xA6, 0x01,
		0x63, 0xE4, 0x07, 0x20, 0x44, 0xD8, 0xB5, 0x02, // 0x23A0
		0x8E, 0x64, 0x11, 0x0C, 0x64, 0x94, 0x63, 0xEC,
		0x40, 0x00, 0x64, 0xB4, 0x18, 0x30, 0x0A, 0x33, // 0x23B0
		0x64, 0xDC, 0xB0, 0x02, 0x00, 0xE0, 0x86, 0x21,
		0x00, 0xE0, 0xAC, 0x18, 0x0E, 0x5E, 0x00, 0xE0, // 0x23C0
		0xA5, 0x15, 0x3C, 0x04, 0x65, 0xD8, 0xA4, 0x01,
		0x63, 0xE4, 0x3F, 0x20, 0x65, 0xDC, 0xB2, 0x01, // 0x23D0
		0x0A, 0x33, 0x45, 0xD8, 0xA8, 0x01, 0x65, 0xDC,
		0xB1, 0x01, 0x04, 0x33, 0x00, 0xEA, 0xDC, 0x05, // 0x23E0
		0x65, 0xDC, 0xB0, 0x01, 0x64, 0x4A, 0x23, 0xE4,
		0x04, 0x20, 0x65, 0xD8, 0xB3, 0x01, 0x5A, 0x42, // 0x23F0
		0x63, 0xE4, 0xF8, 0x20, 0x5E, 0x4A, 0xC4, 0x6C,
		0xC8, 0x6C, 0x65, 0xDC, 0xB3, 0x01, 0x65, 0xD8, // 0x2400
		0x6C, 0x20, 0x65, 0xDC, 0x6B, 0x20, 0x7E, 0x02,
		0x40, 0x93, 0x60, 0x93, 0x64, 0xDC, 0xB0, 0x20, // 0x2410
		0x08, 0x33, 0x44, 0xDC, 0xB1, 0x20, 0x64, 0xDC,
		0xB0, 0x02, 0x62, 0x03, 0x64, 0xDC, 0x8D, 0x20, // 0x2420
		0x00, 0xE0, 0x0C, 0x14, 0xCA, 0x07, 0x64, 0x94,
		0x63, 0xEC, 0x20, 0x00, 0x64, 0xB4, 0x11, 0x30, // 0x2430
		0x0A, 0x33, 0x64, 0xDC, 0xB0, 0x02, 0x00, 0xE0,
		0x45, 0x21, 0x93, 0x14, 0x06, 0x30, 0x00, 0xE0, // 0x2440
		0x69, 0x1F, 0x03, 0x6D, 0x40, 0x38, 0x1A, 0x08,
		0xD5, 0x03, 0x63, 0x44, 0xD8, 0x60, 0x00, 0x93, // 0x2450
		0x00, 0x74, 0x00, 0xE0, 0x5F, 0x1F, 0x43, 0x6D,
		0x40, 0x38, 0x0C, 0x0C, 0x58, 0x03, 0x16, 0x30, // 0x2460
		0x62, 0xD8, 0xB5, 0x02, 0x00, 0x23, 0x62, 0xDC,
		0xB5, 0x02, 0x00, 0xE0, 0xE7, 0x13, 0x0E, 0x5D, // 0x2470
		0xA7, 0x07, 0x00, 0x24, 0x4D, 0x3C, 0xEA, 0x0B,
		0xE1, 0x07, 0x45, 0x80, 0x7F, 0x03, 0x43, 0xDC, // 0x2480
		0xA1, 0x01, 0x04, 0x2A, 0x7D, 0x13, 0x88, 0x74,
		0x23, 0xD8, 0xB0, 0x02, 0x44, 0x74, 0x23, 0xDC, // 0x2490
		0xB1, 0x02, 0xC8, 0x31, 0x84, 0x64, 0x0F, 0x0C,
		0x43, 0xD8, 0xB0, 0x02, 0x45, 0x3A, 0x06, 0x08, // 0x24A0
		0x43, 0xD8, 0xB5, 0x02, 0x00, 0x22, 0x43, 0xDC,
		0xB5, 0x02, 0x16, 0x30, 0x00, 0xE0, 0xC6, 0x13, // 0x24B0
		0x0E, 0x5C, 0x86, 0x07, 0x44, 0x93, 0x42, 0xEC,
		0x80, 0x00, 0x44, 0xB3, 0x19, 0x30, 0x0A, 0x32, // 0x24C0
		0x43, 0xDC, 0xB0, 0x02, 0x00, 0xE0, 0xFE, 0x20,
		0xF1, 0x07, 0xD4, 0x14, 0x30, 0x14, 0x71, 0x13, // 0x24D0
		0x51, 0x13, 0x42, 0xB3, 0x51, 0x13, 0x40, 0xB3,
		0x00, 0xE0, 0x2B, 0x20, 0x68, 0x13, 0xCF, 0x6D, // 0x24E0
		0x03, 0xD8, 0x43, 0x20, 0x40, 0x38, 0x06, 0x0C,
		0x00, 0x33, 0x67, 0xDC, 0x43, 0x20, 0xFF, 0xE3, // 0x24F0
		0xAB, 0xFC, 0xA7, 0xD8, 0x40, 0x20, 0x81, 0x13,
		0x40, 0x3D, 0x4A, 0x0D, 0x00, 0x33, 0x57, 0x6C, // 0x2500
		0x07, 0x13, 0x67, 0xDC, 0x40, 0x20, 0xFF, 0xE3,
		0x0D, 0xF1, 0x65, 0xE4, 0x02, 0x20, 0x40, 0x3B, // 0x2510
		0x05, 0x0C, 0x00, 0xE0, 0x89, 0x12, 0x00, 0xE0,
		0x75, 0x2C, 0x65, 0xE4, 0x04, 0x20, 0x40, 0x3B, // 0x2520
		0x27, 0x0C, 0x07, 0xD8, 0x40, 0x01, 0xFF, 0xE3,
		0xE7, 0xF0, 0x93, 0x6C, 0x00, 0x33, 0x2C, 0x31, // 0x2530
		0xC2, 0xD8, 0x96, 0x10, 0x40, 0x3E, 0x0E, 0x09,
		0x2C, 0x32, 0xC8, 0x7C, 0x01, 0x32, 0xCC, 0x5C, // 0x2540
		0x46, 0xDC, 0x96, 0x10, 0x01, 0x20, 0x37, 0x12,
		0x80, 0x74, 0x68, 0xB8, 0x16, 0x12, 0x0C, 0x60, // 0x2550
		0xFF, 0xE3, 0x3F, 0xF4, 0x55, 0x12, 0x68, 0x98,
		0x35, 0x12, 0xC8, 0x60, 0x44, 0xD8, 0x4A, 0x20, // 0x2560
		0x26, 0xDC, 0x54, 0x20, 0x64, 0xDC, 0x4A, 0x20,
		0x46, 0xDC, 0x55, 0x20, 0x60, 0xB2, 0x65, 0xE4, // 0x2570
		0x08, 0x20, 0x40, 0x3B, 0x05, 0x0C, 0x67, 0xD8,
		0x52, 0x10, 0x64, 0xDC, 0x4E, 0x11, 0x65, 0xE4, // 0x2580
		0x10, 0x20, 0x40, 0x3B, 0x0D, 0x0C, 0x67, 0xD8,
		0x57, 0x10, 0x07, 0xD8, 0x58, 0x10, 0x64, 0xDC, // 0x2590
		0x4F, 0x11, 0xFF, 0xE3, 0x5A, 0xF2, 0x07, 0xD8,
		0x59, 0x10, 0xFF, 0xE3, 0x3B, 0xF2, 0x65, 0xE4, // 0x25A0
		0x20, 0x20, 0x40, 0x3B, 0x05, 0x0C, 0x67, 0xD8,
		0x55, 0x10, 0x64, 0xDC, 0x50, 0x11, 0x65, 0xE4, // 0x25B0
		0x80, 0x20, 0x40, 0x3B, 0x05, 0x0C, 0x67, 0xD8,
		0xB4, 0x00, 0x64, 0xDC, 0xB7, 0x02, 0x65, 0xE4, // 0x25C0
		0x00, 0x21, 0x40, 0x3B, 0x04, 0x0C, 0x7B, 0x11,
		0xDC, 0x32, 0x40, 0xAB, 0x65, 0xE4, 0x00, 0x24, // 0x25D0
		0x40, 0x3B, 0x05, 0x0C, 0x80, 0x30, 0x03, 0x40,
		0x00, 0xE0, 0x81, 0x20, 0x65, 0xE4, 0x00, 0x28, // 0x25E0
		0x40, 0x3B, 0x05, 0x0C, 0x80, 0x30, 0x03, 0x40,
		0x00, 0xE0, 0x81, 0x20, 0x80, 0x33, 0x6B, 0x43, // 0x25F0
		0xD4, 0x68, 0x40, 0x3B, 0x11, 0x0C, 0x0A, 0x33,
		0x1F, 0x30, 0x64, 0xDC, 0xB0, 0x02, 0x64, 0x94, // 0x2600
		0x63, 0xEC, 0x01, 0x00, 0x64, 0xB4, 0x67, 0xD8,
		0x40, 0x20, 0x63, 0xEC, 0x02, 0x00, 0x67, 0xDC, // 0x2610
		0x40, 0x20, 0x00, 0xE0, 0x57, 0x20, 0x80, 0x33,
		0x6D, 0x43, 0xD4, 0x68, 0x40, 0x3B, 0x04, 0x0C, // 0x2620
		0x02, 0x30, 0x00, 0xE0, 0xCC, 0x20, 0x80, 0x33,
		0x6E, 0x43, 0xD4, 0x68, 0x40, 0x3B, 0x04, 0x0C, // 0x2630
		0x02, 0x30, 0x00, 0xE0, 0xBE, 0x20, 0x80, 0x33,
		0x6F, 0x43, 0xD4, 0x68, 0x40, 0x3B, 0x42, 0x0C, // 0x2640
		0x1D, 0x10, 0x27, 0xD8, 0x60, 0x10, 0x00, 0x21,
		0x00, 0xE0, 0x76, 0x2A, 0xD9, 0x10, 0x27, 0xD8, // 0x2650
		0x51, 0x10, 0x04, 0xDC, 0x53, 0x11, 0x18, 0x10,
		0x00, 0x21, 0x00, 0xE0, 0x6D, 0x2A, 0x27, 0xD8, // 0x2660
		0x50, 0x10, 0x00, 0xAE, 0x2A, 0x04, 0x00, 0x00,
		0xDA, 0x24, 0x00, 0x00, 0xC8, 0x79, 0x00, 0x00, // 0x2670
		0xE8, 0x79, 0x00, 0x00, 0x20, 0x01, 0x00, 0x20,
		0x08, 0x02, 0x00, 0x20, 0x00, 0x00, 0x00, 0x20, // 0x2680
		0xA4, 0x01, 0x00, 0x20, 0x6F, 0x75, 0x00, 0x00,
		0xF0, 0x04, 0x00, 0x20, 0xAE, 0x22, 0x00, 0x00, // 0x2690
		0x00, 0x70, 0x00, 0x40, 0x5F, 0x58, 0x4E, 0x5F,
		0x5F, 0x43, 0x53, 0x5F, 0x8C, 0x71, 0x00, 0x00, // 0x26A0
		0x40, 0x01, 0x00, 0x20, 0x38, 0x03, 0x00, 0x20,
		0x58, 0x03, 0x00, 0x20, 0x2C, 0x03, 0x00, 0x20, // 0x26B0
		0x00, 0x02, 0x00, 0x20, 0xA0, 0x68, 0x06, 0x00,
		0x1D, 0x00, 0x00, 0x21, 0x00, 0xE0, 0x3C, 0x2A, // 0x26C0
		0x01, 0xAE, 0x80, 0x33, 0x70, 0x43, 0xD4, 0x68,
		0x40, 0x3B, 0x0D, 0x0C, 0x02, 0x01, 0xC7, 0xD8, // 0x26D0
		0x7C, 0x01, 0x27, 0xD8, 0xBA, 0x10, 0x00, 0x21,
		0x00, 0xE0, 0x2E, 0x2A, 0x01, 0x74, 0x5B, 0x6C, // 0x26E0
		0x00, 0xE0, 0xF7, 0x10, 0x80, 0x33, 0x71, 0x43,
		0xD4, 0x68, 0x40, 0x3B, 0x04, 0x0C, 0x80, 0x30, // 0x26F0
		0x00, 0xE0, 0x65, 0x20, 0x80, 0x33, 0x72, 0x43,
		0xD4, 0x68, 0x40, 0x3B, 0x04, 0x0C, 0x80, 0x30, // 0x2700
		0x00, 0xE0, 0x57, 0x20, 0x80, 0x33, 0x73, 0x43,
		0xD4, 0x68, 0x40, 0x3B, 0x05, 0x0C, 0x67, 0xD8, // 0x2710
		0x54, 0x10, 0x64, 0xDC, 0x52, 0x11, 0x80, 0x33,
		0x74, 0x43, 0xD4, 0x68, 0x40, 0x3B, 0x05, 0x0C, // 0x2720
		0x67, 0xD8, 0x56, 0x10, 0x64, 0xDC, 0x51, 0x11,
		0x80, 0x33, 0x75, 0x43, 0xD4, 0x68, 0x40, 0x3B, // 0x2730
		0x0D, 0x0C, 0x63, 0x94, 0x63, 0xE4, 0x00, 0x21,
		0x80, 0x30, 0x40, 0x3B, 0x01, 0x40, 0x0F, 0x0C, // 0x2740
		0x00, 0xE0, 0x37, 0x20, 0x1F, 0x01, 0xFF, 0xE3,
		0xED, 0xEF, 0xDF, 0x3D, 0x21, 0x0C, 0x00, 0xE0, // 0x2750
		0xE0, 0x1E, 0x00, 0x23, 0x46, 0x3B, 0x84, 0x60,
		0xEC, 0x0A, 0x0A, 0x07, 0x00, 0xE0, 0x2F, 0x20, // 0x2760
		0x63, 0x94, 0x63, 0xE4, 0x01, 0x20, 0x40, 0x3B,
		0x11, 0x08, 0x00, 0x31, 0x00, 0x30, 0xFF, 0xE3, // 0x2770
		0x0A, 0xF3, 0x01, 0x31, 0x00, 0x30, 0xFF, 0xE3,
		0x06, 0xF3, 0x4B, 0x02, 0x62, 0x92, 0x87, 0x3B, // 0x2780
		0x62, 0xB2, 0x00, 0xE0, 0xB6, 0x11, 0x00, 0xE0,
		0xB7, 0x0F, 0x0E, 0x02, 0xDD, 0x07, 0x63, 0x94, // 0x2790
		0x63, 0xE4, 0x08, 0x20, 0x40, 0x3B, 0x08, 0x0C,
		0x08, 0x30, 0x00, 0xE0, 0x0A, 0x20, 0x00, 0x31, // 0x27A0
		0x13, 0x02, 0xFF, 0xE3, 0x4C, 0xEE, 0x64, 0xD8,
		0xB0, 0x02, 0x4A, 0x3B, 0x75, 0x02, 0x68, 0xB8, // 0x27B0
		0xE6, 0x08, 0x00, 0xE0, 0x39, 0x11, 0x00, 0xEA,
		0x01, 0x06, 0x00, 0xE0, 0xFA, 0x1F, 0x00, 0x33, // 0x27C0
		0x07, 0xD8, 0x5E, 0x10, 0x64, 0xDC, 0xB0, 0x02,
		0x7C, 0x02, 0x60, 0x93, 0x64, 0xDC, 0xB1, 0x20, // 0x27D0
		0x00, 0xE0, 0x34, 0x12, 0x80, 0x30, 0x08, 0x40,
		0x00, 0xE0, 0x81, 0x1F, 0x44, 0x03, 0x00, 0x30, // 0x27E0
		0x62, 0x92, 0x63, 0xEC, 0x80, 0x00, 0x62, 0xB2,
		0xFF, 0xE3, 0xE0, 0xF2, 0x00, 0xE0, 0xFE, 0x15, // 0x27F0
		0x64, 0xD8, 0xB1, 0x02, 0x48, 0x3B, 0x0B, 0x08,
		0x80, 0x30, 0x08, 0x40, 0xFF, 0xE3, 0x36, 0xFB, // 0x2800
		0x64, 0x94, 0x67, 0xDC, 0x65, 0x20, 0x01, 0x33,
		0x64, 0xDC, 0xAE, 0x20, 0x24, 0x94, 0x61, 0xE4, // 0x2810
		0x02, 0x20, 0x40, 0x3B, 0x04, 0x08, 0x0E, 0x03,
		0xFF, 0xE3, 0x84, 0xEF, 0x00, 0x33, 0x64, 0xB4, // 0x2820
		0x0A, 0x33, 0x64, 0xDC, 0xB1, 0x02, 0x68, 0x98,
		0x52, 0x03, 0x60, 0x93, 0x21, 0x92, 0xC6, 0x60, // 0x2830
		0x03, 0xEB, 0xE8, 0x03, 0x62, 0x0C, 0x68, 0x98,
		0x60, 0x93, 0x61, 0xB2, 0x64, 0xD8, 0xB0, 0x02, // 0x2840
		0xCC, 0x74, 0x02, 0x3B, 0x5A, 0x0C, 0x64, 0xD8,
		0xB0, 0x02, 0xCC, 0x74, 0x09, 0x3B, 0x55, 0x08, // 0x2850
		0x67, 0xD8, 0x45, 0x20, 0x63, 0xE4, 0x10, 0x20,
		0xDD, 0x03, 0x40, 0x3B, 0x7D, 0x03, 0xC3, 0xC4, // 0x2860
		0x20, 0x0C, 0x67, 0xD8, 0xB9, 0x10, 0x0A, 0x31,
		0x69, 0xB8, 0x7F, 0x03, 0x42, 0x8B, 0xA3, 0xD8, // 0x2870
		0x03, 0x50, 0x4A, 0xB8, 0x41, 0x8B, 0x17, 0x6C,
		0x4B, 0xB8, 0x40, 0x8B, 0x4C, 0xB8, 0x00, 0xE0, // 0x2880
		0x5B, 0x29, 0xC3, 0x74, 0x0A, 0x31, 0x17, 0x6C,
		0x6D, 0xB8, 0x00, 0xE0, 0x21, 0x2A, 0xC3, 0x74, // 0x2890
		0xDF, 0x3B, 0x03, 0x0C, 0x00, 0x32, 0x6D, 0x5A,
		0x43, 0x94, 0x42, 0xE4, 0x04, 0x20, 0x34, 0x13, // 0x28A0
		0x40, 0x3A, 0x54, 0x13, 0x07, 0xD8, 0x7C, 0x01,
		0x41, 0xC4, 0x20, 0x0C, 0x32, 0x31, 0x04, 0x7C, // 0x28B0
		0xFF, 0x31, 0x6F, 0xB8, 0x4E, 0xB8, 0x00, 0xE0,
		0x3F, 0x29, 0xA7, 0xD8, 0xBA, 0x10, 0x0A, 0x31, // 0x28C0
		0x07, 0xB8, 0x17, 0x6C, 0x00, 0xE0, 0x86, 0x2A,
		0x01, 0x74, 0x06, 0xB8, 0x0A, 0x31, 0x17, 0x6C, // 0x28D0
		0x00, 0xE0, 0x26, 0x2A, 0x6F, 0x98, 0x4E, 0x98,
		0x63, 0xB8, 0x6D, 0x98, 0x01, 0x74, 0x62, 0xB8, // 0x28E0
		0x6C, 0x98, 0x05, 0xB8, 0x61, 0xB8, 0x6B, 0x98,
		0x44, 0xB8, 0x60, 0xB8, 0x49, 0x98, 0x6A, 0x98, // 0x28F0
		0x5B, 0x6C, 0x01, 0x13, 0xFF, 0xE3, 0x16, 0xEF,
		0x68, 0x98, 0x20, 0x13, 0x40, 0x93, 0x60, 0x91, // 0x2900
		0x8E, 0x60, 0x02, 0xEB, 0xBC, 0x02, 0x39, 0x0C,
		0x44, 0xD8, 0xB0, 0x02, 0x48, 0x3A, 0x35, 0x08, // 0x2910
		0xBB, 0x12, 0x63, 0xE4, 0x2B, 0x01, 0x60, 0xB1,
		0x66, 0x85, 0x24, 0xD8, 0xBC, 0x42, 0x68, 0xB8, // 0x2920
		0x00, 0x32, 0x03, 0x2A, 0x85, 0x64, 0x6E, 0xD8,
		0x10, 0x10, 0x43, 0x94, 0x02, 0x8D, 0xCD, 0x74, // 0x2930
		0xC2, 0x58, 0x42, 0xE4, 0x04, 0x20, 0xCF, 0x09,
		0x40, 0x3A, 0xA6, 0x09, 0x41, 0x8D, 0x02, 0x2A, // 0x2940
		0x80, 0x64, 0xA2, 0x0D, 0x43, 0xEB, 0xFF, 0x00,
		0xC3, 0x09, 0x64, 0x33, 0x67, 0xDC, 0xD1, 0x00, // 0x2950
		0x00, 0xE0, 0xEE, 0x0F, 0x1B, 0x11, 0x22, 0x8D,
		0x00, 0x21, 0x00, 0xE0, 0xED, 0x28, 0x03, 0x6D, // 0x2960
		0x5B, 0x6C, 0x18, 0x11, 0x00, 0xE0, 0xDC, 0x29,
		0x66, 0x85, 0x43, 0x6C, 0x60, 0xB8, 0x93, 0x6C, // 0x2970
		0x68, 0x98, 0x04, 0x12, 0xFF, 0xE3, 0xD6, 0xEE,
		0x10, 0x14, 0x94, 0x14, 0x64, 0xD8, 0xB0, 0x02, // 0x2980
		0xCC, 0x74, 0x05, 0x3B, 0x16, 0x0C, 0x64, 0xD8,
		0xB0, 0x02, 0xCC, 0x74, 0x09, 0x3B, 0x11, 0x08, // 0x2990
		0x71, 0x11, 0x44, 0xD8, 0xB1, 0x20, 0x60, 0x93,
		0xCA, 0x60, 0x03, 0xEB, 0xD8, 0x59, 0x1D, 0x08, // 0x29A0
		0x6D, 0x11, 0x44, 0xD8, 0xB0, 0x20, 0x60, 0x93,
		0xCA, 0x60, 0x03, 0xEB, 0xDC, 0x05, 0x15, 0x08, // 0x29B0
		0x55, 0x11, 0x00, 0x33, 0x49, 0xB8, 0x7C, 0x30,
		0x0C, 0x35, 0x48, 0x98, 0xC9, 0x98, 0x20, 0x92, // 0x29C0
		0x03, 0xC4, 0x22, 0x84, 0x98, 0x60, 0xC2, 0x92,
		0x94, 0x60, 0x40, 0x92, 0x5A, 0x60, 0x48, 0x64, // 0x29D0
		0x2B, 0x0B, 0x00, 0x23, 0x46, 0x3B, 0xF2, 0x0B,
		0x64, 0xD8, 0xB0, 0x02, 0xCC, 0x74, 0x40, 0x3B, // 0x29E0
		0x15, 0x0C, 0x41, 0x3B, 0xAC, 0x0C, 0x09, 0x11,
		0xFF, 0xE3, 0x9C, 0xEE, 0x04, 0xD8, 0xB0, 0x02, // 0x29F0
		0x00, 0x74, 0x01, 0x28, 0x06, 0x38, 0x40, 0x09,
		0x00, 0xE0, 0x20, 0x2A, 0x05, 0x01, 0x10, 0x01, // 0x2A00
		0x19, 0x01, 0x22, 0x01, 0x2B, 0x01, 0x34, 0x01,
		0xE1, 0x00, 0x50, 0x10, 0x01, 0x31, 0x62, 0x92, // 0x2A10
		0x63, 0xEC, 0x80, 0x00, 0x62, 0xB2, 0x5E, 0x10,
		0x62, 0x92, 0x63, 0xEC, 0x01, 0x00, 0x62, 0xB2, // 0x2A20
		0x62, 0x92, 0xC4, 0x68, 0xCC, 0x74, 0x40, 0x3B,
		0xFC, 0x0B, 0x62, 0x92, 0x80, 0x3B, 0x62, 0xB2, // 0x2A30
		0x00, 0x31, 0x78, 0x10, 0x6C, 0x29, 0x23, 0xDC,
		0x44, 0x00, 0x6B, 0x31, 0x2C, 0x04, 0x00, 0x00, // 0x2A40
		0xA0, 0x68, 0x06, 0x00, 0x89, 0x75, 0x00, 0x00,
		0x00, 0x40, 0x01, 0x40, 0x9B, 0x75, 0x00, 0x00, // 0x2A50
		0x30, 0x47, 0x00, 0x00, 0xF0, 0x04, 0x00, 0x20,
		0xAE, 0x75, 0x00, 0x00, 0x84, 0x0C, 0x00, 0x20, // 0x2A60
		0xAC, 0x70, 0x00, 0x00, 0xB0, 0x70, 0x00, 0x00,
		0xD0, 0x04, 0x00, 0x20, 0xB9, 0x70, 0x00, 0x00, // 0x2A70
		0xB4, 0x70, 0x00, 0x00, 0x60, 0x76, 0x00, 0x00,
		0xC8, 0x08, 0x00, 0x20, 0x00, 0x02, 0x00, 0x20, // 0x2A80
		0xA2, 0x76, 0x00, 0x00, 0xE0, 0x05, 0x00, 0x20,
		0xC5, 0x75, 0x00, 0x00, 0x00, 0xF0, 0x01, 0x40, // 0x2A90
		0xF4, 0x0B, 0x00, 0x20, 0x1C, 0x00, 0x23, 0xDC,
		0x45, 0x00, 0xD9, 0x31, 0x23, 0xDC, 0x21, 0x10, // 0x2AA0
		0x00, 0x31, 0x73, 0x29, 0x23, 0xDC, 0x46, 0x00,
		0x03, 0xEA, 0xFF, 0x1F, 0xC0, 0x92, 0x8C, 0x69, // 0x2AB0
		0xA1, 0x92, 0x61, 0x92, 0x68, 0x4B, 0xFF, 0x32,
		0xC8, 0x68, 0x48, 0x69, 0x4E, 0x61, 0x03, 0xEA, // 0x2AC0
		0x2E, 0x04, 0x4C, 0x7D, 0x55, 0x75, 0x9B, 0x6C,
		0x57, 0x6C, 0xFF, 0xE3, 0x2B, 0xEE, 0x49, 0x01, // 0x2AD0
		0x62, 0x92, 0x87, 0x3B, 0x62, 0xB2, 0x67, 0xD8,
		0x45, 0x20, 0x63, 0xE4, 0x00, 0x28, 0x40, 0x3B, // 0x2AE0
		0x05, 0x0C, 0x64, 0x30, 0x00, 0xE0, 0xAA, 0x10,
		0x9F, 0x06, 0x05, 0xEB, 0xCF, 0x07, 0x04, 0x0C, // 0x2AF0
		0x06, 0xEB, 0x4B, 0x02, 0x05, 0x08, 0x0A, 0x30,
		0x00, 0xE0, 0xE4, 0x1D, 0xF3, 0x07, 0xA5, 0xE4, // 0x2B00
		0x9F, 0x1F, 0x55, 0x75, 0x56, 0x01, 0x05, 0xEB,
		0xD0, 0x07, 0x0C, 0x0C, 0x00, 0x33, 0x60, 0xA2, // 0x2B10
		0x64, 0xD8, 0xB0, 0x02, 0xCC, 0x74, 0x64, 0xDC,
		0xB1, 0x02, 0x01, 0x33, 0x64, 0xDC, 0xB0, 0x02, // 0x2B20
		0x83, 0x06, 0xC6, 0xE4, 0x89, 0x12, 0x99, 0x75,
		0x06, 0xEB, 0x2C, 0x01, 0xF0, 0x0B, 0x60, 0x82, // 0x2B30
		0x00, 0x23, 0xCC, 0x74, 0x60, 0xA2, 0x04, 0x3B,
		0xEA, 0x0B, 0xD4, 0x07, 0x63, 0x02, 0x42, 0x8B, // 0x2B40
		0x64, 0xD8, 0x51, 0x11, 0x8C, 0x64, 0x0B, 0x08,
		0x64, 0x94, 0xB5, 0x3B, 0x64, 0xB4, 0x01, 0x30, // 0x2B50
		0x0A, 0x33, 0x64, 0xDC, 0xB0, 0x02, 0x00, 0xE0,
		0xB5, 0x1D, 0x66, 0x06, 0x64, 0xD8, 0xB0, 0x02, // 0x2B60
		0xCC, 0x74, 0x64, 0xDC, 0xB1, 0x02, 0x02, 0x33,
		0x80, 0x30, 0x64, 0xDC, 0xB0, 0x02, 0x07, 0x40, // 0x2B70
		0x6F, 0x02, 0x64, 0xDC, 0x8D, 0x20, 0x00, 0xE0,
		0xBA, 0x1D, 0x64, 0xD8, 0xAE, 0x20, 0x40, 0x3B, // 0x2B80
		0x08, 0x0C, 0x80, 0x30, 0x00, 0x33, 0x0E, 0x40,
		0x64, 0xDC, 0xAE, 0x20, 0xFF, 0xE3, 0x6E, 0xF9, // 0x2B90
		0xFF, 0xE3, 0x4E, 0xFB, 0x00, 0x31, 0x00, 0x30,
		0xFF, 0xE3, 0xF5, 0xF0, 0x01, 0x31, 0x00, 0x30, // 0x2BA0
		0xFF, 0xE3, 0xF1, 0xF0, 0x5F, 0x02, 0x62, 0x92,
		0x87, 0x3B, 0x62, 0xB2, 0x00, 0xE0, 0xA1, 0x0F, // 0x2BB0
		0x1E, 0x02, 0x05, 0x31, 0xFF, 0xE3, 0x43, 0xEC,
		0x07, 0xD8, 0x5F, 0x10, 0x94, 0x07, 0x68, 0x98, // 0x2BC0
		0x44, 0xD8, 0xB1, 0x20, 0x60, 0x93, 0xCA, 0x60,
		0x03, 0xEB, 0xD8, 0x59, 0x64, 0x94, 0x10, 0x0C, // 0x2BD0
		0x05, 0x03, 0x63, 0xEC, 0x00, 0x20, 0x64, 0xB4,
		0xFF, 0xE3, 0xA4, 0xED, 0x0D, 0x30, 0x00, 0xE0, // 0x2BE0
		0x71, 0x1D, 0x80, 0x30, 0x0D, 0x40, 0xFF, 0xE3,
		0x41, 0xF9, 0x0A, 0x33, 0x98, 0x07, 0x0B, 0x03, // 0x2BF0
		0x63, 0xEC, 0x00, 0x10, 0x64, 0xB4, 0xFF, 0xE3,
		0x95, 0xED, 0x0C, 0x30, 0x00, 0xE0, 0x62, 0x1D, // 0x2C00
		0x80, 0x30, 0x0C, 0x40, 0xF1, 0x07, 0x64, 0x94,
		0x63, 0xEC, 0x04, 0x00, 0x12, 0x03, 0x64, 0xB4, // 0x2C10
		0xFF, 0xE3, 0x88, 0xED, 0x12, 0x30, 0x00, 0xE0,
		0x55, 0x1D, 0xE8, 0x07, 0x64, 0x94, 0x63, 0xEC, // 0x2C20
		0x08, 0x00, 0x16, 0x03, 0x64, 0xB4, 0xFF, 0xE3,
		0x7D, 0xED, 0x13, 0x30, 0xF5, 0x07, 0x64, 0x94, // 0x2C30
		0x63, 0xEC, 0x10, 0x00, 0x1A, 0x03, 0x64, 0xB4,
		0xFF, 0xE3, 0x74, 0xED, 0x14, 0x30, 0xEC, 0x07, // 0x2C40
		0x64, 0x94, 0x63, 0xEC, 0x20, 0x00, 0x1D, 0x03,
		0x64, 0xB4, 0xFF, 0xE3, 0x6B, 0xED, 0x15, 0x30, // 0x2C50
		0xE3, 0x07, 0x64, 0x94, 0x63, 0xEC, 0x00, 0x01,
		0x1E, 0x13, 0x64, 0xB4, 0xFF, 0xE3, 0x62, 0xED, // 0x2C60
		0x16, 0x30, 0xDA, 0x07, 0x64, 0x94, 0x63, 0xEC,
		0x00, 0x02, 0x1B, 0x13, 0x64, 0xB4, 0xFF, 0xE3, // 0x2C70
		0x59, 0xED, 0x17, 0x30, 0xD1, 0x07, 0x64, 0x94,
		0x63, 0xEC, 0x00, 0x08, 0x17, 0x13, 0x64, 0xB4, // 0x2C80
		0xFF, 0xE3, 0x50, 0xED, 0xB3, 0x07, 0x43, 0xEB,
		0xFF, 0x00, 0x22, 0x08, 0x5B, 0x6C, 0x14, 0x13, // 0x2C90
		0xCF, 0x6D, 0x00, 0xE0, 0x45, 0x28, 0x20, 0xE4,
		0x4E, 0x10, 0x11, 0x13, 0x00, 0xE0, 0x40, 0x28, // 0x2CA0
		0xDF, 0x6C, 0x40, 0x8D, 0x80, 0x64, 0x05, 0x0C,
		0x41, 0x8D, 0x80, 0x64, 0x40, 0xC4, 0x20, 0x0C, // 0x2CB0
		0x24, 0xD8, 0xB6, 0x02, 0x4C, 0x64, 0x07, 0x0C,
		0x03, 0xEB, 0xFF, 0x00, 0x4F, 0x6C, 0x02, 0x0C, // 0x2CC0
		0xFF, 0x31, 0x45, 0x74, 0x44, 0x74, 0x09, 0x74,
		0x00, 0xE0, 0x03, 0x0E, 0x44, 0x06, 0x0A, 0x23, // 0x2CD0
		0xCD, 0x74, 0xE8, 0x07, 0x40, 0x3A, 0x0F, 0x0C,
		0x40, 0x8D, 0x02, 0x22, 0x08, 0x64, 0x0B, 0x0C, // 0x2CE0
		0x44, 0xD8, 0xB6, 0x02, 0xC8, 0x64, 0x07, 0x0C,
		0x32, 0x33, 0x67, 0xDC, 0xD1, 0x00, 0x00, 0xE0, // 0x2CF0
		0x5D, 0x0E, 0x31, 0x06, 0x84, 0xD8, 0xB6, 0x02,
		0xD0, 0x64, 0x1D, 0x0C, 0x5B, 0x6C, 0x18, 0x12, // 0x2D00
		0xCF, 0x6D, 0x00, 0xE0, 0x0D, 0x28, 0x20, 0xE4,
		0x50, 0x00, 0x15, 0x12, 0x00, 0xE0, 0x08, 0x28, // 0x2D10
		0xDF, 0x6C, 0x40, 0x8D, 0x80, 0x64, 0x05, 0x0C,
		0x41, 0x8D, 0x80, 0x64, 0x40, 0xC4, 0x20, 0x0C, // 0x2D20
		0x0C, 0x65, 0x07, 0x0C, 0x03, 0xEB, 0xFF, 0x00,
		0x0F, 0x6D, 0x02, 0x0C, 0xFF, 0x34, 0x11, 0x75, // 0x2D30
		0x50, 0x74, 0xCA, 0x07, 0x0A, 0x2B, 0xCD, 0x74,
		0xED, 0x07, 0xD0, 0x14, 0x22, 0x14, 0x00, 0x32, // 0x2D40
		0x68, 0x12, 0x10, 0x31, 0x40, 0xA3, 0x1A, 0x11,
		0x67, 0x12, 0x40, 0xA3, 0x67, 0x12, 0x40, 0xA3, // 0x2D50
		0x00, 0xE0, 0x44, 0x13, 0x10, 0x31, 0x06, 0x12,
		0x00, 0xE0, 0x40, 0x13, 0x00, 0x33, 0x01, 0x32, // 0x2D60
		0x6E, 0xDC, 0x03, 0x00, 0x63, 0x12, 0x40, 0xB3,
		0x40, 0x93, 0x42, 0xEC, 0x04, 0x00, 0x40, 0xB3, // 0x2D70
		0x40, 0x93, 0xBF, 0x3A, 0x40, 0xB3, 0x42, 0x93,
		0x42, 0xE4, 0x02, 0x20, 0x40, 0x3A, 0x0C, 0x0C, // 0x2D80
		0xFF, 0x30, 0xFF, 0xE3, 0xEC, 0xEF, 0x1C, 0x11,
		0xC0, 0xC7, 0x21, 0x50, 0x02, 0x29, 0xFF, 0xE3, // 0x2D90
		0x56, 0xEB, 0x02, 0x14, 0x90, 0x14, 0x19, 0x32,
		0x41, 0xB8, 0x41, 0x98, 0x23, 0x5A, 0x40, 0x3A, // 0x2DA0
		0x21, 0xB8, 0x0D, 0x08, 0x4E, 0xD8, 0x03, 0x00,
		0x00, 0x22, 0x88, 0x74, 0x4E, 0xDC, 0x03, 0x00, // 0x2DB0
		0x4E, 0xD8, 0x03, 0x00, 0x88, 0x74, 0x19, 0x3A,
		0xDF, 0x0F, 0xE3, 0x07, 0x03, 0x6C, 0xEE, 0x07, // 0x2DC0
		0xD4, 0x14, 0x23, 0x14, 0x68, 0x59, 0x0D, 0x64,
		0x43, 0x6D, 0x20, 0xB8, 0x41, 0xB8, 0x9B, 0x0C, // 0x2DD0
		0x37, 0x10, 0x6A, 0x11, 0x01, 0x89, 0x42, 0x89,
		0xE0, 0x89, 0xC1, 0xD8, 0x03, 0x50, 0x75, 0x31, // 0x2DE0
		0x08, 0x64, 0x97, 0x8B, 0x69, 0x58, 0x00, 0x32,
		0x06, 0xE4, 0xF9, 0x10, 0x04, 0x7C, 0x01, 0xEA, // 0x2DF0
		0x20, 0x4E, 0x62, 0xC4, 0x40, 0x0C, 0x62, 0xB8,
		0x00, 0xE0, 0x9E, 0x26, 0xFA, 0x31, 0x22, 0x41, // 0x2E00
		0x0D, 0x20, 0x1C, 0x7C, 0x00, 0xE0, 0x98, 0x26,
		0x3D, 0x10, 0x62, 0x98, 0x21, 0xD8, 0x45, 0x20, // 0x2E10
		0x21, 0xE4, 0x02, 0x20, 0x40, 0x39, 0x37, 0x0C,
		0x5A, 0x10, 0x02, 0xDC, 0x3C, 0x10, 0x33, 0x04, // 0x2E20
		0xBA, 0x75, 0x00, 0x00, 0x00, 0x40, 0x01, 0x40,
		0x84, 0x0C, 0x00, 0x20, 0xD0, 0x04, 0x00, 0x20, // 0x2E30
		0x46, 0x64, 0x00, 0x00, 0x04, 0x47, 0x00, 0x00,
		0xD1, 0x75, 0x00, 0x00, 0xD8, 0x75, 0x00, 0x00, // 0x2E40
		0xDF, 0x75, 0x00, 0x00, 0xF2, 0x75, 0x00, 0x00,
		0x04, 0x76, 0x00, 0x00, 0x1F, 0x76, 0x00, 0x00, // 0x2E50
		0x30, 0x76, 0x00, 0x00, 0x3F, 0x76, 0x00, 0x00,
		0x4E, 0x76, 0x00, 0x00, 0xA0, 0x68, 0x06, 0x00, // 0x2E60
		0x0A, 0x0B, 0x00, 0x20, 0xE0, 0x0A, 0x00, 0x20,
		0xCC, 0x08, 0x00, 0x20, 0x3E, 0x0A, 0x00, 0x20, // 0x2E70
		0x00, 0x90, 0x00, 0x40, 0xF8, 0x3A, 0x00, 0x00,
		0xF4, 0x0B, 0x00, 0x20, 0x00, 0x00, 0x00, 0x20, // 0x2E80
		0x08, 0x02, 0x00, 0x20, 0xC0, 0x64, 0x05, 0x08,
		0xC2, 0x60, 0x03, 0xEB, 0x31, 0x00, 0x22, 0x08, // 0x2E90
		0x4F, 0x2C, 0x26, 0xEB, 0x52, 0x03, 0x11, 0x75,
		0x0A, 0x08, 0x06, 0x30, 0xC6, 0xE4, 0x51, 0x13, // 0x2EA0
		0x64, 0x31, 0x18, 0x7C, 0x00, 0xE0, 0x48, 0x26,
		0x00, 0x61, 0x11, 0x75, 0x77, 0x10, 0x53, 0x6C, // 0x2EB0
		0x63, 0x93, 0x63, 0xE4, 0x80, 0x20, 0x40, 0x3B,
		0x02, 0x08, 0x3B, 0x29, 0x00, 0xEA, 0x88, 0x13, // 0x2EC0
		0x60, 0x98, 0x4E, 0x61, 0x61, 0x98, 0x4E, 0x61,
		0x14, 0x7C, 0x00, 0xE0, 0x29, 0x27, 0x03, 0x14, // 0x2ED0
		0x94, 0x14, 0x03, 0xEB, 0x63, 0x00, 0x62, 0xB8,
		0x00, 0xEA, 0x88, 0x13, 0x0E, 0x08, 0x50, 0x31, // 0x2EE0
		0x1E, 0x60, 0x00, 0xE0, 0x29, 0x26, 0x62, 0x98,
		0x4F, 0x2C, 0x05, 0x31, 0x02, 0x61, 0x0F, 0x6C, // 0x2EF0
		0x00, 0xE0, 0x16, 0x27, 0x02, 0x61, 0xCE, 0x07,
		0x50, 0x31, 0x68, 0x2C, 0x1E, 0x60, 0x00, 0xE0, // 0x2F00
		0x1B, 0x26, 0xF9, 0x07, 0x00, 0x30, 0xE4, 0x07,
		0x08, 0x02, 0x00, 0x20, 0xD4, 0x14, 0x2F, 0x14, // 0x2F10
		0x6E, 0x01, 0x8D, 0x01, 0x47, 0x93, 0x42, 0xE4,
		0x10, 0x20, 0x40, 0x3A, 0x35, 0x0C, 0x43, 0x94, // 0x2F20
		0x42, 0xE4, 0x08, 0x20, 0x40, 0x3A, 0x30, 0x0C,
		0x40, 0x93, 0x32, 0x01, 0x84, 0x68, 0x40, 0xB3, // 0x2F30
		0x33, 0x01, 0x43, 0x93, 0x84, 0x68, 0x43, 0xB3,
		0x08, 0x30, 0x00, 0xE0, 0x3A, 0x1C, 0x10, 0x30, // 0x2F40
		0x00, 0xE0, 0x3D, 0x1C, 0x80, 0x30, 0x0D, 0x40,
		0xFF, 0xE3, 0x90, 0xF7, 0x00, 0x31, 0x08, 0x30, // 0x2F50
		0xFF, 0xE3, 0x58, 0xEE, 0x1B, 0x01, 0xFF, 0xE3,
		0xE5, 0xEB, 0x32, 0x33, 0x05, 0x32, 0x64, 0xB4, // 0x2F60
		0x08, 0x30, 0x7D, 0x01, 0x43, 0xDC, 0x90, 0x01,
		0x43, 0xD8, 0x40, 0x20, 0x42, 0xEC, 0x00, 0x10, // 0x2F70
		0x43, 0xDC, 0x40, 0x20, 0x00, 0xE0, 0xA6, 0x1B,
		0x80, 0x30, 0x0F, 0x40, 0xFF, 0xE3, 0x76, 0xF7, // 0x2F80
		0x04, 0x02, 0xFF, 0xE3, 0xCF, 0xEB, 0x04, 0x30,
		0xFF, 0xE3, 0x27, 0xEE, 0x66, 0x02, 0x40, 0x38, // 0x2F90
		0x67, 0xB8, 0x96, 0x0C, 0x60, 0x93, 0x00, 0x23,
		0x49, 0x02, 0x04, 0x3B, 0x60, 0xB2, 0x1D, 0x0C, // 0x2FA0
		0x63, 0x94, 0x63, 0xE4, 0x20, 0x20, 0x40, 0x3B,
		0x8D, 0x0C, 0x80, 0x30, 0xCB, 0x6C, 0x02, 0x40, // 0x2FB0
		0x00, 0x32, 0x40, 0xB3, 0x00, 0xE0, 0x9B, 0x1B,
		0x73, 0x02, 0x0B, 0x32, 0x0D, 0x30, 0x43, 0xDC, // 0x2FC0
		0x90, 0x01, 0x43, 0xD8, 0x40, 0x20, 0x42, 0xEC,
		0x00, 0x10, 0x43, 0xDC, 0x40, 0x20, 0x00, 0xE0, // 0x2FD0
		0x79, 0x1B, 0x80, 0x30, 0xFF, 0xE3, 0x4A, 0xF7,
		0xBB, 0x02, 0x80, 0x30, 0x65, 0xD8, 0x90, 0x00, // 0x2FE0
		0x43, 0xE4, 0x01, 0x20, 0x08, 0x40, 0x40, 0x3A,
		0x7A, 0x0C, 0x43, 0x94, 0x80, 0x68, 0x63, 0xE4, // 0x2FF0
		0x02, 0x20, 0x40, 0x3A, 0x68, 0x0C, 0x40, 0x3B,
		0x0C, 0x08, 0x00, 0xE0, 0xDA, 0x1B, 0x80, 0x30, // 0x3000
		0x00, 0xE0, 0x6D, 0x1B, 0x00, 0x30, 0xFF, 0xE3,
		0x76, 0xED, 0x04, 0x03, 0xFF, 0xE3, 0x8A, 0xEB, // 0x3010
		0x00, 0xE0, 0x8F, 0x1A, 0x63, 0x94, 0x63, 0xE4,
		0x04, 0x20, 0x40, 0x3B, 0x40, 0xE8, 0xD6, 0x02, // 0x3020
		0x69, 0x03, 0x44, 0xD8, 0x20, 0x20, 0x60, 0x93,
		0xCA, 0x60, 0x03, 0xEB, 0x39, 0x00, 0x92, 0x08, // 0x3030
		0xCC, 0x03, 0x06, 0xD8, 0x9C, 0x00, 0xFF, 0xE3,
		0x5F, 0xEB, 0x66, 0xD8, 0x99, 0x00, 0x01, 0x20, // 0x3040
		0x0C, 0x64, 0x88, 0x08, 0x70, 0x03, 0x62, 0x93,
		0x67, 0x4B, 0x63, 0xE4, 0x01, 0x20, 0x80, 0x31, // 0x3050
		0x43, 0x94, 0x29, 0x41, 0x84, 0x68, 0x40, 0x3A,
		0x7F, 0x0C, 0x44, 0xD8, 0x54, 0x00, 0x40, 0x3A, // 0x3060
		0x0D, 0x0C, 0x80, 0x31, 0x63, 0x94, 0x37, 0x41,
		0xC4, 0x68, 0x40, 0x3B, 0x09, 0x08, 0x08, 0x3A, // 0x3070
		0x07, 0x08, 0x64, 0xD8, 0x55, 0x00, 0x02, 0x3B,
		0x03, 0x0C, 0xFF, 0xE3, 0x12, 0xEC, 0x00, 0xE0, // 0x3080
		0x2C, 0x13, 0x00, 0xE0, 0x55, 0x23, 0x05, 0xD8,
		0x43, 0x20, 0x40, 0x38, 0x06, 0x0C, 0x00, 0x33, // 0x3090
		0x65, 0xDC, 0x43, 0x20, 0xFF, 0xE3, 0xD8, 0xF6,
		0xC5, 0xD8, 0x40, 0x20, 0x40, 0x3E, 0x40, 0xE8, // 0x30A0
		0xDB, 0x03, 0x00, 0x33, 0x5B, 0x6C, 0x18, 0x13,
		0x65, 0xDC, 0x40, 0x20, 0xFF, 0xE3, 0x3A, 0xEB, // 0x30B0
		0x66, 0xE4, 0x02, 0x20, 0x40, 0x3B, 0x40, 0xE8,
		0xF9, 0x02, 0x00, 0xE0, 0xA3, 0x26, 0x00, 0x33, // 0x30C0
		0x6C, 0x07, 0x00, 0x04, 0x40, 0x3B, 0xA5, 0x0F,
		0x00, 0xE0, 0x79, 0x1B, 0x80, 0x30, 0x00, 0xE0, // 0x30D0
		0x0E, 0x1B, 0x01, 0x30, 0xFF, 0xE3, 0x0F, 0xED,
		0x0C, 0x13, 0x99, 0x07, 0xC3, 0x94, 0x80, 0x69, // 0x30E0
		0x80, 0x30, 0x40, 0x3E, 0x01, 0x40, 0x1D, 0x0C,
		0xFF, 0xE3, 0x77, 0xED, 0x40, 0x38, 0x17, 0x08, // 0x30F0
		0x60, 0x13, 0x61, 0x93, 0x00, 0x23, 0x5F, 0x12,
		0x04, 0x3B, 0x61, 0xB2, 0x8A, 0x0F, 0x80, 0x30, // 0x3100
		0xCB, 0x6C, 0x08, 0x40, 0x00, 0x32, 0x41, 0xB3,
		0x00, 0xE0, 0x53, 0x1B, 0x80, 0x30, 0x00, 0xE0, // 0x3110
		0xE6, 0x1A, 0x00, 0x30, 0xFF, 0xE3, 0xEF, 0xEC,
		0x1D, 0x12, 0x79, 0x07, 0x00, 0x33, 0xEC, 0x07, // 0x3120
		0xFF, 0xE3, 0x5B, 0xED, 0x40, 0x38, 0x04, 0x0C,
		0x72, 0x12, 0xC1, 0x93, 0x00, 0x26, 0x71, 0x12, // 0x3130
		0x04, 0x3E, 0xC1, 0xB3, 0x6E, 0x0F, 0x80, 0x30,
		0x00, 0x32, 0x08, 0x40, 0x41, 0xB3, 0x00, 0xE0, // 0x3140
		0x3E, 0x1B, 0x80, 0x30, 0x00, 0xE0, 0xD3, 0x1A,
		0x01, 0x30, 0xFF, 0xE3, 0xD4, 0xEC, 0x11, 0x12, // 0x3150
		0x5E, 0x07, 0x01, 0x33, 0x7D, 0x07, 0x40, 0x3B,
		0x97, 0x0F, 0xC9, 0x12, 0x66, 0xD8, 0x99, 0x00, // 0x3160
		0x01, 0x3B, 0x2B, 0x0C, 0x06, 0xE4, 0x9B, 0x00,
		0x00, 0xE0, 0xE8, 0x0A, 0x63, 0x94, 0x63, 0xE4, // 0x3170
		0x00, 0x28, 0x40, 0x3B, 0xAA, 0x0C, 0x20, 0x31,
		0x07, 0x12, 0x00, 0xE0, 0x2F, 0x11, 0x46, 0xD8, // 0x3180
		0x99, 0x00, 0x01, 0x3A, 0x26, 0x0C, 0x25, 0x12,
		0x03, 0x12, 0xFF, 0xE3, 0x22, 0xEE, 0x44, 0x12, // 0x3190
		0x60, 0x92, 0x40, 0x3B, 0x26, 0x08, 0x63, 0x12,
		0x60, 0x93, 0x63, 0xE4, 0x00, 0x22, 0x40, 0x3B, // 0x31A0
		0x1D, 0x08, 0x61, 0x12, 0x40, 0x93, 0x40, 0x3A,
		0x19, 0x0C, 0x00, 0x32, 0x80, 0x30, 0x40, 0xB3, // 0x31B0
		0x13, 0x40, 0xFF, 0xE3, 0x5B, 0xF6, 0x66, 0x07,
		0x72, 0x11, 0x61, 0x93, 0x63, 0xE4, 0x20, 0x20, // 0x31C0
		0x40, 0x3B, 0x5E, 0x0B, 0x26, 0xD8, 0x9A, 0x00,
		0x18, 0x11, 0xFF, 0xE3, 0xAB, 0xEA, 0xCF, 0x07, // 0x31D0
		0x66, 0xD8, 0x9A, 0x00, 0x65, 0xDC, 0x40, 0x01,
		0xDB, 0x07, 0x80, 0x30, 0x02, 0x40, 0xEA, 0x07, // 0x31E0
		0xF3, 0x11, 0x34, 0x11, 0x60, 0x87, 0xD4, 0x11,
		0x65, 0x43, 0xD8, 0x60, 0x00, 0x93, 0x20, 0x91, // 0x31F0
		0x40, 0x68, 0x40, 0x39, 0x2D, 0x0C, 0x03, 0x93,
		0xC1, 0x7B, 0x40, 0x38, 0x11, 0x0C, 0x41, 0x38, // 0x3200
		0x41, 0x0B, 0x60, 0x87, 0x65, 0x43, 0xD8, 0x60,
		0x06, 0x93, 0xFF, 0xE3, 0x2F, 0xF6, 0xFF, 0xE3, // 0x3210
		0x76, 0xF4, 0x60, 0x87, 0x65, 0x43, 0x8C, 0x61,
		0x41, 0x96, 0x68, 0x11, 0x14, 0x04, 0x60, 0x87, // 0x3220
		0x65, 0x43, 0xD8, 0x60, 0x20, 0x93, 0x45, 0xD8,
		0x75, 0x20, 0x05, 0x93, 0x84, 0x6C, 0x45, 0xDC, // 0x3230
		0x75, 0x20, 0xFF, 0xE3, 0x1B, 0xF6, 0xFF, 0xE3,
		0x62, 0xF4, 0x60, 0x87, 0x65, 0x43, 0x8C, 0x61, // 0x3240
		0x41, 0x96, 0x7F, 0x10, 0x3F, 0x10, 0x00, 0x11,
		0xFF, 0xE3, 0x6C, 0xEA, 0x1B, 0x07, 0x00, 0x33, // 0x3250
		0x60, 0xB2, 0x18, 0x07, 0x00, 0x30, 0x01, 0x40,
		0x08, 0x02, 0x00, 0x20, 0xDB, 0xAE, 0xFF, 0xFF, // 0x3260
		0xBF, 0xEF, 0xFF, 0xF7, 0xBE, 0x70, 0x00, 0x00,
		0x00, 0x00, 0x00, 0x20, 0xC9, 0x70, 0x00, 0x00, // 0x3270
		0x44, 0x0C, 0x00, 0x20, 0xE1, 0x70, 0x00, 0x00,
		0xF0, 0x04, 0x00, 0x20, 0x38, 0x0B, 0x00, 0x20, // 0x3280
		0x00, 0xB0, 0x01, 0x40, 0x8C, 0x71, 0x00, 0x00,
		0xF2, 0x70, 0x00, 0x00, 0x02, 0x71, 0x00, 0x00, // 0x3290
		0x12, 0x71, 0x00, 0x00, 0x40, 0x01, 0x00, 0x20,
		0xD4, 0x0B, 0x00, 0x20, 0xCC, 0x05, 0x00, 0x20, // 0x32A0
		0xD4, 0x05, 0x00, 0x20, 0xC8, 0x05, 0x00, 0x20,
		0x21, 0x71, 0x00, 0x00, 0xD0, 0x05, 0x00, 0x20, // 0x32B0
		0x0C, 0x0B, 0x00, 0x20, 0x14, 0x6B, 0x00, 0x00,
		0x30, 0x71, 0x00, 0x00, 0xA6, 0x73, 0x00, 0x00, // 0x32C0
		0x0C, 0x6B, 0x00, 0x00, 0xFE, 0x74, 0x00, 0x00,
		0x66, 0xD8, 0x99, 0x00, 0x40, 0x3B, 0x64, 0xD8, // 0x32D0
		0x54, 0x00, 0x3F, 0x09, 0x4C, 0x3B, 0x04, 0x08,
		0x0D, 0x33, 0x64, 0xDC, 0x54, 0x00, 0x66, 0xD8, // 0x32E0
		0x9A, 0x00, 0x43, 0xEB, 0xFF, 0x00, 0xA1, 0x08,
		0x04, 0xD8, 0x54, 0x00, 0x6F, 0x58, 0xCC, 0x74, // 0x32F0
		0x03, 0x3B, 0x06, 0x08, 0x64, 0xD8, 0x58, 0x00,
		0x00, 0x23, 0x64, 0xDC, 0x58, 0x00, 0x0E, 0x38, // 0x3300
		0x16, 0x08, 0x00, 0xE0, 0xB5, 0x25, 0x08, 0x13,
		0x13, 0x13, 0x13, 0x13, 0x13, 0x13, 0x1D, 0x13, // 0x3310
		0x5C, 0x72, 0x13, 0x13, 0x84, 0x00, 0x80, 0x30,
		0x6A, 0x01, 0x10, 0x40, 0x71, 0xB4, 0x00, 0xE0, // 0x3320
		0x4E, 0x1A, 0x00, 0x33, 0x64, 0xDC, 0x57, 0x00,
		0x64, 0xDC, 0x55, 0x00, 0x64, 0xD8, 0x54, 0x00, // 0x3330
		0x08, 0x3B, 0xA8, 0x0A, 0x47, 0x5B, 0x88, 0x74,
		0x01, 0x3A, 0x8D, 0x0C, 0x00, 0x23, 0x1E, 0x05, // 0x3340
		0x65, 0xD8, 0x6B, 0x20, 0x80, 0x36, 0x65, 0xDC,
		0x6C, 0x20, 0xD7, 0x46, 0x63, 0x94, 0xD8, 0x68, // 0x3350
		0x40, 0x3B, 0x2E, 0x08, 0x65, 0xD8, 0x45, 0x20,
		0x63, 0xE4, 0x08, 0x20, 0x40, 0x3B, 0x28, 0x08, // 0x3360
		0x10, 0x30, 0x00, 0xE0, 0xC4, 0x19, 0x80, 0x30,
		0x01, 0x33, 0x11, 0x40, 0x64, 0xDC, 0x56, 0x00, // 0x3370
		0x00, 0xE0, 0x25, 0x1A, 0x1B, 0x6C, 0x00, 0xE0,
		0x22, 0x1A, 0x80, 0x30, 0x06, 0x40, 0x96, 0x33, // 0x3380
		0x61, 0x43, 0x65, 0xDC, 0x2D, 0x10, 0xFF, 0xE3,
		0x71, 0xF5, 0x03, 0xEA, 0xF8, 0x2A, 0x06, 0x02, // 0x3390
		0x64, 0xDC, 0x26, 0x10, 0x7A, 0xAD, 0xFF, 0xE3,
		0xC5, 0xE9, 0x0A, 0x33, 0x64, 0xDC, 0x54, 0x00, // 0x33A0
		0x6A, 0x02, 0x00, 0x31, 0x0A, 0x02, 0x71, 0xB4,
		0xFF, 0xE3, 0xBC, 0xE9, 0xC0, 0x07, 0x80, 0x30, // 0x33B0
		0x0D, 0x33, 0x10, 0x40, 0x64, 0xDC, 0x54, 0x00,
		0xFF, 0xE3, 0x58, 0xF5, 0xF2, 0x07, 0x0B, 0x33, // 0x33C0
		0x10, 0x02, 0x64, 0xDC, 0x54, 0x00, 0x02, 0x33,
		0x64, 0xDC, 0x56, 0x00, 0x96, 0x33, 0x63, 0x43, // 0x33D0
		0x65, 0xDC, 0x2D, 0x10, 0xFF, 0xE3, 0xA6, 0xE9,
		0x00, 0x31, 0x15, 0x02, 0xFF, 0xE3, 0x2F, 0xE8, // 0x33E0
		0x80, 0x30, 0x0D, 0x40, 0x00, 0xE0, 0xEB, 0x19,
		0xA2, 0x07, 0x80, 0x30, 0x0C, 0x33, 0x0D, 0x40, // 0x33F0
		0x64, 0xDC, 0x54, 0x00, 0x00, 0xE0, 0xDD, 0x19,
		0x96, 0x33, 0x63, 0x43, 0x65, 0xDC, 0x2D, 0x10, // 0x3400
		0x00, 0x33, 0x1E, 0x02, 0x64, 0xDC, 0x56, 0x00,
		0xFF, 0xE3, 0x8C, 0xE9, 0x90, 0x07, 0x04, 0x33, // 0x3410
		0x64, 0xDC, 0x54, 0x00, 0x00, 0x33, 0x64, 0xDC,
		0x57, 0x00, 0x64, 0xDC, 0x55, 0x00, 0x64, 0xDC, // 0x3420
		0x58, 0x00, 0x6C, 0x03, 0x71, 0xB4, 0x83, 0x07,
		0x43, 0xEB, 0x33, 0x00, 0x18, 0x08, 0x80, 0x31, // 0x3430
		0x43, 0x94, 0x37, 0x41, 0x84, 0x68, 0x40, 0x3A,
		0x12, 0x0C, 0x51, 0x94, 0x73, 0x03, 0xCA, 0x64, // 0x3440
		0x06, 0x08, 0x0D, 0x33, 0x64, 0xDC, 0x54, 0x00,
		0x74, 0x03, 0x71, 0xB4, 0x64, 0xD8, 0x54, 0x00, // 0x3450
		0x08, 0x3B, 0x18, 0x0A, 0x00, 0x33, 0x64, 0xDC,
		0x55, 0x00, 0x14, 0x06, 0x04, 0xD8, 0x54, 0x00, // 0x3460
		0x0E, 0x38, 0x65, 0x0B, 0x00, 0xE0, 0xDC, 0x24,
		0x15, 0x00, 0x15, 0x00, 0x62, 0xFF, 0x62, 0xFF, // 0x3470
		0x36, 0x00, 0x41, 0x00, 0x59, 0x00, 0x4E, 0x00,
		0x0F, 0x00, 0x62, 0xFF, 0x62, 0xFF, 0x62, 0xFF, // 0x3480
		0x62, 0xFF, 0x62, 0xFF, 0x72, 0x00, 0x43, 0xEB,
		0x33, 0x00, 0x04, 0x0C, 0x43, 0xEB, 0x55, 0x00, // 0x3490
		0x04, 0x08, 0xFF, 0xE3, 0x06, 0xEA, 0x4B, 0x07,
		0x80, 0x32, 0x63, 0x94, 0x57, 0x42, 0xC8, 0x68, // 0x34A0
		0x40, 0x3B, 0x0A, 0x0C, 0x80, 0x30, 0x11, 0x40,
		0xFF, 0xE3, 0xE0, 0xF4, 0x72, 0x13, 0x71, 0xB4, // 0x34B0
		0x08, 0x33, 0x64, 0xB4, 0x3C, 0x07, 0x64, 0xD8,
		0x57, 0x00, 0x00, 0x23, 0xCC, 0x74, 0x64, 0xDC, // 0x34C0
		0x57, 0x00, 0x02, 0x3B, 0xE7, 0x0B, 0x00, 0x33,
		0x64, 0xDC, 0x58, 0x00, 0x03, 0x33, 0x64, 0xDC, // 0x34D0
		0x54, 0x00, 0x2D, 0x07, 0x43, 0xEB, 0x33, 0x00,
		0xDD, 0x0F, 0x43, 0xEB, 0x55, 0x00, 0xDA, 0x0F, // 0x34E0
		0x65, 0xD8, 0xB0, 0x01, 0x65, 0xDC, 0xAC, 0x01,
		0x22, 0x07, 0x40, 0x3B, 0xD3, 0x0F, 0x43, 0xEB, // 0x34F0
		0x33, 0x00, 0xD0, 0x0F, 0x43, 0xEB, 0x55, 0x00,
		0xCD, 0x0F, 0x65, 0xD8, 0xB3, 0x01, 0x65, 0xDC, // 0x3500
		0xAF, 0x01, 0x15, 0x07, 0x43, 0xEB, 0x33, 0x00,
		0xC5, 0x0F, 0x43, 0xEB, 0x55, 0x00, 0xC2, 0x0F, // 0x3510
		0x65, 0xD8, 0xB2, 0x01, 0x65, 0xDC, 0xAE, 0x01,
		0x0A, 0x07, 0x43, 0xEB, 0x33, 0x00, 0xBA, 0x0F, // 0x3520
		0x43, 0xEB, 0x55, 0x00, 0xB7, 0x0F, 0x65, 0xD8,
		0xC8, 0x01, 0x63, 0xE4, 0x3F, 0x20, 0x8C, 0x74, // 0x3530
		0x25, 0xD8, 0xAD, 0x01, 0x49, 0x64, 0x06, 0x0C,
		0x65, 0xDC, 0xAD, 0x01, 0x08, 0x33, 0x64, 0xB4, // 0x3540
		0x86, 0x07, 0x65, 0xD8, 0xB1, 0x01, 0x65, 0xDC,
		0xAD, 0x01, 0xF1, 0x06, 0x0D, 0x33, 0xC0, 0x07, // 0x3550
		0xCC, 0x74, 0x42, 0x3B, 0x16, 0x08, 0x66, 0xD8,
		0x9C, 0x00, 0x43, 0xEB, 0x30, 0x00, 0x7B, 0x0B, // 0x3560
		0x66, 0xD8, 0x9D, 0x00, 0x46, 0xD8, 0x9F, 0x00,
		0x65, 0xDC, 0xC6, 0x01, 0x66, 0xD8, 0x9E, 0x00, // 0x3570
		0x68, 0x43, 0xC8, 0x6C, 0x65, 0xDC, 0xE2, 0x10,
		0x03, 0x33, 0x64, 0xDC, 0x54, 0x00, 0xDF, 0x07, // 0x3580
		0x43, 0x3B, 0x65, 0x0B, 0x66, 0xD8, 0x9C, 0x00,
		0x43, 0xEB, 0x31, 0x00, 0x64, 0x0B, 0x03, 0x32, // 0x3590
		0x3E, 0x11, 0x1F, 0x11, 0xFF, 0xE3, 0x1D, 0xEC,
		0x45, 0xD8, 0xC9, 0x01, 0x65, 0xD8, 0xC8, 0x01, // 0x35A0
		0x42, 0xE4, 0x3F, 0x20, 0x63, 0xE4, 0x3F, 0x20,
		0x0C, 0x74, 0x48, 0x74, 0x40, 0x64, 0x02, 0x08, // 0x35B0
		0xCB, 0x6C, 0x4C, 0x74, 0x1E, 0x39, 0x02, 0x0C,
		0x1E, 0x33, 0x65, 0xDC, 0xAD, 0x01, 0x45, 0xDC, // 0x35C0
		0xAE, 0x01, 0x64, 0xD8, 0x54, 0x00, 0xBB, 0x06,
		0x63, 0x94, 0x63, 0xE4, 0x02, 0x20, 0x40, 0x3B, // 0x35D0
		0x40, 0xE8, 0x5B, 0xFD, 0xCF, 0x11, 0x03, 0x30,
		0x60, 0x96, 0x7F, 0xB4, 0x00, 0xE0, 0xE9, 0x18, // 0x35E0
		0x80, 0x32, 0x63, 0x94, 0x46, 0x42, 0xC8, 0x68,
		0x40, 0x3B, 0x05, 0x08, 0x04, 0xD8, 0x5D, 0x00, // 0x35F0
		0xFF, 0xE3, 0x43, 0xEA, 0x63, 0x94, 0x48, 0x11,
		0xC8, 0x68, 0x40, 0x3B, 0x31, 0x0C, 0x64, 0xD8, // 0x3600
		0x54, 0x00, 0x09, 0x3B, 0x09, 0x08, 0x0F, 0x30,
		0xFF, 0xE3, 0x9E, 0xEB, 0x43, 0x11, 0x60, 0x92, // 0x3610
		0x63, 0xEC, 0x04, 0x00, 0x60, 0xB2, 0x04, 0x30,
		0xE1, 0x11, 0x00, 0xE0, 0xD0, 0x18, 0xBC, 0x31, // 0x3620
		0x00, 0x11, 0x00, 0xE0, 0xDB, 0x0E, 0x28, 0x33,
		0x03, 0x31, 0x63, 0xB7, 0xFF, 0x33, 0x0D, 0x30, // 0x3630
		0x6B, 0xB7, 0x00, 0xE0, 0x61, 0x20, 0x80, 0x33,
		0x5B, 0x10, 0x66, 0x43, 0x60, 0xB2, 0xFD, 0x33, // 0x3640
		0x61, 0xB7, 0x03, 0xEA, 0x32, 0x3C, 0x64, 0xB7,
		0x60, 0x97, 0x63, 0xEC, 0x21, 0x01, 0x60, 0xB7, // 0x3650
		0x60, 0x96, 0x64, 0xDC, 0x20, 0x20, 0x80, 0x33,
		0x6B, 0xB7, 0x00, 0xE8, 0x16, 0xFD, 0x11, 0x94, // 0x3660
		0x24, 0x94, 0xFF, 0xE3, 0xEC, 0xE6, 0x00, 0xE8,
		0x10, 0xFD, 0x00, 0x00, 0x1E, 0x09, 0x00, 0x00, // 0x3670
		0x37, 0x71, 0x00, 0x00, 0xEE, 0x0F, 0x00, 0x00,
		0x4C, 0x71, 0x00, 0x00, 0x5A, 0x71, 0x00, 0x00, // 0x3680
		0xC0, 0x66, 0x00, 0x00, 0x74, 0x71, 0x00, 0x00,
		0xD5, 0x0B, 0x00, 0x20, 0xC8, 0x01, 0x00, 0x20, // 0x3690
		0xF0, 0x04, 0x00, 0x20, 0x00, 0x08, 0x00, 0x02,
		0x00, 0xC0, 0x01, 0x40, 0x00, 0xB0, 0x01, 0x40, // 0x36A0
		0x38, 0x0B, 0x00, 0x20, 0x00, 0xE1, 0x00, 0xE0,
		0x66, 0xE4, 0x04, 0x20, 0x40, 0x3B, 0x0C, 0x0C, // 0x36B0
		0x80, 0x30, 0x06, 0x40, 0x00, 0xE0, 0x1B, 0x18,
		0x80, 0x30, 0x03, 0x40, 0x00, 0xE0, 0x7F, 0x18, // 0x36C0
		0x11, 0x94, 0x00, 0xE0, 0xD1, 0x0E, 0x66, 0xE4,
		0x10, 0x20, 0x40, 0x3B, 0x0A, 0x0C, 0x74, 0x8D, // 0x36D0
		0x16, 0x8D, 0x64, 0xDC, 0x27, 0x10, 0xFF, 0xE3,
		0xB8, 0xE9, 0x17, 0x8D, 0xFF, 0xE3, 0x9A, 0xE9, // 0x36E0
		0x66, 0xE4, 0x20, 0x20, 0x40, 0x3B, 0x12, 0x0C,
		0x73, 0x8D, 0xF2, 0x8D, 0x64, 0xDC, 0x28, 0x10, // 0x36F0
		0x64, 0x31, 0x1F, 0x6C, 0x00, 0xE0, 0x14, 0x23,
		0x3F, 0x33, 0x00, 0xEB, 0x3F, 0x00, 0x03, 0xC4, // 0x3700
		0x40, 0x0C, 0x62, 0x01, 0x02, 0xB3, 0xE4, 0xDC,
		0x24, 0x10, 0x66, 0xE4, 0x40, 0x20, 0x40, 0x3B, // 0x3710
		0x0F, 0x0C, 0xF2, 0x8D, 0x64, 0x31, 0x1F, 0x6C,
		0x00, 0xE0, 0x02, 0x23, 0x3F, 0x33, 0x00, 0xEB, // 0x3720
		0x3F, 0x00, 0x03, 0xC4, 0x40, 0x0C, 0x6B, 0x01,
		0x02, 0xB3, 0xE4, 0xDC, 0x24, 0x10, 0x66, 0xE4, // 0x3730
		0x80, 0x20, 0x40, 0x3B, 0x05, 0x0C, 0x65, 0xD8,
		0x84, 0x00, 0x64, 0xDC, 0x5E, 0x00, 0x66, 0xE4, // 0x3740
		0x00, 0x24, 0x40, 0x3B, 0x05, 0x0C, 0x80, 0x30,
		0x03, 0x40, 0x00, 0xE0, 0xC8, 0x17, 0x66, 0xE4, // 0x3750
		0x00, 0x28, 0x40, 0x3B, 0x08, 0x0C, 0x80, 0x30,
		0x03, 0x40, 0x00, 0xE0, 0xC8, 0x17, 0x65, 0xD8, // 0x3760
		0x47, 0x20, 0x68, 0xB4, 0x80, 0x33, 0x65, 0x43,
		0xD8, 0x68, 0x40, 0x3B, 0x0F, 0x0C, 0x65, 0xD8, // 0x3770
		0x90, 0x01, 0x01, 0x30, 0x64, 0xDC, 0x5B, 0x00,
		0x00, 0xE0, 0xA4, 0x17, 0x80, 0x30, 0x01, 0x40, // 0x3780
		0x00, 0xE0, 0x1D, 0x18, 0x11, 0x94, 0x00, 0xE0,
		0x6F, 0x0E, 0x80, 0x33, 0x66, 0x43, 0xD8, 0x68, // 0x3790
		0x40, 0x3B, 0x08, 0x0C, 0x80, 0x30, 0x02, 0x40,
		0x00, 0xE0, 0x11, 0x18, 0x11, 0x94, 0x00, 0xE0, // 0x37A0
		0x63, 0x0E, 0x80, 0x33, 0x67, 0x43, 0xD8, 0x68,
		0x40, 0x3B, 0x0D, 0x0C, 0x5A, 0x8D, 0x24, 0xD8, // 0x37B0
		0x25, 0x10, 0x0D, 0x02, 0xFF, 0xE3, 0xB6, 0xE7,
		0x1A, 0x8D, 0xFF, 0xE3, 0xCC, 0xE9, 0x11, 0x94, // 0x37C0
		0x00, 0xE0, 0x52, 0x0E, 0x80, 0x33, 0x68, 0x43,
		0xD8, 0x68, 0x40, 0x3B, 0x0A, 0x0C, 0x63, 0x94, // 0x37D0
		0x63, 0xE4, 0x10, 0x20, 0x40, 0x3B, 0x03, 0x0C,
		0x00, 0xE0, 0x75, 0x16, 0x32, 0x33, 0x64, 0xB4, // 0x37E0
		0x80, 0x33, 0x69, 0x43, 0xD8, 0x68, 0x40, 0x3B,
		0x22, 0x0C, 0x63, 0x94, 0x63, 0xE4, 0x08, 0x20, // 0x37F0
		0x40, 0x3B, 0x1B, 0x0C, 0x7F, 0x02, 0x3D, 0x02,
		0x40, 0x93, 0x84, 0x68, 0x40, 0xB3, 0x3E, 0x02, // 0x3800
		0x43, 0x93, 0x84, 0x68, 0x43, 0xB3, 0x08, 0x30,
		0x00, 0xE0, 0xD3, 0x17, 0x10, 0x30, 0x00, 0xE0, // 0x3810
		0xD6, 0x17, 0x80, 0x30, 0x0D, 0x40, 0xFF, 0xE3,
		0x29, 0xF3, 0x08, 0x30, 0x00, 0x31, 0xFF, 0xE3, // 0x3820
		0xF1, 0xE9, 0x06, 0x03, 0xFF, 0xE3, 0x7E, 0xE7,
		0x32, 0x33, 0x64, 0xB4, 0x80, 0x33, 0x6A, 0x43, // 0x3830
		0xD8, 0x68, 0x40, 0x3B, 0x04, 0x0C, 0x40, 0x30,
		0x00, 0xE0, 0x51, 0x17, 0x80, 0x33, 0x6B, 0x43, // 0x3840
		0xD8, 0x68, 0x40, 0x3B, 0x04, 0x0C, 0x40, 0x30,
		0x00, 0xE0, 0x51, 0x17, 0xDF, 0x3E, 0x03, 0x0C, // 0x3850
		0x00, 0xE0, 0x5F, 0x16, 0xC5, 0xD8, 0x74, 0x20,
		0x40, 0x3E, 0x70, 0x0C, 0x00, 0x33, 0x5B, 0x6C, // 0x3860
		0x15, 0x03, 0x65, 0xDC, 0x74, 0x20, 0xFF, 0xE3,
		0x5D, 0xE7, 0x66, 0xE4, 0x01, 0x20, 0x40, 0x3B, // 0x3870
		0x05, 0x0C, 0x80, 0x30, 0x0E, 0x40, 0x00, 0xE0,
		0xA2, 0x17, 0x80, 0x33, 0x77, 0x43, 0xD8, 0x68, // 0x3880
		0x40, 0x3B, 0x16, 0x0C, 0x80, 0x30, 0x02, 0x40,
		0x00, 0xE0, 0x99, 0x17, 0x65, 0xD8, 0x6C, 0x20, // 0x3890
		0x11, 0x94, 0x65, 0xDC, 0x6B, 0x20, 0x65, 0xD8,
		0xE4, 0x01, 0x65, 0xDC, 0xAE, 0x01, 0x00, 0xE0, // 0x38A0
		0xE3, 0x0D, 0x45, 0xD8, 0xE4, 0x01, 0x3A, 0x13,
		0x1A, 0x13, 0xFF, 0xE3, 0x3B, 0xE7, 0x80, 0x33, // 0x38B0
		0x6B, 0x43, 0xD8, 0x68, 0x40, 0x3B, 0x0D, 0x0C,
		0x77, 0x13, 0x01, 0x32, 0x34, 0x13, 0x17, 0x13, // 0x38C0
		0x40, 0xB3, 0x57, 0x13, 0x60, 0x92, 0x63, 0xEC,
		0x10, 0x00, 0x60, 0xB2, 0xFF, 0xE3, 0x2A, 0xE7, // 0x38D0
		0x80, 0x33, 0x6C, 0x43, 0xD8, 0x68, 0x40, 0x3B,
		0x0D, 0x0C, 0x6F, 0x13, 0x00, 0x32, 0x2C, 0x13, // 0x38E0
		0x10, 0x13, 0x40, 0xB3, 0x4E, 0x13, 0x60, 0x92,
		0x63, 0xEC, 0x10, 0x00, 0x60, 0xB2, 0xFF, 0xE3, // 0x38F0
		0x19, 0xE7, 0x80, 0x33, 0x75, 0x43, 0x8C, 0x69,
		0x40, 0x3E, 0x20, 0x0C, 0x05, 0xD8, 0x20, 0x01, // 0x3900
		0x00, 0x37, 0xFF, 0xE3, 0xF9, 0xE6, 0x28, 0x13,
		0x42, 0x58, 0x08, 0x13, 0xC7, 0x13, 0xFF, 0xE3, // 0x3910
		0x60, 0xEA, 0x43, 0x13, 0x3E, 0x12, 0x06, 0x13,
		0x60, 0x92, 0x63, 0xEC, 0x00, 0x01, 0x60, 0xB2, // 0x3920
		0xFF, 0xE3, 0x00, 0xE7, 0x63, 0x13, 0x68, 0xB8,
		0x00, 0x86, 0xFF, 0xE3, 0xE5, 0xE6, 0x00, 0x20, // 0x3930
		0x1C, 0x64, 0x90, 0x0C, 0x00, 0x13, 0xFF, 0xE3,
		0xF5, 0xE6, 0x80, 0x32, 0x63, 0x94, 0x46, 0x42, // 0x3940
		0xC8, 0x68, 0x40, 0x3B, 0x0C, 0x08, 0x7D, 0x12,
		0x00, 0x32, 0x40, 0xB3, 0x5C, 0x12, 0x60, 0x92, // 0x3950
		0x88, 0x3B, 0x60, 0xB2, 0x5B, 0x12, 0x60, 0x92,
		0x87, 0x3B, 0x60, 0xB2, 0xFA, 0x12, 0x47, 0x98, // 0x3960
		0x60, 0x97, 0x42, 0x92, 0xCA, 0x60, 0x03, 0xEB,
		0xE8, 0x03, 0x50, 0x0C, 0x60, 0x97, 0x47, 0x98, // 0x3970
		0x62, 0xB2, 0xFF, 0xE3, 0x62, 0xE9, 0x65, 0xD8,
		0x45, 0x20, 0x63, 0xE4, 0x10, 0x20, 0x53, 0x12, // 0x3980
		0x40, 0x3B, 0x73, 0x12, 0x62, 0xC4, 0x40, 0x0C,
		0x6D, 0xB8, 0x7D, 0x94, 0x0A, 0x31, 0x68, 0xB8, // 0x3990
		0x83, 0x6D, 0x70, 0x12, 0x41, 0x8B, 0x49, 0xB8,
		0x42, 0x8B, 0x4A, 0xB8, 0x40, 0x8B, 0x63, 0xD8, // 0x39A0
		0x03, 0x50, 0x0F, 0x6C, 0x4B, 0xB8, 0x6E, 0xB8,
		0x00, 0xE0, 0xC6, 0x20, 0xC3, 0x74, 0x0A, 0x31, // 0x39B0
		0x6C, 0xB8, 0x6E, 0x98, 0x0F, 0x6C, 0x00, 0xE0,
		0x8B, 0x21, 0xC3, 0x74, 0xDF, 0x3B, 0x03, 0x0C, // 0x39C0
		0x00, 0x32, 0x6D, 0x5A, 0x45, 0xD8, 0x8D, 0x01,
		0x64, 0x31, 0x1B, 0x6C, 0x40, 0x3A, 0xA2, 0x12, // 0x39D0
		0x42, 0x12, 0xA2, 0xC4, 0x40, 0x0C, 0x6E, 0xB8,
		0x00, 0xE0, 0xFC, 0x21, 0x01, 0x74, 0x06, 0xB8, // 0x39E0
		0x64, 0x31, 0x1B, 0x6C, 0x00, 0xE0, 0x9C, 0x21,
		0x6E, 0x98, 0x01, 0x74, 0x63, 0xB8, 0x6C, 0x98, // 0x39F0
		0x05, 0xB8, 0x62, 0xB8, 0x6B, 0x98, 0xA4, 0xB8,
		0x61, 0xB8, 0x6A, 0x98, 0x48, 0x98, 0x60, 0xB8, // 0x3A00
		0x2D, 0x98, 0x69, 0x98, 0x16, 0x11, 0xFF, 0xE3,
		0x8D, 0xE6, 0x44, 0xD8, 0x54, 0x00, 0x60, 0x97, // 0x3A10
		0x09, 0x3A, 0x2E, 0x0C, 0x24, 0xD8, 0x22, 0x20,
		0xC6, 0x60, 0x04, 0x3B, 0x19, 0x0C, 0x60, 0x97, // 0x3A20
		0x4B, 0x3A, 0x64, 0xDC, 0x22, 0x20, 0x6B, 0x11,
		0x1D, 0x08, 0x4E, 0x11, 0x00, 0x8A, 0x21, 0x8B, // 0x3A30
		0x67, 0x98, 0x6C, 0x83, 0x00, 0x23, 0xCC, 0x74,
		0x05, 0x3B, 0x16, 0x08, 0x47, 0x98, 0x6C, 0xA2, // 0x3A40
		0x67, 0x98, 0x4C, 0x83, 0x41, 0x42, 0x68, 0x11,
		0x88, 0x5B, 0x00, 0xAC, 0x26, 0xAC, 0x0F, 0x14, // 0x3A50
		0x94, 0x14, 0x5C, 0x5E, 0x20, 0x82, 0x08, 0x98,
		0xFF, 0xE3, 0x64, 0xE6, 0x62, 0x5F, 0xCC, 0x75, // 0x3A60
		0x64, 0x07, 0x00, 0x8B, 0xE5, 0x07, 0x67, 0x98,
		0x00, 0x32, 0x4C, 0xA3, 0xEA, 0x07, 0x64, 0xDC, // 0x3A70
		0x22, 0x20, 0xEE, 0x07, 0x00, 0x30, 0x01, 0x40,
		0x9D, 0x71, 0x00, 0x00, 0xDB, 0xAE, 0xFF, 0xFF, // 0x3A80
		0xBF, 0xEF, 0xFF, 0xF7, 0xBE, 0x70, 0x00, 0x00,
		0x01, 0x7C, 0x00, 0x00, 0x0C, 0x6B, 0x00, 0x00, // 0x3A90
		0xB8, 0x71, 0x00, 0x00, 0x34, 0x0B, 0x00, 0x20,
		0xCE, 0x71, 0x00, 0x00, 0x0C, 0x0B, 0x00, 0x20, // 0x3AA0
		0xE9, 0x71, 0x00, 0x00, 0x20, 0x01, 0x00, 0x20,
		0x10, 0x0B, 0x00, 0x20, 0xFF, 0x71, 0x00, 0x00, // 0x3AB0
		0x1C, 0x72, 0x00, 0x00, 0x7A, 0x7C, 0x00, 0x00,
		0xC0, 0x05, 0x00, 0x20, 0x00, 0x50, 0x01, 0x40, // 0x3AC0
		0x00, 0xC0, 0x01, 0x40, 0xF0, 0x04, 0x00, 0x20,
		0xAC, 0x70, 0x00, 0x00, 0xB0, 0x70, 0x00, 0x00, // 0x3AD0
		0xD0, 0x04, 0x00, 0x20, 0xB4, 0x70, 0x00, 0x00,
		0xB9, 0x70, 0x00, 0x00, 0x20, 0x72, 0x00, 0x00, // 0x3AE0
		0x3E, 0x0A, 0x00, 0x20, 0x52, 0x0C, 0x00, 0x20,
		0xD4, 0x14, 0x25, 0x14, 0x61, 0x00, 0x42, 0x93, // 0x3AF0
		0x42, 0xE4, 0x01, 0x20, 0x40, 0x3A, 0x60, 0xE8,
		0x2F, 0x02, 0x83, 0x00, 0x00, 0x84, 0x07, 0x38, // 0x3B00
		0x1D, 0x08, 0x00, 0xE0, 0x9B, 0x21, 0x08, 0x00,
		0x4A, 0x02, 0x29, 0x02, 0x83, 0x02, 0x99, 0x02, // 0x3B10
		0x1A, 0x00, 0xC9, 0x02, 0xE9, 0x02, 0x69, 0x00,
		0x61, 0x8B, 0x03, 0xEB, 0xA0, 0x0F, 0x0E, 0x0C, // 0x3B20
		0x4B, 0x00, 0x60, 0x92, 0x63, 0xEC, 0x40, 0x00,
		0x60, 0xB2, 0x02, 0x33, 0x60, 0xA4, 0x00, 0x33, // 0x3B30
		0x61, 0xA4, 0x62, 0xA4, 0x63, 0xA4, 0x00, 0x33,
		0x61, 0xB4, 0x70, 0x00, 0x63, 0xD8, 0x45, 0x20, // 0x3B40
		0x43, 0xE4, 0x02, 0x20, 0x40, 0x3A, 0x0D, 0x0C,
		0x33, 0x00, 0x43, 0x91, 0x42, 0xE4, 0x05, 0x20, // 0x3B50
		0x40, 0x3A, 0x07, 0x08, 0x55, 0x00, 0x3F, 0x91,
		0x40, 0x92, 0x86, 0x60, 0x02, 0x3A, 0x0B, 0x08, // 0x3B60
		0x63, 0xE4, 0x04, 0x20, 0x40, 0x3B, 0x48, 0x0D,
		0x7B, 0x00, 0x63, 0x93, 0x63, 0xE4, 0x10, 0x20, // 0x3B70
		0x40, 0x3B, 0x42, 0x09, 0x23, 0x01, 0x64, 0xD8,
		0x14, 0x02, 0x06, 0x91, 0xBE, 0x00, 0x43, 0xE4, // 0x3B80
		0x13, 0x00, 0x41, 0x42, 0x94, 0x60, 0x00, 0xAA,
		0x43, 0xE4, 0x27, 0x00, 0x00, 0x23, 0xCC, 0x74, // 0x3B90
		0x27, 0x91, 0x13, 0x3B, 0x41, 0x42, 0x94, 0x60,
		0x20, 0xAA, 0x60, 0xE8, 0x34, 0x05, 0x64, 0xDC, // 0x3BA0
		0x14, 0x02, 0x05, 0xE4, 0x27, 0x00, 0x00, 0xE0,
		0x47, 0x0C, 0x68, 0x01, 0x00, 0x36, 0x39, 0x8B, // 0x3BB0
		0x43, 0xD8, 0x18, 0x50, 0x22, 0xB8, 0x0A, 0x60,
		0x04, 0x7C, 0xC8, 0x31, 0x44, 0xB8, 0x63, 0xB8, // 0x3BC0
		0x00, 0xE0, 0xBA, 0x1F, 0xF5, 0x01, 0x03, 0xEA,
		0x88, 0x13, 0x0C, 0x60, 0xDF, 0x38, 0x06, 0xC4, // 0x3BD0
		0x40, 0x0C, 0x01, 0xAF, 0x05, 0xE4, 0x4F, 0x00,
		0x00, 0xE0, 0x2E, 0x0C, 0x63, 0x98, 0xC8, 0x31, // 0x3BE0
		0xA3, 0xD8, 0x1A, 0x50, 0x7B, 0x8B, 0x16, 0x60,
		0x0C, 0x7C, 0x63, 0xB8, 0x00, 0xE0, 0xA4, 0x1F, // 0x3BF0
		0x03, 0xEA, 0x88, 0x13, 0x0C, 0x60, 0xDF, 0x38,
		0x06, 0xC4, 0x40, 0x0C, 0x02, 0xAF, 0xE5, 0x02, // 0x3C00
		0x62, 0x98, 0x06, 0x97, 0x44, 0x98, 0xC8, 0x31,
		0x01, 0x74, 0x0A, 0x60, 0x0C, 0x7C, 0x00, 0xE0, // 0x3C10
		0x93, 0x1F, 0x03, 0xEA, 0x88, 0x13, 0x0C, 0x60,
		0xDF, 0x38, 0x06, 0xC4, 0x40, 0x0C, 0x81, 0x74, // 0x3C20
		0x63, 0x98, 0x44, 0xDC, 0xBA, 0x10, 0xC8, 0x31,
		0x07, 0x97, 0x01, 0x74, 0x16, 0x60, 0x0C, 0x7C, // 0x3C30
		0x42, 0xB8, 0x00, 0xE0, 0x81, 0x1F, 0x42, 0x98,
		0x03, 0xEA, 0x88, 0x13, 0x0C, 0x60, 0xDF, 0x38, // 0x3C40
		0x06, 0xC4, 0x40, 0x0C, 0x02, 0xEB, 0xA8, 0x61,
		0x04, 0xDC, 0xBB, 0x10, 0x0A, 0x0C, 0x04, 0x30, // 0x3C50
		0x00, 0xE0, 0x26, 0x0C, 0x11, 0x30, 0x00, 0xE0,
		0x35, 0x15, 0x13, 0x02, 0xFF, 0xE3, 0x62, 0xE5, // 0x3C60
		0x79, 0x02, 0x63, 0x93, 0x63, 0xE4, 0x08, 0x20,
		0x40, 0x3B, 0xC6, 0x0C, 0x5B, 0x02, 0x24, 0xD8, // 0x3C70
		0x86, 0x20, 0x60, 0x92, 0xC6, 0x60, 0x18, 0x3B,
		0x48, 0x0C, 0x60, 0x92, 0x04, 0xD8, 0xBA, 0x10, // 0x3C80
		0x64, 0xDC, 0x86, 0x20, 0x64, 0xD8, 0xBB, 0x10,
		0x0C, 0x64, 0x60, 0xE8, 0xBF, 0x04, 0x0E, 0x60, // 0x3C90
		0xFA, 0x31, 0x64, 0xD8, 0xB9, 0x10, 0x0C, 0x7C,
		0x22, 0x41, 0x00, 0xE0, 0x4D, 0x1F, 0x83, 0x6D, // 0x3CA0
		0x06, 0xEB, 0xB0, 0x04, 0xA5, 0x03, 0x00, 0xC4,
		0x01, 0x05, 0x12, 0x33, 0x14, 0x32, 0x17, 0x6C, // 0x3CB0
		0xFF, 0xE3, 0xFC, 0xE4, 0x40, 0x38, 0x40, 0xE8,
		0xAC, 0x04, 0x11, 0x30, 0x00, 0xE0, 0xF0, 0x0B, // 0x3CC0
		0x0C, 0x30, 0x00, 0xE0, 0xFF, 0x14, 0x0C, 0x03,
		0xFF, 0xE3, 0x2C, 0xE5, 0x06, 0xEB, 0x40, 0x06, // 0x3CD0
		0x00, 0xC4, 0x01, 0x05, 0x04, 0x33, 0x04, 0x32,
		0x05, 0xE4, 0x17, 0x00, 0xFF, 0xE3, 0xE6, 0xE4, // 0x3CE0
		0x40, 0x38, 0x13, 0x0C, 0x10, 0x30, 0x00, 0xE0,
		0xDB, 0x0B, 0x10, 0x30, 0x00, 0xE0, 0xEA, 0x14, // 0x3CF0
		0x04, 0xD8, 0xB9, 0x10, 0x24, 0xD8, 0xBA, 0x10,
		0x44, 0xD8, 0xBB, 0x10, 0x00, 0xB8, 0xC1, 0xB8, // 0x3D00
		0x69, 0x59, 0x1A, 0x03, 0xFF, 0xE3, 0x0E, 0xE5,
		0x64, 0xD8, 0xBA, 0x10, 0x44, 0xD8, 0xBB, 0x10, // 0x3D10
		0x49, 0x5B, 0x22, 0xEB, 0xA0, 0x0F, 0x20, 0x08,
		0x44, 0xD8, 0x1E, 0x11, 0xCA, 0x60, 0x23, 0xEB, // 0x3D20
		0xA0, 0x0F, 0x1A, 0x08, 0x64, 0xD8, 0xB9, 0x10,
		0x03, 0xEB, 0xEE, 0x02, 0x15, 0x0C, 0x10, 0x30, // 0x3D30
		0x00, 0xE0, 0xB6, 0x0B, 0x0E, 0x30, 0x00, 0xE0,
		0xC5, 0x14, 0x04, 0xD8, 0xB9, 0x10, 0x24, 0xD8, // 0x3D40
		0xBA, 0x10, 0x01, 0xB8, 0x04, 0xD8, 0x1E, 0x11,
		0x44, 0xD8, 0xBB, 0x10, 0x00, 0xB8, 0x69, 0x59, // 0x3D50
		0x12, 0x13, 0xFF, 0xE3, 0xE7, 0xE4, 0x64, 0xD8,
		0xBA, 0x10, 0x44, 0xD8, 0xBB, 0x10, 0x49, 0x5B, // 0x3D60
		0x22, 0xEB, 0xE0, 0x2E, 0x22, 0x08, 0x44, 0xD8,
		0x1E, 0x11, 0xCA, 0x60, 0x23, 0xEB, 0xE0, 0x2E, // 0x3D70
		0x1C, 0x08, 0x64, 0xD8, 0xB9, 0x10, 0x03, 0xEB,
		0x90, 0x01, 0x17, 0x0C, 0x10, 0x30, 0x00, 0xE0, // 0x3D80
		0x8F, 0x0B, 0x47, 0x13, 0x0F, 0x30, 0x60, 0x92,
		0x63, 0xEC, 0x80, 0x00, 0x60, 0xB2, 0x00, 0xE0, // 0x3D90
		0x99, 0x14, 0x04, 0xD8, 0xB9, 0x10, 0x24, 0xD8,
		0xBA, 0x10, 0x44, 0xD8, 0xBB, 0x10, 0x00, 0xB8, // 0x3DA0
		0x69, 0x59, 0x00, 0x13, 0xFF, 0xE3, 0xBE, 0xE4,
		0x64, 0xD8, 0xBC, 0x50, 0x23, 0xEB, 0xE2, 0x04, // 0x3DB0
		0x07, 0x08, 0x03, 0x30, 0x00, 0xE0, 0x74, 0x0B,
		0x1B, 0x12, 0xFF, 0xE3, 0xB3, 0xE4, 0x6D, 0x12, // 0x3DC0
		0x67, 0x93, 0x63, 0xE4, 0x10, 0x20, 0x40, 0x3B,
		0x13, 0x0C, 0x06, 0x30, 0x00, 0xE0, 0x68, 0x0B, // 0x3DD0
		0x53, 0x12, 0x08, 0x30, 0x60, 0x92, 0x63, 0xEC,
		0x80, 0x00, 0x60, 0xB2, 0x00, 0xE0, 0x72, 0x14, // 0x3DE0
		0x80, 0x30, 0x0F, 0x40, 0xFF, 0xE3, 0x42, 0xF0,
		0x10, 0x12, 0xFF, 0xE3, 0x9B, 0xE4, 0x64, 0xD8, // 0x3DF0
		0xBB, 0x10, 0x64, 0xDC, 0x1E, 0x11, 0x44, 0xD8,
		0x3E, 0x02, 0x02, 0x12, 0xC1, 0x42, 0x03, 0x31, // 0x3E00
		0x43, 0x6D, 0x72, 0x59, 0xF8, 0x11, 0x62, 0x43,
		0xDC, 0x60, 0x60, 0x93, 0xCF, 0x6D, 0x62, 0x41, // 0x3E10
		0xC4, 0x60, 0x00, 0x21, 0x48, 0x39, 0x63, 0x43,
		0xD8, 0x60, 0xC0, 0x60, 0xE0, 0xAB, 0xF2, 0x0B, // 0x3E20
		0x00, 0x22, 0x88, 0x74, 0x13, 0x3A, 0x60, 0xE8,
		0x0F, 0x04, 0x44, 0xDC, 0x3E, 0x02, 0x05, 0xE4, // 0x3E30
		0x77, 0x00, 0x00, 0xE0, 0x01, 0x0B, 0xFA, 0x31,
		0x22, 0x41, 0xCD, 0x11, 0x65, 0x40, 0xC2, 0x60, // 0x3E40
		0x63, 0x43, 0x01, 0x5B, 0x62, 0x40, 0x0E, 0x60,
		0x00, 0xE0, 0x76, 0x1E, 0x00, 0xE4, 0x09, 0x0A, // 0x3E50
		0x03, 0xAE, 0x05, 0xE4, 0x9F, 0x00, 0x00, 0xE0,
		0xEF, 0x0A, 0x7F, 0x48, 0x0C, 0x60, 0x01, 0x50, // 0x3E60
		0x07, 0xAE, 0x05, 0xE4, 0xC7, 0x00, 0x00, 0xE0,
		0xE7, 0x0A, 0x01, 0x40, 0x04, 0xAE, 0x05, 0xE4, // 0x3E70
		0xEF, 0x00, 0x00, 0xE0, 0xE1, 0x0A, 0x01, 0x40,
		0x06, 0xAE, 0x0D, 0x11, 0xBA, 0x10, 0x00, 0xE0, // 0x3E80
		0xDB, 0x0A, 0x7F, 0x48, 0xFA, 0x31, 0x0C, 0x60,
		0x01, 0x50, 0x68, 0x95, 0x05, 0xAE, 0x22, 0x41, // 0x3E90
		0xCD, 0x74, 0x05, 0x43, 0x0E, 0x60, 0x03, 0x40,
		0x0E, 0x60, 0x62, 0x40, 0x0E, 0x60, 0x00, 0xE0, // 0x3EA0
		0x4B, 0x1E, 0x69, 0x95, 0xC3, 0x11, 0xCD, 0x74,
		0x61, 0x4B, 0x67, 0xAE, 0x6A, 0x95, 0x61, 0x43, // 0x3EB0
		0x64, 0xDC, 0xBD, 0x10, 0x6B, 0x95, 0x61, 0x43,
		0x66, 0xAE, 0x6C, 0x95, 0xCD, 0x74, 0x61, 0x4B, // 0x3EC0
		0x65, 0xAE, 0x00, 0xE4, 0x09, 0x0A, 0x6C, 0x10,
		0x04, 0xDC, 0xBC, 0x10, 0x63, 0xD8, 0x45, 0x20, // 0x3ED0
		0x43, 0xE4, 0x02, 0x20, 0x40, 0x3A, 0x30, 0x0C,
		0x48, 0x10, 0x43, 0x92, 0x42, 0xE4, 0x05, 0x20, // 0x3EE0
		0x40, 0x3A, 0x29, 0x04, 0x00, 0x90, 0x00, 0x40,
		0xCC, 0x08, 0x00, 0x20, 0xD0, 0x04, 0x00, 0x20, // 0x3EF0
		0x00, 0x30, 0x01, 0x40, 0x00, 0x00, 0x00, 0x20,
		0x08, 0x02, 0x00, 0x20, 0xF0, 0x04, 0x00, 0x20, // 0x3F00
		0xFE, 0x08, 0x00, 0x20, 0xF4, 0x0B, 0x00, 0x20,
		0x9F, 0x78, 0x00, 0x00, 0xE8, 0x0A, 0x00, 0x20, // 0x3F10
		0x40, 0x78, 0x00, 0x00, 0xAC, 0x78, 0x00, 0x00,
		0xC9, 0x78, 0x00, 0x00, 0x00, 0xC0, 0x01, 0x40, // 0x3F20
		0xEA, 0x78, 0x00, 0x00, 0x02, 0x79, 0x00, 0x00,
		0x0D, 0x79, 0x00, 0x00, 0x16, 0x0A, 0x00, 0x20, // 0x3F30
		0x3E, 0x0A, 0x00, 0x20, 0x0D, 0x0C, 0x63, 0xE4,
		0x04, 0x20, 0x40, 0x3B, 0x40, 0xE8, 0x89, 0x03, // 0x3F40
		0x6A, 0x01, 0x63, 0x93, 0x63, 0xE4, 0x10, 0x20,
		0x40, 0x3B, 0x60, 0xE8, 0x82, 0x03, 0xFF, 0x30, // 0x3F50
		0xFF, 0xE3, 0x05, 0xE7, 0x05, 0x14, 0x94, 0x14,
		0x6F, 0x01, 0x61, 0x8B, 0x03, 0xEB, 0xA0, 0x0F, // 0x3F60
		0x40, 0xE8, 0xED, 0xFD, 0x51, 0x01, 0x62, 0x84,
		0x25, 0x92, 0x41, 0x43, 0x00, 0x23, 0xCC, 0x74, // 0x3F70
		0x13, 0x01, 0x13, 0x3B, 0x80, 0x60, 0x20, 0xAA,
		0x62, 0xA4, 0x40, 0xE8, 0xE0, 0xFD, 0x55, 0x01, // 0x3F80
		0x60, 0x92, 0x86, 0x3B, 0x60, 0xB2, 0x00, 0xE0,
		0x57, 0x0A, 0x00, 0x33, 0x18, 0xAC, 0x61, 0xA4, // 0x3F90
		0x62, 0xA4, 0x01, 0x33, 0x60, 0xA4, 0x00, 0xE8,
		0xD2, 0xFD, 0x25, 0x93, 0x45, 0x74, 0x61, 0x94, // 0x3FA0
		0x4C, 0x60, 0x61, 0x84, 0x00, 0x23, 0xCC, 0x74,
		0x21, 0xB4, 0x13, 0x3B, 0x61, 0xA4, 0x40, 0xE8, // 0x3FB0
		0xC6, 0xFD, 0x00, 0x33, 0x00, 0x35, 0x04, 0x02,
		0x4C, 0x58, 0x01, 0x23, 0x43, 0xEB, 0x28, 0x00, // 0x3FC0
		0x40, 0x8A, 0x48, 0x61, 0xFA, 0x0B, 0x97, 0x6C,
		0x07, 0x02, 0xFF, 0xE3, 0xAB, 0xE3, 0x67, 0x02, // 0x3FD0
		0xC3, 0xD8, 0x45, 0x20, 0x66, 0xE4, 0x02, 0x20,
		0xC6, 0xE4, 0x04, 0x20, 0x40, 0x3B, 0x11, 0x0C, // 0x3FE0
		0x61, 0x94, 0xD6, 0x60, 0x61, 0xB4, 0x01, 0x94,
		0x14, 0x31, 0x00, 0xE0, 0xA5, 0x1D, 0x00, 0x33, // 0x3FF0
		0x40, 0x3E, 0x61, 0xA4, 0x07, 0x32, 0x03, 0x33,
		0x01, 0xB4, 0x62, 0xC4, 0x40, 0x0C, 0xCB, 0x07, // 0x4000
		0x40, 0x3E, 0xF2, 0x0F, 0x61, 0x94, 0x4D, 0x5D,
		0x41, 0xB4, 0xEE, 0x07, 0x77, 0x02, 0x63, 0xD8, // 0x4010
		0x45, 0x20, 0x43, 0xE4, 0x02, 0x20, 0x40, 0x3A,
		0x40, 0xE8, 0xA4, 0xFD, 0x41, 0x03, 0x43, 0x92, // 0x4020
		0x42, 0xE4, 0x08, 0x20, 0x40, 0x3A, 0x40, 0xE8,
		0x91, 0xFD, 0x40, 0x03, 0x60, 0x92, 0x63, 0xEC, // 0x4030
		0x40, 0x00, 0x60, 0xB2, 0x04, 0x33, 0xAF, 0x07,
		0x22, 0x84, 0x05, 0x93, 0x46, 0x03, 0x61, 0x41, // 0x4040
		0xC8, 0x60, 0x00, 0xAB, 0x62, 0x59, 0xCC, 0x74,
		0x62, 0xA4, 0x13, 0x3B, 0x0E, 0x08, 0x03, 0x5B, // 0x4050
		0x01, 0x40, 0x08, 0x60, 0x61, 0x43, 0x00, 0x88,
		0xC8, 0x60, 0x00, 0xAB, 0x66, 0x59, 0xCC, 0x74, // 0x4060
		0x54, 0x3B, 0x10, 0x08, 0x14, 0x33, 0x62, 0xA4,
		0x50, 0x03, 0x11, 0x03, 0x60, 0x92, 0x86, 0x3B, // 0x4070
		0x60, 0xB2, 0x00, 0xE0, 0xE1, 0x09, 0x00, 0x33,
		0x18, 0xAC, 0x61, 0xA4, 0x62, 0xA4, 0x07, 0x33, // 0x4080
		0x8A, 0x07, 0x03, 0x5B, 0x01, 0x40, 0x08, 0x60,
		0x61, 0x43, 0x8C, 0x60, 0x60, 0x88, 0x02, 0x21, // 0x4090
		0x60, 0xAA, 0x22, 0xA4, 0x00, 0xE8, 0x53, 0xFD,
		0x45, 0x93, 0xA2, 0x84, 0x1E, 0x03, 0x61, 0x45, // 0x40A0
		0xC0, 0x60, 0x40, 0xAB, 0x41, 0x84, 0x00, 0x22,
		0x88, 0x74, 0x41, 0xA4, 0x02, 0x3A, 0x0C, 0x0C, // 0x40B0
		0x5D, 0x13, 0x60, 0x92, 0x86, 0x3B, 0x60, 0xB2,
		0x00, 0xE0, 0xBE, 0x09, 0x07, 0x33, 0x18, 0xAC, // 0x40C0
		0x60, 0xA4, 0x00, 0x33, 0x61, 0xA4, 0x62, 0x5D,
		0xCC, 0x74, 0x13, 0x3B, 0x04, 0x08, 0x62, 0xA4, // 0x40D0
		0x00, 0xE8, 0x35, 0xFD, 0x00, 0x33, 0xFC, 0x07,
		0xB5, 0x13, 0x25, 0xD8, 0x45, 0x20, 0x01, 0xE4, // 0x40E0
		0x02, 0x20, 0x40, 0x38, 0x07, 0x0C, 0x6C, 0x13,
		0x63, 0x93, 0x63, 0xE4, 0x05, 0x20, 0x40, 0x3B, // 0x40F0
		0x0C, 0x0C, 0x61, 0xE4, 0x04, 0x20, 0x40, 0x3B,
		0x26, 0x0C, 0x67, 0x13, 0x63, 0x93, 0x63, 0xE4, // 0x4100
		0x10, 0x20, 0x40, 0x3B, 0x60, 0xE8, 0xA8, 0x02,
		0x45, 0x13, 0x63, 0x84, 0xC5, 0x92, 0x41, 0x43, // 0x4110
		0x00, 0x23, 0xCC, 0x74, 0xE7, 0x13, 0x13, 0x3B,
		0x9C, 0x60, 0xC0, 0xAA, 0x41, 0x84, 0x00, 0x22, // 0x4120
		0x88, 0x74, 0x63, 0xA4, 0x41, 0xA4, 0x03, 0x0C,
		0x00, 0x33, 0x63, 0xA4, 0x02, 0xEB, 0x63, 0x00, // 0x4130
		0x0A, 0x0C, 0x00, 0x33, 0x5C, 0x12, 0x61, 0xA4,
		0x06, 0x33, 0x60, 0xA4, 0x60, 0x92, 0x63, 0xEC, // 0x4140
		0x40, 0x00, 0x60, 0xB2, 0x40, 0x38, 0xB9, 0x0D,
		0x53, 0x12, 0x42, 0xB8, 0x63, 0x92, 0x63, 0xE4, // 0x4150
		0x08, 0x20, 0x40, 0x3B, 0xAA, 0x0D, 0x17, 0x12,
		0x00, 0x36, 0x00, 0xE0, 0x6D, 0x09, 0x01, 0x74, // 0x4160
		0x44, 0xD8, 0x02, 0x50, 0x38, 0x8C, 0xFF, 0xE3,
		0x2D, 0xF6, 0x6C, 0x12, 0xDF, 0x38, 0x06, 0xC4, // 0x4170
		0x40, 0x0C, 0x00, 0xAB, 0x6A, 0x12, 0x44, 0xD8,
		0x02, 0x50, 0x05, 0x93, 0x38, 0x8C, 0x01, 0x74, // 0x4180
		0xFF, 0xE3, 0x20, 0xF6, 0x25, 0xD8, 0x22, 0x10,
		0xDF, 0x38, 0x06, 0xC4, 0x40, 0x0C, 0xC1, 0x74, // 0x4190
		0x49, 0x12, 0x64, 0xDC, 0xB9, 0x10, 0xC4, 0x64,
		0x41, 0x92, 0x43, 0xB8, 0x08, 0x08, 0x42, 0x98, // 0x41A0
		0x80, 0x37, 0x43, 0x92, 0xE6, 0x47, 0x9C, 0x68,
		0x40, 0x3A, 0x32, 0x0D, 0x01, 0x74, 0xE5, 0xD8, // 0x41B0
		0x23, 0x10, 0x45, 0xD8, 0x24, 0x10, 0xC9, 0x5F,
		0x81, 0x65, 0x2C, 0x09, 0xC3, 0x98, 0xC6, 0x4E, // 0x41C0
		0xC6, 0xE4, 0x03, 0x20, 0x40, 0x3E, 0x1C, 0x09,
		0xDC, 0x64, 0x83, 0x65, 0x65, 0xD8, 0x8C, 0x01, // 0x41D0
		0x8E, 0x65, 0x16, 0x0C, 0x58, 0x11, 0x26, 0x46,
		0x61, 0x92, 0x21, 0xE4, 0xC0, 0x20, 0x86, 0x3B, // 0x41E0
		0x87, 0x3B, 0xC4, 0x6C, 0x61, 0xB2, 0x62, 0x98,
		0xC5, 0xDC, 0x8C, 0x01, 0x11, 0x93, 0x00, 0xE0, // 0x41F0
		0x3B, 0x09, 0x44, 0xD8, 0xB9, 0x10, 0x5B, 0x6C,
		0x10, 0x11, 0xFF, 0xE3, 0x93, 0xE2, 0x67, 0x11, // 0x4200
		0x08, 0x32, 0xC0, 0x8B, 0x62, 0x98, 0x0E, 0x11,
		0x63, 0xD8, 0x28, 0x10, 0x8C, 0x65, 0x43, 0x64, // 0x4210
		0x04, 0x33, 0xFF, 0xE3, 0x4B, 0xE2, 0x40, 0x38,
		0x0A, 0x08, 0x06, 0xEB, 0xB3, 0x14, 0x13, 0x0C, // 0x4220
		0x61, 0x11, 0x67, 0x93, 0x63, 0xE4, 0x04, 0x20,
		0x40, 0x3B, 0x0D, 0x0C, 0x05, 0x30, 0x00, 0xE0, // 0x4230
		0x37, 0x09, 0x01, 0x30, 0xFF, 0xE3, 0x1A, 0xEE,
		0x06, 0x30, 0x00, 0xE0, 0x43, 0x12, 0x01, 0x11, // 0x4240
		0xFF, 0xE3, 0x70, 0xE2, 0x75, 0x10, 0x01, 0x8B,
		0x62, 0x8B, 0x0C, 0x64, 0xE5, 0x08, 0x0E, 0x60, // 0x4250
		0x72, 0x10, 0xFA, 0x31, 0x60, 0x8B, 0x0C, 0x7C,
		0x22, 0x41, 0x00, 0xE0, 0x6D, 0x1C, 0x83, 0x6D, // 0x4260
		0x75, 0x8D, 0x04, 0xD8, 0x63, 0x20, 0x63, 0xB8,
		0x32, 0x31, 0x62, 0x58, 0x64, 0xDC, 0x63, 0x20, // 0x4270
		0x00, 0xE0, 0xB0, 0x1D, 0x40, 0x38, 0x3F, 0x08,
		0x06, 0xEB, 0xD0, 0x07, 0x00, 0xC4, 0x01, 0x05, // 0x4280
		0x0A, 0x33, 0x0C, 0x32, 0xF0, 0x10, 0x1E, 0x5F,
		0xFF, 0xE3, 0x10, 0xE2, 0x40, 0x38, 0xC6, 0x0C, // 0x4290
		0x1C, 0x04, 0x00, 0x00, 0x08, 0x02, 0x00, 0x20,
		0xD0, 0x04, 0x00, 0x20, 0x00, 0x90, 0x00, 0x40, // 0x42A0
		0xD4, 0x08, 0x00, 0x20, 0x00, 0x30, 0x01, 0x40,
		0x04, 0x78, 0x00, 0x00, 0x00, 0x00, 0x00, 0x20, // 0x42B0
		0xFE, 0x08, 0x00, 0x20, 0x00, 0x40, 0x01, 0x40,
		0x21, 0x78, 0x00, 0x00, 0x50, 0x0A, 0x00, 0x20, // 0x42C0
		0x36, 0x78, 0x00, 0x00, 0x5C, 0x0A, 0x00, 0x20,
		0x62, 0x98, 0x32, 0x32, 0x80, 0x30, 0x44, 0xB3, // 0x42D0
		0x0B, 0x33, 0x0E, 0x40, 0x65, 0xDC, 0x90, 0x01,
		0x65, 0xD8, 0x40, 0x20, 0x63, 0xEC, 0x00, 0x10, // 0x42E0
		0x65, 0xDC, 0x40, 0x20, 0xFF, 0xE3, 0xC2, 0xED,
		0x0C, 0x30, 0x00, 0xE0, 0xEB, 0x11, 0x03, 0x01, // 0x42F0
		0xFF, 0xE3, 0x18, 0xE2, 0x62, 0x98, 0x63, 0x93,
		0x63, 0xE4, 0x20, 0x20, 0x40, 0x3B, 0x13, 0x0C, // 0x4300
		0x67, 0x01, 0x08, 0x32, 0x62, 0x8B, 0x07, 0x01,
		0x03, 0xEB, 0xAB, 0x0D, 0x43, 0x64, 0x04, 0x33, // 0x4310
		0xFF, 0xE3, 0xCC, 0xE1, 0x40, 0x38, 0x07, 0x0C,
		0x10, 0x30, 0xFF, 0xE3, 0xA7, 0xED, 0x0C, 0x01, // 0x4320
		0xFF, 0xE3, 0x00, 0xE2, 0x70, 0x01, 0x0D, 0x01,
		0x42, 0x8B, 0x62, 0x98, 0x63, 0xD8, 0x27, 0x10, // 0x4330
		0x8C, 0x64, 0x43, 0x64, 0x04, 0x33, 0x08, 0x32,
		0xFF, 0xE3, 0xB8, 0xE1, 0x40, 0x38, 0x13, 0x0C, // 0x4340
		0x62, 0x98, 0x32, 0x32, 0x04, 0x30, 0x44, 0xB3,
		0x0B, 0x33, 0x65, 0xDC, 0x90, 0x01, 0x65, 0xD8, // 0x4350
		0x40, 0x20, 0x63, 0xEC, 0x00, 0x10, 0x65, 0xDC,
		0x40, 0x20, 0x00, 0xE0, 0xB3, 0x11, 0x02, 0x30, // 0x4360
		0xFF, 0xE3, 0x84, 0xED, 0x60, 0x02, 0x08, 0x32,
		0xE3, 0xD8, 0x03, 0x50, 0x62, 0x98, 0x27, 0xEB, // 0x4370
		0x4C, 0x04, 0xC3, 0xD8, 0x5E, 0x00, 0x43, 0x64,
		0x04, 0x33, 0x01, 0x02, 0xFF, 0xE3, 0x96, 0xE1, // 0x4380
		0x40, 0x38, 0x16, 0x0C, 0x68, 0x02, 0x03, 0x02,
		0x23, 0xD8, 0x03, 0x50, 0xFF, 0xE3, 0xCA, 0xE1, // 0x4390
		0x62, 0x98, 0x32, 0x32, 0x0A, 0x30, 0x44, 0xB3,
		0x03, 0x33, 0x65, 0xDC, 0x90, 0x01, 0x65, 0xD8, // 0x43A0
		0x40, 0x20, 0x63, 0xEC, 0x00, 0x10, 0x65, 0xDC,
		0x40, 0x20, 0x00, 0xE0, 0x8B, 0x11, 0x0A, 0x33, // 0x43B0
		0x8C, 0x7D, 0x08, 0x32, 0xD9, 0x65, 0x00, 0xC4,
		0x01, 0x05, 0x04, 0x33, 0x10, 0x02, 0xFF, 0xE3, // 0x43C0
		0x75, 0xE1, 0x40, 0x38, 0x0A, 0x0C, 0x78, 0x02,
		0x14, 0x02, 0x23, 0xD8, 0x03, 0x50, 0xFF, 0xE3, // 0x43D0
		0xA9, 0xE1, 0x20, 0x30, 0xFF, 0xE3, 0x4A, 0xED,
		0x44, 0xD8, 0x7A, 0x20, 0x7E, 0x02, 0x40, 0x3A, // 0x43E0
		0x60, 0x8B, 0x58, 0x08, 0x03, 0xEB, 0xE8, 0x03,
		0x40, 0xE8, 0xA9, 0xFB, 0x01, 0x33, 0x5B, 0x02, // 0x43F0
		0x64, 0xDC, 0x7A, 0x20, 0x61, 0x92, 0x04, 0x23,
		0x61, 0xB2, 0x00, 0xE8, 0xA0, 0xFB, 0x43, 0x3E, // 0x4400
		0xE6, 0x0A, 0x69, 0x59, 0xC1, 0x64, 0x01, 0x33,
		0xC3, 0xC4, 0x40, 0x0C, 0xE0, 0x06, 0x03, 0x36, // 0x4410
		0xDE, 0x06, 0x00, 0x36, 0xDC, 0x06, 0x00, 0x36,
		0x24, 0x07, 0x06, 0xEB, 0xB8, 0x0B, 0x00, 0xC4, // 0x4420
		0x01, 0x05, 0x06, 0x33, 0x08, 0x32, 0x07, 0xE4,
		0x0F, 0x00, 0xFF, 0xE3, 0x3F, 0xE1, 0x40, 0x38, // 0x4430
		0x4C, 0x0B, 0x06, 0xEB, 0xA0, 0x0F, 0x00, 0xC4,
		0x01, 0x05, 0x04, 0x33, 0x06, 0x32, 0x07, 0xE4, // 0x4440
		0x17, 0x00, 0xFF, 0xE3, 0x33, 0xE1, 0x40, 0x38,
		0x40, 0x0B, 0x06, 0xEB, 0x88, 0x13, 0x00, 0xC4, // 0x4450
		0x01, 0x05, 0x03, 0x33, 0x05, 0x32, 0x07, 0xE4,
		0x1F, 0x00, 0xFF, 0xE3, 0x27, 0xE1, 0x40, 0x38, // 0x4460
		0x34, 0x0B, 0x06, 0xEB, 0x70, 0x17, 0x00, 0xC4,
		0x01, 0x05, 0x02, 0x33, 0x04, 0x32, 0x07, 0xE4, // 0x4470
		0x27, 0x00, 0xFF, 0xE3, 0x1B, 0xE1, 0x40, 0x38,
		0x28, 0x0B, 0x63, 0x98, 0x04, 0x32, 0x8C, 0x65, // 0x4480
		0x43, 0x64, 0x02, 0x33, 0x07, 0xE4, 0x2F, 0x00,
		0xFF, 0xE3, 0x10, 0xE1, 0x40, 0x38, 0x1D, 0x0B, // 0x4490
		0x32, 0x07, 0x03, 0xEB, 0x1F, 0x03, 0x60, 0xE8,
		0x52, 0xFB, 0x00, 0x33, 0x58, 0x13, 0x64, 0xDC, // 0x44A0
		0x7A, 0x20, 0x61, 0x92, 0x04, 0x2B, 0xA9, 0x07,
		0x6E, 0x13, 0x00, 0x32, 0x40, 0xAB, 0x00, 0x33, // 0x44B0
		0x64, 0xDC, 0xB9, 0x10, 0x00, 0xE8, 0x43, 0xFB,
		0x21, 0xE4, 0x04, 0x20, 0x40, 0x39, 0x40, 0xE8, // 0x44C0
		0x3E, 0xFB, 0x10, 0x13, 0x00, 0x35, 0x00, 0xE0,
		0xB7, 0x07, 0x01, 0x74, 0x44, 0xD8, 0x02, 0x50, // 0x44D0
		0x38, 0x8C, 0xC4, 0x13, 0xFF, 0xE3, 0x76, 0xF4,
		0x6B, 0x13, 0xDF, 0x38, 0x05, 0xC4, 0x40, 0x0C, // 0x44E0
		0x00, 0xAE, 0x44, 0xD8, 0x02, 0x50, 0x05, 0x93,
		0x38, 0x8C, 0x01, 0x74, 0xFF, 0xE3, 0x6A, 0xF4, // 0x44F0
		0xDF, 0x38, 0x05, 0xC4, 0x40, 0x0C, 0xA5, 0x13,
		0x04, 0xDC, 0xB9, 0x10, 0x63, 0x95, 0x63, 0xE4, // 0x4500
		0x20, 0x20, 0x40, 0x3B, 0x40, 0xE8, 0x1B, 0xFB,
		0x40, 0x8E, 0x65, 0xD8, 0x50, 0x11, 0x00, 0x13, // 0x4510
		0x8C, 0x64, 0x43, 0x64, 0x04, 0x33, 0x08, 0x32,
		0xFF, 0xE3, 0xC8, 0xE0, 0x40, 0x38, 0x13, 0x0C, // 0x4520
		0x00, 0xE0, 0x82, 0x02, 0x64, 0x95, 0x63, 0xEC,
		0x00, 0x80, 0x64, 0xB5, 0x01, 0x30, 0x0A, 0x33, // 0x4530
		0x65, 0xDC, 0xB0, 0x02, 0xFF, 0xE3, 0x9A, 0xEC,
		0x04, 0x30, 0x00, 0xE0, 0xC3, 0x10, 0x15, 0x12, // 0x4540
		0xFF, 0xE3, 0xF0, 0xE0, 0x42, 0x8E, 0x65, 0xD8,
		0x4E, 0x11, 0x13, 0x12, 0xC8, 0x64, 0x43, 0x64, // 0x4550
		0x04, 0x33, 0x08, 0x32, 0xFF, 0xE3, 0xAA, 0xE0,
		0x40, 0x38, 0x10, 0x0C, 0x64, 0x95, 0xB1, 0x3B, // 0x4560
		0x64, 0xB5, 0x10, 0x30, 0x0A, 0x33, 0x65, 0xDC,
		0xB0, 0x02, 0xFF, 0xE3, 0x7F, 0xEC, 0x07, 0x30, // 0x4570
		0x00, 0xE0, 0xA8, 0x10, 0x09, 0x12, 0xFF, 0xE3,
		0xD5, 0xE0, 0x42, 0x8E, 0x65, 0xD8, 0x4F, 0x11, // 0x4580
		0x07, 0x12, 0x8C, 0x64, 0x43, 0x64, 0x04, 0x33,
		0x08, 0x32, 0xFF, 0xE3, 0x8F, 0xE0, 0x40, 0x38, // 0x4590
		0x0D, 0x0C, 0x64, 0x95, 0xB0, 0x3B, 0x64, 0xB5,
		0x02, 0x30, 0x0A, 0x33, 0x65, 0xDC, 0xB0, 0x02, // 0x45A0
		0xFF, 0xE3, 0x64, 0xEC, 0x03, 0x30, 0x00, 0xE0,
		0x8D, 0x10, 0xE6, 0xD8, 0x03, 0x50, 0x04, 0x33, // 0x45B0
		0x27, 0xEB, 0x40, 0x06, 0x43, 0x64, 0x08, 0x32,
		0x1A, 0x11, 0xC5, 0xD8, 0xB7, 0x02, 0xFF, 0xE3, // 0x45C0
		0x75, 0xE0, 0x40, 0x38, 0x0D, 0x0C, 0x64, 0x95,
		0xB3, 0x3B, 0x64, 0xB5, 0x40, 0x30, 0x0A, 0x33, // 0x45D0
		0x65, 0xDC, 0xB0, 0x02, 0xFF, 0xE3, 0x4A, 0xEC,
		0x08, 0x30, 0x00, 0xE0, 0x73, 0x10, 0x0A, 0x33, // 0x45E0
		0x8C, 0x7D, 0x08, 0x32, 0xD9, 0x65, 0x00, 0xC4,
		0x01, 0x05, 0x04, 0x33, 0x0E, 0x11, 0xFF, 0xE3, // 0x45F0
		0x5D, 0xE0, 0x40, 0x38, 0x40, 0xE8, 0xA3, 0xFA,
		0x20, 0x30, 0xFF, 0xE3, 0x37, 0xEC, 0x00, 0xE8, // 0x4600
		0x9E, 0xFA, 0x00, 0x33, 0x00, 0xE8, 0xCD, 0xFA,
		0x00, 0x36, 0x00, 0xE8, 0x4B, 0xFB, 0x06, 0xEB, // 0x4610
		0xD0, 0x07, 0x00, 0xC4, 0x01, 0x05, 0x09, 0x33,
		0x0B, 0x32, 0x1E, 0x5D, 0xFF, 0xE3, 0x46, 0xE0, // 0x4620
		0x40, 0x38, 0x60, 0xE8, 0x4C, 0xFB, 0x06, 0xEB,
		0xC4, 0x09, 0x00, 0xC4, 0x01, 0x05, 0x06, 0x33, // 0x4630
		0x08, 0x32, 0x05, 0xE4, 0x0F, 0x00, 0xFF, 0xE3,
		0x39, 0xE0, 0x40, 0x38, 0x60, 0xE8, 0x3F, 0xFB, // 0x4640
		0x00, 0xE8, 0x46, 0xFB, 0x00, 0x33, 0x64, 0xDC,
		0x3E, 0x02, 0x00, 0xE8, 0xF2, 0xFB, 0xF9, 0x30, // 0x4650
		0x00, 0xE8, 0x80, 0xFC, 0x40, 0x38, 0x36, 0x0F,
		0x00, 0xE8, 0x78, 0xFD, 0x40, 0x78, 0x00, 0x00, // 0x4660
		0xD0, 0x04, 0x00, 0x20, 0x94, 0x0A, 0x00, 0x20,
		0x5A, 0x78, 0x00, 0x00, 0x9C, 0x0A, 0x00, 0x20, // 0x4670
		0xA4, 0x0A, 0x00, 0x20, 0x69, 0x78, 0x00, 0x00,
		0xAC, 0x0A, 0x00, 0x20, 0x00, 0x30, 0x01, 0x40, // 0x4680
		0xFE, 0x08, 0x00, 0x20, 0x00, 0x90, 0x00, 0x40,
		0x08, 0x02, 0x00, 0x20, 0xB8, 0x0A, 0x00, 0x20, // 0x4690
		0x73, 0x78, 0x00, 0x00, 0xC0, 0x0A, 0x00, 0x20,
		0x89, 0x78, 0x00, 0x00, 0xC8, 0x0A, 0x00, 0x20, // 0x46A0
		0xD0, 0x0A, 0x00, 0x20, 0xD8, 0x0A, 0x00, 0x20,
		0xC1, 0x14, 0x71, 0x10, 0x06, 0x32, 0x7C, 0x31, // 0x46B0
		0x00, 0x30, 0x00, 0x2A, 0x03, 0xDC, 0x74, 0x00,
		0x40, 0x3A, 0x00, 0x30, 0x04, 0xB3, 0xC4, 0x60, // 0x46C0
		0xF8, 0x0B, 0x4C, 0x10, 0x13, 0x22, 0x60, 0x92,
		0x20, 0x93, 0x8E, 0x64, 0x02, 0x08, 0x81, 0x14, // 0x46D0
		0x00, 0x34, 0x03, 0xE4, 0x23, 0x10, 0x80, 0xA8,
		0x01, 0x93, 0x80, 0x93, 0x01, 0xB4, 0x80, 0xB0, // 0x46E0
		0x00, 0x30, 0x00, 0xB3, 0x01, 0xB3, 0xC7, 0x6C,
		0x20, 0x91, 0xF0, 0x07, 0xE0, 0x05, 0x00, 0x20, // 0x46F0
		0x08, 0x02, 0x00, 0x20, 0x7C, 0x00, 0x44, 0x93,
		0x42, 0xEC, 0x04, 0x04, 0x44, 0xB3, 0x4A, 0x93, // 0x4700
		0x42, 0xEC, 0x00, 0x01, 0x4A, 0xB3, 0x51, 0x93,
		0x42, 0xEC, 0x00, 0x01, 0x51, 0xB3, 0x58, 0x93, // 0x4710
		0x42, 0xEC, 0x00, 0x01, 0x58, 0xB3, 0x5F, 0x93,
		0x42, 0xEC, 0x00, 0x01, 0x5F, 0xB3, 0x3C, 0x78, // 0x4720
		0xD0, 0x14, 0x66, 0x01, 0x63, 0xD8, 0x8D, 0x20,
		0xCD, 0x7B, 0xFF, 0xE3, 0xBF, 0xFF, 0x03, 0x31, // 0x4730
		0x09, 0x01, 0xFF, 0xE3, 0x84, 0xDE, 0x90, 0x14,
		0xD3, 0x14, 0x03, 0x6D, 0xA0, 0x80, 0x17, 0x6C, // 0x4740
		0xFF, 0xE3, 0xDA, 0xDF, 0x83, 0x6D, 0x57, 0x6C,
		0x0E, 0x01, 0x01, 0x26, 0xA2, 0x5C, 0xFF, 0xE3, // 0x4750
		0xE9, 0xDF, 0x18, 0x61, 0xD0, 0x01, 0x16, 0x65,
		0x05, 0x08, 0x10, 0x01, 0xFF, 0xE3, 0xE2, 0xDF, // 0x4760
		0x93, 0x14, 0x20, 0x85, 0x1B, 0x6C, 0x00, 0x25,
		0xFF, 0xE3, 0xDC, 0xDF, 0xF5, 0x07, 0xD4, 0x14, // 0x4770
		0x28, 0x14, 0x9A, 0x01, 0x64, 0xE4, 0x23, 0x01,
		0xE4, 0xD8, 0x49, 0x20, 0xDE, 0x64, 0x76, 0x0C, // 0x4780
		0xB9, 0x01, 0x67, 0xE4, 0x23, 0x10, 0xC5, 0xD8,
		0xA8, 0x01, 0x63, 0xB8, 0x62, 0x4E, 0x5B, 0x01, // 0x4790
		0x63, 0xE4, 0x0C, 0x20, 0xC8, 0x60, 0x60, 0x93,
		0x2A, 0x30, 0x0C, 0x7C, 0x3E, 0x01, 0xC6, 0xE4, // 0x47A0
		0x40, 0x20, 0x00, 0xE0, 0xBD, 0x1A, 0x7F, 0x01,
		0x40, 0x3E, 0x62, 0x8B, 0x64, 0xDC, 0x54, 0x11, // 0x47B0
		0x5F, 0x0C, 0xC0, 0x60, 0xCD, 0x74, 0x65, 0xDC,
		0xBB, 0x10, 0x67, 0xE4, 0x23, 0x10, 0x04, 0x83, // 0x47C0
		0xCE, 0x5B, 0xFF, 0xE3, 0x99, 0xDF, 0x00, 0x33,
		0x00, 0xB8, 0x22, 0x58, 0x1B, 0x6C, 0x00, 0x32, // 0x47D0
		0x00, 0x2A, 0x00, 0x29, 0x86, 0x64, 0x4E, 0x08,
		0x20, 0x98, 0x47, 0xE4, 0x1F, 0x10, 0x84, 0x60, // 0x47E0
		0x61, 0xA2, 0x16, 0x33, 0xC4, 0x7C, 0x2B, 0x23,
		0x64, 0xDC, 0x4C, 0x11, 0x00, 0x33, 0x5B, 0x6D, // 0x47F0
		0x64, 0xDC, 0x4D, 0x11, 0x72, 0x02, 0x67, 0xB8,
		0x00, 0x33, 0x65, 0xB8, 0x66, 0xB8, 0xC7, 0x6C, // 0x4800
		0x01, 0x23, 0xD8, 0x60, 0x64, 0xB8, 0x64, 0x98,
		0x05, 0x1A, 0x4E, 0x65, 0x06, 0x1B, 0x36, 0x08, // 0x4810
		0x01, 0x31, 0x07, 0x18, 0x00, 0xE0, 0xAF, 0x17,
		0x10, 0x30, 0x00, 0xE0, 0xD0, 0x0F, 0x7B, 0x02, // 0x4820
		0x40, 0x93, 0x84, 0x3A, 0x85, 0x3A, 0x42, 0xEC,
		0x0C, 0x00, 0x40, 0xB3, 0x40, 0x93, 0x42, 0xE4, // 0x4830
		0x00, 0x21, 0x40, 0x3A, 0xFC, 0x0B, 0x40, 0x93,
		0x42, 0xEC, 0x40, 0x00, 0x40, 0xB3, 0x20, 0x31, // 0x4840
		0x03, 0x03, 0x00, 0xE0, 0xCB, 0x05, 0x40, 0x98,
		0x5B, 0x6C, 0x05, 0x03, 0xFF, 0xE3, 0xC1, 0xE2, // 0x4850
		0x1B, 0x6C, 0xFF, 0xE3, 0x73, 0xFF, 0x61, 0x97,
		0x40, 0x97, 0x61, 0xB2, 0x40, 0xB3, 0x00, 0x33, // 0x4860
		0x00, 0x32, 0x60, 0xB7, 0x61, 0xB7, 0x63, 0x98,
		0x40, 0xAB, 0x08, 0x14, 0x94, 0x14, 0xC2, 0x60, // 0x4870
		0xA2, 0x07, 0xA0, 0x80, 0xD5, 0x6C, 0x00, 0x20,
		0xAD, 0x07, 0x00, 0x31, 0x07, 0x18, 0x00, 0xE0, // 0x4880
		0x7A, 0x17, 0x00, 0x33, 0x62, 0xB8, 0x61, 0xB8,
		0x61, 0x98, 0x80, 0x85, 0x0E, 0x71, 0x84, 0xE4, // 0x4890
		0x01, 0x20, 0x53, 0x6C, 0x06, 0x1B, 0x05, 0x1A,
		0x07, 0x18, 0x00, 0xE0, 0x6C, 0x17, 0x62, 0x98, // 0x48A0
		0xD0, 0x60, 0x62, 0xB8, 0x61, 0x98, 0x00, 0x23,
		0x48, 0x3B, 0x61, 0xB8, 0xEE, 0x0B, 0x62, 0x98, // 0x48B0
		0x23, 0xE4, 0x01, 0x20, 0x05, 0x1A, 0x06, 0x1B,
		0x07, 0x18, 0x00, 0xE0, 0x5C, 0x17, 0x01, 0x31, // 0x48C0
		0x06, 0x1B, 0x05, 0x1A, 0x07, 0x18, 0x00, 0x25,
		0x00, 0xE0, 0x55, 0x17, 0x9D, 0x07, 0xD3, 0x14, // 0x48D0
		0x6D, 0x13, 0x81, 0x48, 0x63, 0x93, 0x63, 0xE4,
		0x04, 0x20, 0x11, 0x75, 0x40, 0x3B, 0x43, 0x6D, // 0x48E0
		0x87, 0x6D, 0x81, 0xC4, 0x20, 0x84, 0x15, 0x0C,
		0xFF, 0x31, 0x00, 0xE0, 0x25, 0x19, 0x70, 0x13, // 0x48F0
		0x00, 0x32, 0x42, 0xB3, 0x81, 0xB3, 0x00, 0x61,
		0x11, 0x75, 0x04, 0xB3, 0x83, 0xB3, 0xA5, 0xB3, // 0x4900
		0x40, 0x93, 0x42, 0xEC, 0x08, 0x00, 0x40, 0xB3,
		0x67, 0x13, 0xC6, 0xA3, 0xA2, 0xAB, 0x93, 0x14, // 0x4910
		0x00, 0x31, 0xFE, 0x29, 0x00, 0xE0, 0x10, 0x19,
		0x65, 0x13, 0x10, 0x60, 0x01, 0x74, 0x02, 0xB3, // 0x4920
		0x81, 0xB3, 0x00, 0x61, 0x11, 0x75, 0x84, 0xB3,
		0xA3, 0xB3, 0xEA, 0x07, 0xD4, 0x14, 0x23, 0x14, // 0x4930
		0xBA, 0x12, 0x01, 0x13, 0x25, 0xD8, 0x6E, 0x10,
		0x00, 0x21, 0x00, 0xE0, 0xFD, 0x18, 0x7A, 0x12, // 0x4940
		0xC2, 0x8B, 0x80, 0x8B, 0x50, 0x58, 0x98, 0x64,
		0x97, 0x6C, 0x03, 0x0C, 0x81, 0x5E, 0x11, 0x75, // 0x4950
		0xE6, 0x83, 0xA2, 0xD8, 0xD1, 0x00, 0x62, 0xD8,
		0xDE, 0x00, 0x4C, 0x5D, 0xC9, 0x65, 0x03, 0x0C, // 0x4960
		0xAD, 0x5F, 0x54, 0x75, 0x14, 0x12, 0x22, 0x5C,
		0x00, 0xE0, 0xE6, 0x18, 0x22, 0x5E, 0x02, 0xB8, // 0x4970
		0x11, 0x12, 0x00, 0xE0, 0xE1, 0x18, 0x31, 0x12,
		0x83, 0x6C, 0x20, 0x89, 0x62, 0x98, 0xA1, 0xB8, // 0x4980
		0xE0, 0xB8, 0x0F, 0x12, 0xFF, 0xE3, 0xCE, 0xDE,
		0x80, 0x30, 0x05, 0x40, 0x00, 0xE0, 0xA7, 0x0E, // 0x4990
		0x04, 0x30, 0x00, 0xE0, 0x14, 0x0F, 0x57, 0x6C,
		0x13, 0x6C, 0xFF, 0xE3, 0x9A, 0xFF, 0x01, 0x30, // 0x49A0
		0xFF, 0xE3, 0xBC, 0xE1, 0x03, 0x14, 0x94, 0x14,
		0xD4, 0x14, 0x23, 0x14, 0xFE, 0x11, 0x9B, 0x11, // 0x49B0
		0x01, 0x12, 0x24, 0xD8, 0x6E, 0x10, 0x00, 0x21,
		0x00, 0xE0, 0xBE, 0x18, 0x21, 0x8F, 0xA2, 0x8F, // 0x49C0
		0xE6, 0x87, 0x14, 0x60, 0x04, 0x64, 0x01, 0xC4,
		0x20, 0x0C, 0x84, 0xD8, 0xDE, 0x00, 0xFF, 0x33, // 0x49D0
		0xD2, 0x60, 0xCD, 0x65, 0x81, 0x75, 0x25, 0x08,
		0x1C, 0x61, 0x10, 0x75, 0x22, 0x58, 0x16, 0x11, // 0x49E0
		0x00, 0xE0, 0xAA, 0x18, 0x22, 0x5D, 0x02, 0xB8,
		0x13, 0x11, 0x00, 0xE0, 0xA5, 0x18, 0x33, 0x11, // 0x49F0
		0x83, 0x6C, 0x20, 0x89, 0x62, 0x98, 0x81, 0xB8,
		0xE0, 0xB8, 0x12, 0x11, 0xFF, 0xE3, 0x92, 0xDE, // 0x4A00
		0x80, 0x30, 0x05, 0x40, 0x00, 0xE0, 0x73, 0x0E,
		0x04, 0x30, 0x00, 0xE0, 0xD2, 0x0E, 0x53, 0x6C, // 0x4A10
		0x1B, 0x6C, 0xFF, 0xE3, 0x5E, 0xFF, 0x00, 0x30,
		0xFF, 0xE3, 0x80, 0xE1, 0x03, 0x14, 0x94, 0x14, // 0x4A20
		0xFF, 0x34, 0xDD, 0x07, 0xD2, 0x14, 0x21, 0x14,
		0x67, 0x11, 0x28, 0x11, 0x40, 0x93, 0x84, 0x68, // 0x4A30
		0x40, 0xB3, 0x27, 0x11, 0x43, 0x93, 0x84, 0x68,
		0x43, 0xB3, 0x9B, 0x10, 0xB7, 0x10, 0x43, 0x93, // 0x4A40
		0x97, 0x3A, 0x43, 0xB3, 0x6F, 0x10, 0x44, 0x93,
		0x82, 0x3A, 0x8A, 0x3A, 0x44, 0xB3, 0x4A, 0x93, // 0x4A50
		0x88, 0x3A, 0x4A, 0xB3, 0x51, 0x93, 0x88, 0x3A,
		0x51, 0xB3, 0x58, 0x93, 0x88, 0x3A, 0x58, 0xB3, // 0x4A60
		0x5F, 0x93, 0x88, 0x3A, 0x5F, 0xB3, 0xFF, 0xE3,
		0x21, 0xFE, 0x26, 0x84, 0x65, 0xD8, 0xD1, 0x00, // 0x4A70
		0x4C, 0x64, 0x2F, 0x0C, 0x4E, 0x10, 0x60, 0x92,
		0x87, 0x3B, 0x60, 0xB2, 0x01, 0x14, 0x92, 0x14, // 0x4A80
		0x00, 0xD0, 0x01, 0x40, 0x08, 0x02, 0x00, 0x20,
		0x7E, 0x47, 0x00, 0x00, 0xCE, 0x7A, 0x00, 0x00, // 0x4A90
		0xD7, 0x7A, 0x00, 0x00, 0x7A, 0x7C, 0x00, 0x00,
		0x00, 0x00, 0x00, 0x20, 0x78, 0x7D, 0x00, 0x00, // 0x4AA0
		0xA0, 0x86, 0x01, 0x00, 0x00, 0x02, 0x00, 0x20,
		0x40, 0x04, 0x00, 0x20, 0x00, 0x30, 0x00, 0x40, // 0x4AB0
		0x40, 0x01, 0x00, 0x20, 0xA0, 0x68, 0x06, 0x00,
		0xD0, 0x04, 0x00, 0x20, 0xDB, 0x7A, 0x00, 0x00, // 0x4AC0
		0xF6, 0x7A, 0x00, 0x00, 0x00, 0x30, 0x01, 0x40,
		0xDB, 0xAE, 0xFF, 0xFF, 0xBF, 0xEF, 0xFF, 0xF7, // 0x4AD0
		0x04, 0x29, 0x02, 0x8C, 0x44, 0x74, 0x26, 0xA4,
		0xFF, 0xE3, 0xFB, 0xFE, 0x19, 0x33, 0x60, 0xB8, // 0x4AE0
		0x60, 0x98, 0x43, 0x5B, 0x40, 0x3B, 0x40, 0xB8,
		0xC1, 0x0F, 0x03, 0x6C, 0xFA, 0x07, 0xD4, 0x14, // 0x4AF0
		0x2D, 0x14, 0x01, 0x30, 0xBD, 0x00, 0x00, 0xE0,
		0x62, 0x0E, 0x00, 0x33, 0x9E, 0x00, 0x28, 0x32, // 0x4B00
		0x65, 0xDC, 0xB2, 0x02, 0x65, 0xDC, 0xB5, 0x02,
		0x20, 0x01, 0x7F, 0x00, 0x03, 0x18, 0x60, 0x93, // 0x4B10
		0x65, 0xDC, 0xB1, 0x20, 0x00, 0x33, 0xC1, 0x01,
		0x64, 0xDC, 0x44, 0x20, 0x05, 0x33, 0x64, 0xDC, // 0x4B20
		0xA1, 0x01, 0x00, 0xE0, 0x8F, 0x17, 0x63, 0x95,
		0x63, 0xE4, 0x02, 0x20, 0x40, 0x3B, 0x5F, 0x0C, // 0x4B30
		0x42, 0x8E, 0x64, 0xD8, 0x6B, 0x10, 0x8C, 0x64,
		0x60, 0x08, 0x04, 0x30, 0x00, 0xE0, 0x39, 0x0E, // 0x4B40
		0x00, 0x30, 0xFF, 0xE3, 0xEB, 0xE0, 0x80, 0x30,
		0x05, 0x40, 0x00, 0xE0, 0xD0, 0x0D, 0x0A, 0x33, // 0x4B50
		0xE2, 0x8E, 0x00, 0x36, 0x64, 0xDC, 0xD1, 0x00,
		0x03, 0x1B, 0x40, 0x8B, 0x9C, 0x64, 0x04, 0x0C, // 0x4B60
		0x41, 0x8B, 0xC8, 0x65, 0x06, 0x08, 0x00, 0x26,
		0x98, 0x75, 0x07, 0x23, 0x44, 0x3E, 0xF6, 0x0B, // 0x4B70
		0x03, 0x46, 0x03, 0x1A, 0x80, 0x60, 0x60, 0x8A,
		0x21, 0x8A, 0xDC, 0x64, 0x49, 0x0C, 0xC4, 0x65, // 0x4B80
		0x87, 0x6C, 0x47, 0xC4, 0x40, 0x0C, 0x8E, 0x60,
		0x42, 0xB8, 0x03, 0x1A, 0x08, 0x60, 0x43, 0x88, // 0x4B90
		0x02, 0x88, 0x41, 0xB8, 0x0A, 0x60, 0x42, 0x98,
		0x08, 0x7C, 0x4E, 0x60, 0x00, 0xE0, 0xCC, 0x17, // 0x4BA0
		0x02, 0xEA, 0x21, 0x01, 0x61, 0x98, 0x45, 0xDC,
		0x53, 0x11, 0xB5, 0x32, 0x5F, 0x6C, 0x0C, 0x60, // 0x4BB0
		0xC0, 0xB8, 0xC0, 0x74, 0x43, 0x42, 0x08, 0x02,
		0xC8, 0x02, 0x64, 0xDC, 0xC2, 0x00, 0xFF, 0xE3, // 0x4BC0
		0xB1, 0xDD, 0x49, 0x02, 0x09, 0x02, 0x60, 0x92,
		0x63, 0xEC, 0x80, 0x00, 0x60, 0xB2, 0xFF, 0xE3, // 0x4BD0
		0xA9, 0xDD, 0x24, 0xD8, 0xD1, 0x00, 0x05, 0xD8,
		0x53, 0x11, 0xFF, 0xE3, 0x7A, 0xFE, 0x66, 0x86, // 0x4BE0
		0x24, 0xD8, 0xC2, 0x00, 0x4C, 0x64, 0x16, 0x0C,
		0x0D, 0x14, 0x94, 0x14, 0x64, 0xD8, 0xD4, 0x00, // 0x4BF0
		0x63, 0xE4, 0x01, 0x20, 0x40, 0x3B, 0xA2, 0x0B,
		0x04, 0x30, 0x00, 0xE0, 0xE0, 0x0D, 0x01, 0x30, // 0x4C00
		0xFF, 0xE3, 0x8C, 0xE0, 0x80, 0x30, 0x05, 0x40,
		0x00, 0xE0, 0x69, 0x0D, 0xA1, 0x07, 0x00, 0x32, // 0x4C10
		0xBC, 0x07, 0x04, 0x23, 0xC5, 0x64, 0x61, 0xC4,
		0x40, 0x0C, 0x4C, 0x74, 0x05, 0xD8, 0x53, 0x11, // 0x4C20
		0x26, 0xA6, 0xFF, 0xE3, 0x56, 0xFE, 0x19, 0x33,
		0x63, 0xB8, 0x63, 0x98, 0x43, 0x5B, 0x40, 0x3B, // 0x4C30
		0x43, 0xB8, 0xD6, 0x0F, 0x03, 0x6C, 0xFA, 0x07,
		0xC3, 0x14, 0x00, 0x32, 0xAC, 0x03, 0x26, 0x03, // 0x4C40
		0x7C, 0x34, 0xC0, 0x95, 0x82, 0xC4, 0x23, 0x84,
		0x00, 0x22, 0x46, 0x3A, 0xC4, 0x60, 0xC2, 0xB3, // 0x4C50
		0x03, 0xB3, 0xF8, 0x0B, 0x83, 0x14, 0xD4, 0x14,
		0x24, 0x14, 0x8D, 0x03, 0xF7, 0x03, 0x00, 0x36, // 0x4C60
		0x67, 0xE4, 0x13, 0x00, 0x80, 0xB8, 0x63, 0xB8,
		0x7C, 0x32, 0x60, 0x98, 0x98, 0x7C, 0x8C, 0x60, // 0x4C70
		0x20, 0x92, 0x61, 0x92, 0xC6, 0x64, 0x27, 0x0C,
		0x3E, 0x33, 0x20, 0x92, 0xD8, 0x7C, 0xC4, 0x60, // 0x4C80
		0x20, 0x98, 0x09, 0x23, 0x61, 0x43, 0xC4, 0x60,
		0x20, 0x8B, 0x60, 0x92, 0x00, 0x23, 0x63, 0xE4, // 0x4C90
		0x1F, 0x20, 0x60, 0xB2, 0x61, 0xE4, 0x7C, 0x10,
		0x03, 0xEB, 0xF9, 0x00, 0x14, 0x0D, 0x21, 0xE4, // 0x4CA0
		0x76, 0x11, 0x01, 0xEB, 0x77, 0x01, 0x1B, 0x0D,
		0x00, 0x33, 0x64, 0xDC, 0x74, 0x00, 0x00, 0x33, // 0x4CB0
		0x5E, 0x04, 0x0F, 0x0C, 0x64, 0xD8, 0x74, 0x00,
		0x00, 0x23, 0xCC, 0x74, 0x04, 0x3B, 0x0B, 0x08, // 0x4CC0
		0x64, 0xDC, 0x74, 0x00, 0x00, 0x26, 0x46, 0x3E,
		0x7B, 0x24, 0xCF, 0x0B, 0x04, 0x14, 0x94, 0x14, // 0x4CD0
		0x00, 0x33, 0xF7, 0x07, 0x00, 0x33, 0x64, 0xDC,
		0x74, 0x00, 0x64, 0xDC, 0x78, 0x00, 0x64, 0xDC, // 0x4CE0
		0x7A, 0x00, 0x01, 0x33, 0x44, 0x04, 0xEF, 0x0B,
		0x64, 0xDC, 0x75, 0x00, 0x64, 0xDC, 0x76, 0x00, // 0x4CF0
		0x64, 0xDC, 0x77, 0x00, 0x64, 0xDC, 0x79, 0x00,
		0x04, 0x32, 0x02, 0x33, 0x64, 0xB4, 0x67, 0xD8, // 0x4D00
		0xB0, 0x02, 0x01, 0x2B, 0xC8, 0x64, 0x0B, 0x0C,
		0x60, 0x13, 0x20, 0x98, 0x40, 0x93, 0x7C, 0x33, // 0x4D10
		0xD8, 0x7C, 0xC4, 0x60, 0x42, 0xB3, 0x07, 0x32,
		0x43, 0xB3, 0xD5, 0x07, 0x00, 0xEA, 0xDC, 0x05, // 0x4D20
		0xFF, 0xE3, 0x8C, 0xFF, 0xD0, 0x07, 0x64, 0xD8,
		0x75, 0x00, 0x03, 0x0C, 0x40, 0x3B, 0x21, 0x0C, // 0x4D30
		0x40, 0x3B, 0x44, 0xD8, 0x76, 0x00, 0x10, 0x0C,
		0x00, 0x33, 0x24, 0xD8, 0x77, 0x00, 0x64, 0xDC, // 0x4D40
		0x75, 0x00, 0x01, 0x33, 0xC8, 0x70, 0xC4, 0x6C,
		0x64, 0xDC, 0x77, 0x00, 0x64, 0xD8, 0x79, 0x00, // 0x4D50
		0x00, 0x23, 0x64, 0xDC, 0x79, 0x00, 0x00, 0x22,
		0x44, 0xDC, 0x76, 0x00, 0x64, 0xD8, 0x76, 0x00, // 0x4D60
		0x48, 0x3B, 0xB1, 0x0B, 0x00, 0x33, 0x64, 0xDC,
		0x76, 0x00, 0x03, 0x33, 0x64, 0xB4, 0xAB, 0x07, // 0x4D70
		0x01, 0x33, 0x64, 0xDC, 0x75, 0x00, 0xF3, 0x07,
		0x64, 0xD8, 0x75, 0x00, 0x03, 0x0C, 0x40, 0x3B, // 0x4D80
		0x9E, 0x0C, 0x40, 0x3B, 0x09, 0x0C, 0x00, 0x33,
		0x64, 0xDC, 0x75, 0x00, 0x64, 0xD8, 0x79, 0x00, // 0x4D90
		0x00, 0x23, 0x64, 0xDC, 0x79, 0x00, 0x64, 0xD8,
		0x79, 0x00, 0x63, 0xE4, 0x01, 0x20, 0x40, 0x3B, // 0x4DA0
		0x5F, 0x0C, 0xA4, 0xD8, 0x78, 0x00, 0x04, 0x33,
		0x1F, 0x3D, 0x64, 0xB4, 0x51, 0x08, 0x40, 0x3D, // 0x4DB0
		0x24, 0xD8, 0x77, 0x00, 0x09, 0x08, 0x07, 0x6C,
		0x21, 0xB8, 0xFF, 0xE3, 0x9D, 0xDC, 0x01, 0x20, // 0x4DC0
		0x04, 0xDC, 0x7B, 0x00, 0x21, 0x98, 0x42, 0x5D,
		0xC8, 0x74, 0x40, 0x98, 0x61, 0xB8, 0x6E, 0xD8, // 0x4DD0
		0x04, 0x00, 0x64, 0xDC, 0x78, 0x00, 0x7C, 0x33,
		0xD8, 0x7C, 0xC8, 0x60, 0x4C, 0x61, 0x25, 0xDC, // 0x4DE0
		0x54, 0x00, 0x41, 0x98, 0x64, 0xD8, 0x7A, 0x00,
		0x62, 0xB8, 0xC5, 0x6C, 0x64, 0xDC, 0x7A, 0x00, // 0x4DF0
		0x64, 0xD8, 0x7B, 0x00, 0x8E, 0x64, 0x2C, 0x08,
		0x64, 0x11, 0x40, 0x98, 0x60, 0x93, 0x62, 0xDC, // 0x4E00
		0xBA, 0x20, 0x01, 0x33, 0x2C, 0x32, 0x8C, 0x7C,
		0x07, 0x11, 0x80, 0x60, 0x40, 0x8A, 0xA3, 0x5B, // 0x4E10
		0x40, 0x3A, 0x22, 0x08, 0x2C, 0x33, 0x01, 0x32,
		0x4C, 0x7D, 0x74, 0x5F, 0x4E, 0xAB, 0x42, 0x98, // 0x4E20
		0x2F, 0x20, 0x86, 0x64, 0x83, 0x64, 0x62, 0xB8,
		0x4F, 0xAB, 0x41, 0x98, 0x24, 0xE4, 0x53, 0x00, // 0x4E30
		0x14, 0x60, 0xFF, 0xE3, 0xCE, 0xDF, 0x46, 0x97,
		0x7C, 0x10, 0x23, 0x98, 0x4C, 0x61, 0x62, 0x98, // 0x4E40
		0xA6, 0xB7, 0x30, 0xB3, 0x51, 0xB3, 0xA0, 0xB2,
		0x08, 0x30, 0x00, 0xE0, 0xB8, 0x0C, 0x00, 0x33, // 0x4E50
		0x64, 0xDC, 0x79, 0x00, 0x38, 0x07, 0x00, 0x23,
		0x47, 0x3B, 0xD5, 0x0B, 0xF6, 0x07, 0x00, 0x33, // 0x4E60
		0x64, 0xB4, 0xF6, 0x07, 0x64, 0xD8, 0x75, 0x00,
		0x03, 0x0C, 0x40, 0x3B, 0x28, 0x0C, 0x40, 0x3B, // 0x4E70
		0x00, 0x33, 0x1D, 0x0C, 0x64, 0xDC, 0x75, 0x00,
		0x35, 0x07, 0x00, 0x00, 0x08, 0x02, 0x00, 0x20, // 0x4E80
		0x00, 0x00, 0x00, 0x20, 0x88, 0x7D, 0x00, 0x00,
		0xF0, 0x04, 0x00, 0x20, 0xD0, 0x04, 0x00, 0x20, // 0x4E90
		0x11, 0x7B, 0x00, 0x00, 0x00, 0x02, 0x00, 0x20,
		0x00, 0x30, 0x00, 0x40, 0x2C, 0x7B, 0x00, 0x00, // 0x4EA0
		0xE0, 0x05, 0x00, 0x20, 0xF8, 0x01, 0x00, 0x20,
		0x48, 0x02, 0x00, 0x20, 0x64, 0xDC, 0x76, 0x00, // 0x4EB0
		0x64, 0xDC, 0x77, 0x00, 0x64, 0xDC, 0x79, 0x00,
		0x02, 0x33, 0x59, 0x07, 0x01, 0x33, 0x64, 0xDC, // 0x4EC0
		0x75, 0x00, 0x01, 0x07, 0x01, 0x33, 0x04, 0x94,
		0x04, 0x38, 0xFD, 0x0A, 0x40, 0x3B, 0x00, 0xE0, // 0x4ED0
		0xA7, 0x17, 0xF0, 0xFE, 0x0A, 0xFF, 0x2A, 0xFF,
		0x53, 0xFF, 0xC9, 0xFF, 0x00, 0x33, 0xF4, 0x07, // 0x4EE0
		0xC2, 0x14, 0x7C, 0x32, 0x9B, 0x13, 0x80, 0x7C,
		0x3E, 0x35, 0x90, 0x60, 0x61, 0x92, 0x14, 0x7C, // 0x4EF0
		0x0C, 0x60, 0x60, 0xE4, 0x09, 0x00, 0x01, 0x43,
		0x61, 0x92, 0x10, 0x60, 0x00, 0x23, 0x63, 0xE4, // 0x4F00
		0x1F, 0x20, 0x20, 0xA8, 0x61, 0xB2, 0x82, 0x14,
		0xD3, 0x14, 0x03, 0x6D, 0xA0, 0x80, 0x17, 0x6C, // 0x4F10
		0xFF, 0xE3, 0xF2, 0xDB, 0x83, 0x6D, 0x57, 0x6C,
		0x0F, 0x13, 0x01, 0x26, 0xA2, 0x5C, 0xFF, 0xE3, // 0x4F20
		0x01, 0xDC, 0x18, 0x61, 0xCD, 0x13, 0x16, 0x65,
		0x05, 0x08, 0x0D, 0x13, 0xFF, 0xE3, 0xFA, 0xDB, // 0x4F30
		0x93, 0x14, 0x20, 0x85, 0x1B, 0x6C, 0x00, 0x25,
		0xFF, 0xE3, 0xF4, 0xDB, 0xF5, 0x07, 0xD4, 0x14, // 0x4F40
		0xC8, 0x13, 0xA9, 0x13, 0x20, 0x8E, 0x45, 0xD8,
		0x4A, 0x10, 0x88, 0x13, 0x84, 0x64, 0x75, 0x0C, // 0x4F50
		0x00, 0x33, 0x64, 0xDC, 0x5D, 0x00, 0x65, 0xD8,
		0x8C, 0x00, 0x43, 0xE4, 0x01, 0x20, 0x40, 0x3A, // 0x4F60
		0x79, 0x0C, 0x43, 0xE4, 0x02, 0x20, 0x00, 0x30,
		0x40, 0x3A, 0x03, 0x32, 0x02, 0xC4, 0x40, 0x0C, // 0x4F70
		0x43, 0xE4, 0x04, 0x20, 0x40, 0x3A, 0x03, 0x0C,
		0x00, 0xEC, 0x0C, 0x00, 0x63, 0xE4, 0x08, 0x20, // 0x4F80
		0x40, 0x3B, 0x03, 0x0C, 0x00, 0xEC, 0x60, 0x00,
		0xFF, 0xE3, 0xDE, 0xDE, 0x65, 0xD8, 0x8C, 0x00, // 0x4F90
		0x23, 0xE4, 0xF1, 0x20, 0x76, 0x12, 0x02, 0x30,
		0x41, 0x93, 0x62, 0xE4, 0x03, 0x20, 0x40, 0x3B, // 0x4FA0
		0x60, 0xC4, 0x40, 0x0C, 0x02, 0xE4, 0x0C, 0x20,
		0x40, 0x38, 0x03, 0x0C, 0x63, 0xEC, 0x04, 0x00, // 0x4FB0
		0x42, 0xE4, 0x60, 0x20, 0x40, 0x3A, 0x03, 0x0C,
		0x63, 0xEC, 0x08, 0x00, 0xC4, 0x6C, 0x80, 0x32, // 0x4FC0
		0x65, 0xDC, 0x8C, 0x00, 0x46, 0x42, 0x63, 0x94,
		0xC8, 0x68, 0x40, 0x3B, 0x06, 0x08, 0x63, 0x94, // 0x4FD0
		0x63, 0xE4, 0x00, 0x21, 0x40, 0x3B, 0x07, 0x0C,
		0x64, 0x33, 0x64, 0x30, 0x64, 0xDC, 0x5D, 0x00, // 0x4FE0
		0xFF, 0xE3, 0x4B, 0xDD, 0xC4, 0xD8, 0x24, 0x00,
		0x1B, 0x6C, 0xFF, 0xE3, 0x85, 0xDB, 0x40, 0x75, // 0x4FF0
		0x3E, 0x11, 0x00, 0x30, 0x00, 0x33, 0x42, 0x5D,
		0x00, 0x2B, 0x00, 0x2A, 0xCA, 0x64, 0x00, 0x21, // 0x5000
		0x64, 0x08, 0x74, 0x5C, 0x03, 0xDC, 0x25, 0x00,
		0x01, 0x30, 0xC4, 0xDC, 0x59, 0x00, 0x00, 0xE0, // 0x5010
		0xD6, 0x0B, 0x00, 0x33, 0x03, 0x32, 0x67, 0xB4,
		0x75, 0x11, 0x01, 0x25, 0xA6, 0xB4, 0x45, 0xB3, // 0x5020
		0x40, 0x93, 0x42, 0xEC, 0x03, 0x00, 0x40, 0xB3,
		0x0C, 0x32, 0x43, 0xB3, 0x00, 0xE0, 0xEA, 0x01, // 0x5030
		0x10, 0x11, 0xFF, 0xE3, 0x6B, 0xFF, 0x94, 0x14,
		0x64, 0xD8, 0x5D, 0x00, 0x86, 0x60, 0xCA, 0x60, // 0x5040
		0xDF, 0x3B, 0x03, 0x0C, 0x00, 0x30, 0x6D, 0x58,
		0x2A, 0x3B, 0x86, 0x0B, 0x44, 0xDC, 0x5D, 0x00, // 0x5050
		0x83, 0x07, 0x01, 0xEB, 0xC7, 0x00, 0x19, 0x08,
		0x62, 0x8E, 0x03, 0xEB, 0x57, 0x1B, 0x0E, 0x08, // 0x5060
		0x3C, 0x33, 0x64, 0xDC, 0x5D, 0x00, 0x04, 0xD8,
		0x5D, 0x00, 0xFF, 0xE3, 0x06, 0xDD, 0x64, 0xD8, // 0x5070
		0x54, 0x00, 0x0A, 0x3B, 0x0C, 0x08, 0x0C, 0x30,
		0x88, 0x07, 0x03, 0xEB, 0xC7, 0x32, 0x03, 0x08, // 0x5080
		0x32, 0x33, 0xF0, 0x07, 0x1E, 0x33, 0xEE, 0x07,
		0x00, 0x33, 0xEC, 0x07, 0x61, 0x8E, 0x03, 0xEB, // 0x5090
		0x27, 0x23, 0x12, 0x08, 0x60, 0x8E, 0x03, 0xEB,
		0xDB, 0x05, 0x12, 0x08, 0x0F, 0x30, 0xFF, 0xE3, // 0x50A0
		0x53, 0xDE, 0x63, 0x94, 0x63, 0xE4, 0x00, 0x21,
		0x40, 0x3B, 0x71, 0x0F, 0x80, 0x30, 0x04, 0x40, // 0x50B0
		0x6C, 0x07, 0x03, 0x30, 0xF5, 0x07, 0x03, 0xEB,
		0x97, 0x3A, 0xFC, 0x0B, 0x60, 0x8E, 0x03, 0xEB, // 0x50C0
		0xB7, 0x0B, 0xF8, 0x0B, 0x0C, 0x30, 0xEC, 0x07,
		0xE1, 0xD8, 0x23, 0x00, 0x1D, 0x6C, 0x96, 0x07, // 0x50D0
		0xE0, 0x05, 0x00, 0x20, 0x3A, 0x7B, 0x00, 0x00,
		0xD7, 0x7A, 0x00, 0x00, 0x7A, 0x7C, 0x00, 0x00, // 0x50E0
		0xD0, 0x04, 0x00, 0x20, 0x00, 0x00, 0x00, 0x20,
		0x08, 0x02, 0x00, 0x20, 0x00, 0xC0, 0x01, 0x40, // 0x50F0
		0x2C, 0x02, 0x00, 0x20, 0xD4, 0x14, 0x24, 0x14,
		0x6F, 0x02, 0x43, 0xD8, 0xD1, 0x00, 0x02, 0xEB, // 0x5100
		0x63, 0x00, 0x05, 0x08, 0x43, 0xD8, 0xC2, 0x00,
		0x43, 0xDC, 0xD1, 0x00, 0x93, 0x02, 0x44, 0xD8, // 0x5110
		0x07, 0x40, 0x4B, 0x6C, 0xDF, 0x3A, 0x42, 0xB8,
		0x03, 0x0C, 0x00, 0x32, 0x86, 0x60, 0x24, 0x3A, // 0x5120
		0x04, 0x35, 0x01, 0x32, 0x45, 0xC4, 0x20, 0x0C,
		0x40, 0xB8, 0x59, 0x02, 0x22, 0xD8, 0xBC, 0x42, // 0x5130
		0x41, 0xB8, 0x20, 0x39, 0x15, 0x08, 0x04, 0xD8,
		0x68, 0x11, 0x44, 0xD8, 0x70, 0x11, 0x80, 0x64, // 0x5140
		0x0A, 0x08, 0x41, 0x98, 0x43, 0x92, 0x94, 0x68,
		0x40, 0x3A, 0x0A, 0x08, 0x44, 0xD8, 0x71, 0x11, // 0x5150
		0x80, 0x64, 0x06, 0x0C, 0x00, 0x32, 0x43, 0xDC,
		0xB4, 0x01, 0x04, 0x14, 0x94, 0x14, 0x05, 0x74, // 0x5160
		0xC4, 0xD8, 0x75, 0x11, 0x43, 0x6D, 0x04, 0xD8,
		0x72, 0x11, 0x14, 0x60, 0x5B, 0x75, 0x03, 0x74, // 0x5170
		0xE2, 0x8C, 0x15, 0x64, 0x46, 0x84, 0x04, 0xDC,
		0x72, 0x11, 0x04, 0x0C, 0xC4, 0xDC, 0x72, 0x11, // 0x5180
		0x06, 0x04, 0xC4, 0xD8, 0x76, 0x11, 0x5B, 0x75,
		0x41, 0x65, 0xF9, 0x0B, 0xC4, 0xD8, 0x74, 0x11, // 0x5190
		0x04, 0xD8, 0x72, 0x11, 0x18, 0x7C, 0x45, 0x75,
		0xC4, 0xD8, 0x73, 0x11, 0x58, 0x7D, 0x40, 0x61, // 0x51A0
		0x17, 0x74, 0xA1, 0x98, 0x04, 0xDC, 0x77, 0x11,
		0xA3, 0x95, 0xA5, 0xE4, 0x02, 0x20, 0x40, 0x3D, // 0x51B0
		0x62, 0x0C, 0xA1, 0x98, 0xA3, 0x95, 0xA5, 0xE4,
		0x04, 0x20, 0x40, 0x3D, 0xA4, 0xD8, 0x6A, 0x11, // 0x51C0
		0x55, 0x75, 0x29, 0x0C, 0x05, 0xEB, 0x7C, 0x15,
		0x6E, 0x0C, 0x00, 0x35, 0x0E, 0x2D, 0x45, 0x65, // 0x51D0
		0x6A, 0x0C, 0xBD, 0x13, 0x41, 0x65, 0x67, 0x0C,
		0xA4, 0xD8, 0x68, 0x11, 0x05, 0xEB, 0x50, 0x00, // 0x51E0
		0x12, 0x0C, 0x00, 0x8C, 0xC0, 0x65, 0x5F, 0x0C,
		0x03, 0xD8, 0xD1, 0x00, 0x80, 0x64, 0x05, 0x0C, // 0x51F0
		0x00, 0x30, 0x1E, 0x28, 0x05, 0x64, 0x07, 0x08,
		0x96, 0x30, 0x80, 0x64, 0x54, 0x0C, 0x05, 0xEB, // 0x5200
		0xC8, 0x00, 0x51, 0x08, 0x32, 0x32, 0x43, 0xDC,
		0xD1, 0x00, 0xFF, 0xE3, 0xCF, 0xFB, 0x00, 0x33, // 0x5210
		0x67, 0xA4, 0xA4, 0x07, 0x05, 0xEB, 0x1F, 0x1C,
		0x46, 0x08, 0x20, 0xEB, 0xE7, 0x03, 0x43, 0x08, // 0x5220
		0x04, 0xD8, 0x68, 0x11, 0x00, 0xEB, 0x2B, 0x01,
		0x03, 0x0C, 0x2F, 0x39, 0x1E, 0x0C, 0xA1, 0x8C, // 0x5230
		0x5C, 0x65, 0x0F, 0x0C, 0x42, 0xEB, 0xFF, 0x00,
		0x36, 0x08, 0x00, 0xEB, 0xF3, 0x01, 0x07, 0x0C, // 0x5240
		0x27, 0x39, 0x13, 0x0C, 0x07, 0xEB, 0x4E, 0x01,
		0x0A, 0x08, 0x2D, 0x04, 0x3F, 0x39, 0xFA, 0x07, // 0x5250
		0x07, 0xEB, 0x4E, 0x01, 0x28, 0x0C, 0x42, 0xEB,
		0xFF, 0x00, 0x25, 0x08, 0x00, 0xEB, 0xC7, 0x00, // 0x5260
		0x22, 0x0C, 0x21, 0xEB, 0x2F, 0x00, 0x1F, 0x08,
		0x64, 0x32, 0x43, 0xDC, 0xD1, 0x00, 0xFF, 0xE3, // 0x5270
		0x5F, 0xFB, 0xCE, 0x07, 0x01, 0x98, 0x03, 0x90,
		0x00, 0xE4, 0x04, 0x20, 0x40, 0x38, 0x07, 0x0C, // 0x5280
		0x03, 0xD8, 0xD4, 0x00, 0x00, 0xE4, 0x02, 0x20,
		0x40, 0x38, 0xC0, 0x0B, 0x01, 0x98, 0x03, 0x90, // 0x5290
		0x00, 0xE4, 0x04, 0x20, 0x40, 0x38, 0x07, 0x08,
		0x03, 0xD8, 0xD4, 0x00, 0x00, 0xE4, 0x02, 0x20, // 0x52A0
		0x40, 0x38, 0xE6, 0x0F, 0x01, 0x98, 0x03, 0x90,
		0x00, 0xE4, 0x00, 0x21, 0x40, 0x38, 0x56, 0x0B, // 0x52B0
		0x02, 0x98, 0xE3, 0xB8, 0x20, 0x38, 0x8B, 0x6D,
		0x62, 0x08, 0x03, 0xD8, 0x44, 0x20, 0x14, 0x38, // 0x52C0
		0x06, 0x08, 0x04, 0xD8, 0x68, 0x11, 0x00, 0xEB,
		0x2C, 0x01, 0x3B, 0x0C, 0x1F, 0x11, 0x80, 0x35, // 0x52D0
		0x03, 0x90, 0xB0, 0x45, 0x14, 0x68, 0x40, 0x38,
		0x34, 0x08, 0x61, 0x98, 0x6D, 0x2A, 0xE3, 0xD8, // 0x52E0
		0xB6, 0x02, 0x89, 0x74, 0xDD, 0x74, 0x8C, 0x64,
		0x02, 0x08, 0xCB, 0x6D, 0x18, 0x11, 0xDD, 0x75, // 0x52F0
		0x21, 0x8C, 0x00, 0x21, 0x00, 0xE0, 0x20, 0x14,
		0x83, 0x6C, 0xDF, 0x6C, 0x24, 0xD8, 0x68, 0x11, // 0x5300
		0x14, 0x11, 0xFF, 0xE3, 0x0F, 0xDA, 0x5C, 0x74,
		0x00, 0x8C, 0xFF, 0xE3, 0xE2, 0xFA, 0xFF, 0xE3, // 0x5310
		0x00, 0xDC, 0x4E, 0x11, 0x63, 0x92, 0xB7, 0x3B,
		0x63, 0xB2, 0x67, 0x84, 0x40, 0x98, 0xCA, 0x60, // 0x5320
		0x67, 0xA4, 0x6E, 0xD8, 0x06, 0x10, 0x0D, 0x74,
		0x58, 0x74, 0xFF, 0xE3, 0xD2, 0xFA, 0x64, 0xD8, // 0x5330
		0x07, 0x40, 0x40, 0x3B, 0x13, 0x0F, 0x02, 0x31,
		0x07, 0x11, 0xFF, 0xE3, 0x80, 0xD8, 0x0E, 0x07, // 0x5340
		0x42, 0xEB, 0xFF, 0x00, 0x13, 0x08, 0xA1, 0x8C,
		0x5E, 0x65, 0x06, 0x08, 0x00, 0x32, 0x23, 0xDC, // 0x5350
		0xB4, 0x01, 0x47, 0xA4, 0x03, 0x07, 0x00, 0x98,
		0x1C, 0x60, 0x40, 0x65, 0x05, 0xC4, 0x40, 0x0C, // 0x5360
		0x03, 0xB8, 0x00, 0x32, 0x43, 0xDC, 0xB4, 0x01,
		0xD9, 0x07, 0xFF, 0x31, 0x00, 0x98, 0x01, 0x59, // 0x5370
		0x80, 0x64, 0xC0, 0x98, 0x88, 0x61, 0xC1, 0xC4,
		0x20, 0x0C, 0xF4, 0x07, 0x02, 0x98, 0x40, 0x38, // 0x5380
		0xEA, 0x0E, 0x00, 0x8C, 0x1E, 0x64, 0x11, 0x08,
		0x03, 0xD8, 0xD1, 0x00, 0x0A, 0x64, 0xDF, 0x0F, // 0x5390
		0x40, 0x98, 0x8A, 0x61, 0x80, 0x65, 0xC0, 0xC4,
		0x40, 0x0C, 0x00, 0x32, 0x43, 0xDC, 0xB4, 0x01, // 0x53A0
		0x60, 0x98, 0x42, 0x98, 0xC8, 0x60, 0xBD, 0x07,
		0x23, 0x98, 0x40, 0x98, 0xA9, 0x59, 0x40, 0x65, // 0x53B0
		0xA0, 0xC4, 0x40, 0x0C, 0xA3, 0xB8, 0xF2, 0x07,
		0x00, 0x00, 0x00, 0x20, 0x00, 0x02, 0x00, 0x20, // 0x53C0
		0x08, 0x02, 0x00, 0x20, 0x19, 0xFC, 0xFF, 0xFF,
		0x00, 0x30, 0x01, 0x40, 0xA0, 0x68, 0x06, 0x00, // 0x53D0
		0x17, 0x79, 0x00, 0x00, 0x04, 0x51, 0x00, 0x00,
		0x40, 0x60, 0x42, 0x64, 0x02, 0x08, 0x3C, 0x78, // 0x53E0
		0x00, 0x33, 0x60, 0xA0, 0x00, 0x20, 0xFA, 0x07,
		0x72, 0x00, 0x40, 0x93, 0x80, 0x3A, 0x40, 0xB3, // 0x53F0
		0x40, 0x93, 0x81, 0x3A, 0x40, 0xB3, 0x40, 0x93,
		0x42, 0xEC, 0x01, 0x00, 0x40, 0xB3, 0x3C, 0x78, // 0x5400
		0xC1, 0x14, 0x57, 0x00, 0x37, 0x00, 0x40, 0x34,
		0x67, 0x92, 0x06, 0x92, 0x0C, 0x64, 0x06, 0x0C, // 0x5410
		0x0E, 0x64, 0xC3, 0x64, 0x00, 0x23, 0x60, 0xB1,
		0x81, 0x14, 0x02, 0x91, 0x10, 0x68, 0x40, 0x38, // 0x5420
		0x08, 0x08, 0x02, 0x5B, 0x07, 0xB2, 0xC8, 0x60,
		0x63, 0xD8, 0x24, 0x00, 0x64, 0xB1, 0xED, 0x07, // 0x5430
		0x01, 0x33, 0xF2, 0x07, 0xD2, 0x14, 0x00, 0x33,
		0x00, 0x34, 0x00, 0x32, 0xA0, 0xE4, 0x27, 0x00, // 0x5440
		0x00, 0x2A, 0x20, 0x88, 0x01, 0x20, 0x84, 0x64,
		0x41, 0xC4, 0x20, 0x0C, 0x50, 0x64, 0x81, 0xC4, // 0x5450
		0x20, 0x0C, 0x16, 0x64, 0xC4, 0x60, 0xF6, 0x0B,
		0x12, 0x31, 0x11, 0x5B, 0x0A, 0x60, 0x00, 0xE0, // 0x5460
		0x5F, 0x14, 0x92, 0x14, 0xC1, 0x14, 0x4E, 0x01,
		0x42, 0xE4, 0xF3, 0x02, 0x60, 0x92, 0x20, 0x93, // 0x5470
		0x8E, 0x64, 0x11, 0x0C, 0x0F, 0x2B, 0x83, 0x93,
		0x12, 0x64, 0x0E, 0x08, 0x41, 0x93, 0x20, 0x93, // 0x5480
		0x4A, 0x60, 0x32, 0x32, 0x01, 0xEB, 0x32, 0x00,
		0x40, 0xB3, 0x86, 0x60, 0x00, 0x31, 0x41, 0xC4, // 0x5490
		0x40, 0x0C, 0x41, 0xB3, 0x81, 0x14, 0xC7, 0x6C,
		0x20, 0x91, 0xEB, 0x07, 0xD2, 0x14, 0x21, 0x14, // 0x54A0
		0x9D, 0x01, 0x43, 0x6D, 0x64, 0xD8, 0xF0, 0x20,
		0x40, 0x3B, 0x2F, 0x08, 0x80, 0x30, 0x04, 0x40, // 0x54B0
		0xFF, 0xE3, 0x4A, 0xDC, 0x08, 0x30, 0x00, 0xE0,
		0x7C, 0x09, 0x10, 0x30, 0x00, 0xE0, 0x7F, 0x09, // 0x54C0
		0x80, 0x30, 0x0D, 0x40, 0xFF, 0xE3, 0xD2, 0xE4,
		0x01, 0x33, 0x64, 0xDC, 0xF0, 0x20, 0x64, 0xD8, // 0x54D0
		0xBC, 0x20, 0x32, 0x33, 0x66, 0xB4, 0x69, 0x02,
		0x43, 0xD8, 0x40, 0x20, 0x42, 0xEC, 0x00, 0x10, // 0x54E0
		0xA3, 0xDC, 0x90, 0x01, 0x43, 0xDC, 0x40, 0x20,
		0xFA, 0x33, 0x60, 0xB8, 0x60, 0x98, 0x43, 0x5B, // 0x54F0
		0x40, 0x3B, 0x40, 0xB8, 0x0C, 0x08, 0x70, 0x02,
		0x30, 0x02, 0x40, 0x93, 0x84, 0x68, 0x40, 0xB3, // 0x5500
		0x31, 0x02, 0x43, 0x93, 0x84, 0x68, 0x43, 0xB3,
		0x01, 0x14, 0x92, 0x14, 0x03, 0x6C, 0xEF, 0x07, // 0x5510
		0xD4, 0x14, 0xCE, 0xE5, 0x1B, 0x12, 0x90, 0x32,
		0x36, 0x02, 0x03, 0x18, 0x00, 0xE0, 0x92, 0x12, // 0x5520
		0xC0, 0x32, 0x9C, 0x02, 0x41, 0x42, 0x38, 0x02,
		0x27, 0x18, 0x00, 0xE0, 0x8B, 0x12, 0x64, 0xD8, // 0x5530
		0x9F, 0x01, 0xA3, 0x03, 0x6E, 0xDC, 0x08, 0x00,
		0x64, 0xD8, 0x9E, 0x01, 0x80, 0xB8, 0x6E, 0xDC, // 0x5540
		0x09, 0x00, 0x64, 0xD8, 0x9D, 0x01, 0x6E, 0xDC,
		0x0A, 0x00, 0x64, 0xD8, 0x9C, 0x01, 0x6E, 0xDC, // 0x5550
		0x0B, 0x00, 0x03, 0xEA, 0xF3, 0x01, 0xCE, 0x6C,
		0x65, 0xDC, 0x5F, 0x11, 0x64, 0xD8, 0xA8, 0x41, // 0x5560
		0xDF, 0x3B, 0x3E, 0x0C, 0xE4, 0xD8, 0xCD, 0x10,
		0xC2, 0x98, 0x00, 0x33, 0x03, 0x1A, 0x00, 0x8A, // 0x5570
		0x4C, 0x74, 0xC2, 0x65, 0x31, 0x08, 0x01, 0x92,
		0x18, 0x68, 0x82, 0x92, 0x02, 0x65, 0x2C, 0x08, // 0x5580
		0x64, 0x43, 0x03, 0x1A, 0xC8, 0x60, 0x66, 0x8B,
		0x65, 0xDC, 0x5F, 0x11, 0x45, 0xD8, 0x5F, 0x51, // 0x5590
		0x12, 0x03, 0xD9, 0x03, 0xFF, 0xE3, 0xC6, 0xD8,
		0x01, 0x33, 0x66, 0xDC, 0x73, 0x11, 0x66, 0xDC, // 0x55A0
		0x74, 0x11, 0x00, 0x33, 0x66, 0xDC, 0x72, 0x11,
		0x03, 0xEA, 0xE7, 0x03, 0xCE, 0x6C, 0x66, 0xDC, // 0x55B0
		0x76, 0x11, 0xFA, 0x33, 0x62, 0x43, 0x66, 0xDC,
		0x75, 0x11, 0xE1, 0x33, 0x63, 0x43, 0x66, 0xDC, // 0x55C0
		0x70, 0x11, 0x66, 0xDC, 0x71, 0x11, 0x60, 0x98,
		0x63, 0xD8, 0x55, 0x10, 0x65, 0xDC, 0x50, 0x11, // 0x55D0
		0xCE, 0xE5, 0x1B, 0x02, 0x94, 0x14, 0x00, 0x23,
		0x49, 0x3B, 0x0F, 0x22, 0xC9, 0x0B, 0x60, 0x98, // 0x55E0
		0xC2, 0x98, 0x63, 0xD8, 0xCD, 0x10, 0x61, 0xB8,
		0x10, 0x37, 0x00, 0x33, 0x27, 0x1A, 0x00, 0x8A, // 0x55F0
		0x81, 0x98, 0x4C, 0x74, 0x02, 0x65, 0x09, 0x08,
		0x01, 0x92, 0x18, 0x68, 0x82, 0x92, 0x02, 0x65, // 0x5600
		0x04, 0x08, 0x64, 0x43, 0x27, 0x1A, 0xBF, 0x07,
		0x00, 0x23, 0x58, 0x3B, 0x9C, 0x60, 0xF0, 0x0B, // 0x5610
		0x18, 0x31, 0xBD, 0x07, 0xD2, 0x14, 0x86, 0x13,
		0x64, 0x13, 0xA4, 0xD8, 0xB5, 0x10, 0x63, 0xD8, // 0x5620
		0x69, 0x11, 0x4E, 0x61, 0xDF, 0x3D, 0x17, 0x6C,
		0x03, 0x0C, 0x00, 0x30, 0x16, 0x60, 0x20, 0xEB, // 0x5630
		0xA0, 0x00, 0x0F, 0x08, 0x07, 0x40, 0x01, 0xEA,
		0x88, 0x13, 0x00, 0xE0, 0x7D, 0x12, 0xDF, 0x3D, // 0x5640
		0xC3, 0x6C, 0x0E, 0x0C, 0x20, 0xEB, 0x7F, 0x00,
		0x1A, 0x0C, 0x00, 0x30, 0x0E, 0x60, 0x0D, 0x04, // 0x5650
		0x20, 0xEB, 0x50, 0x00, 0x17, 0x0C, 0x34, 0x38,
		0xC3, 0x64, 0xDF, 0x3D, 0xF7, 0x0B, 0x23, 0xEB, // 0x5660
		0x7F, 0x00, 0x7F, 0x30, 0x03, 0xC4, 0x40, 0x0C,
		0x02, 0x74, 0x64, 0xD8, 0x7A, 0x20, 0x63, 0xE4, // 0x5670
		0x01, 0x20, 0x40, 0x3B, 0x00, 0x33, 0x03, 0xC4,
		0x40, 0x0C, 0x92, 0x14, 0x00, 0x30, 0x7E, 0x28, // 0x5680
		0xF5, 0x07, 0x02, 0x33, 0xEB, 0x07, 0xD0, 0x14,
		0x68, 0x12, 0x43, 0xD8, 0xF1, 0x20, 0x40, 0x3A, // 0x5690
		0x22, 0x0C, 0x45, 0x93, 0x42, 0xE4, 0x80, 0x20,
		0x3E, 0x5B, 0x40, 0x3A, 0x1C, 0x08, 0x44, 0x12, // 0x56A0
		0x03, 0xD8, 0x69, 0x11, 0x62, 0xD8, 0x20, 0x10,
		0xC0, 0x64, 0x15, 0x0C, 0x63, 0x91, 0x63, 0xE4, // 0x56B0
		0x05, 0x20, 0x40, 0x3B, 0x10, 0x08, 0x25, 0x12,
		0x80, 0x30, 0x61, 0x91, 0x63, 0xEC, 0x00, 0x80, // 0x56C0
		0x61, 0xB1, 0x00, 0x33, 0x62, 0xDC, 0x8D, 0x01,
		0x00, 0xE0, 0x79, 0x08, 0x20, 0x12, 0x01, 0x12, // 0x56D0
		0xFF, 0xE3, 0x28, 0xD8, 0x90, 0x14, 0xD2, 0x14,
		0x74, 0x11, 0x4F, 0x6D, 0x43, 0xD8, 0xF2, 0x20, // 0x56E0
		0x40, 0x3A, 0x05, 0x0C, 0x00, 0x32, 0x43, 0xDC,
		0xF2, 0x20, 0x92, 0x14, 0x43, 0xD8, 0xF3, 0x20, // 0x56F0
		0x40, 0x3A, 0x3A, 0x0C, 0x43, 0xD8, 0xD0, 0x03,
		0x97, 0x11, 0x45, 0x42, 0x90, 0x60, 0x20, 0x92, // 0x5700
		0x03, 0xD8, 0xF5, 0x20, 0x04, 0x68, 0x40, 0x38,
		0x09, 0x0C, 0x21, 0xE4, 0x10, 0x20, 0x40, 0x39, // 0x5710
		0xED, 0x0F, 0x00, 0x32, 0x43, 0xDC, 0xF3, 0x20,
		0xE9, 0x07, 0x23, 0xD8, 0xD8, 0x03, 0x01, 0x39, // 0x5720
		0x0B, 0x08, 0x00, 0x32, 0x00, 0x21, 0x43, 0xDC,
		0xF3, 0x20, 0x01, 0x32, 0x23, 0xDC, 0xD8, 0x03, // 0x5730
		0x43, 0xDC, 0xF7, 0x20, 0xDB, 0x07, 0x07, 0x92,
		0xFF, 0xE3, 0x98, 0xE3, 0xFF, 0xE3, 0xDF, 0xE1, // 0x5740
		0x65, 0xD8, 0xD0, 0x03, 0x65, 0x43, 0xD0, 0x60,
		0x64, 0x93, 0x40, 0x3B, 0x02, 0x0C, 0xCD, 0x7B, // 0x5750
		0x65, 0xD8, 0xD0, 0x03, 0x65, 0x43, 0x0C, 0x61,
		0x41, 0x94, 0x3D, 0x10, 0x7F, 0x10, 0x00, 0x11, // 0x5760
		0xFF, 0xE3, 0xE0, 0xD7, 0xC3, 0x07, 0x07, 0x23,
		0x63, 0x93, 0x63, 0xE4, 0x00, 0x28, 0x40, 0x3B, // 0x5770
		0xBD, 0x0F, 0x80, 0x30, 0x03, 0x40, 0xFF, 0xE3,
		0x79, 0xE3, 0x1A, 0x10, 0xFF, 0xE3, 0xD2, 0xD7, // 0x5780
		0xB5, 0x07, 0xD4, 0x14, 0x36, 0x14, 0x10, 0x32,
		0x37, 0x10, 0x43, 0x6D, 0x04, 0x18, 0x00, 0xE0, // 0x5790
		0x59, 0x11, 0x10, 0x32, 0x35, 0x10, 0x3B, 0x6C,
		0x2A, 0x04, 0x00, 0x00, 0x00, 0x10, 0x01, 0x40, // 0x57A0
		0x08, 0x02, 0x00, 0x20, 0x00, 0xC0, 0x01, 0x40,
		0x00, 0x02, 0x00, 0x20, 0x00, 0x00, 0x00, 0x20, // 0x57B0
		0x00, 0x30, 0x01, 0x40, 0xDB, 0xAE, 0xFF, 0xFF,
		0xBF, 0xEF, 0xFF, 0xF7, 0xFC, 0x68, 0x00, 0x00, // 0x57C0
		0x8C, 0x69, 0x00, 0x00, 0x2F, 0x79, 0x00, 0x00,
		0x00, 0x40, 0x01, 0x40, 0x0C, 0x6B, 0x00, 0x00, // 0x57D0
		0x3F, 0x79, 0x00, 0x00, 0x14, 0x6B, 0x00, 0x00,
		0x5B, 0x79, 0x00, 0x00, 0xFE, 0x74, 0x00, 0x00, // 0x57E0
		0x63, 0x79, 0x00, 0x00, 0xF4, 0x6B, 0x00, 0x00,
		0x04, 0x6C, 0x00, 0x00, 0x00, 0xE0, 0x2A, 0x11, // 0x57F0
		0x20, 0x32, 0x29, 0x11, 0x0E, 0x18, 0x00, 0xE0,
		0x25, 0x11, 0x16, 0x32, 0x27, 0x11, 0x08, 0x18, // 0x5800
		0x00, 0xE0, 0x20, 0x11, 0x06, 0x11, 0x80, 0x32,
		0xDE, 0x58, 0x63, 0x96, 0x4E, 0x42, 0xC8, 0x68, // 0x5810
		0x40, 0x3B, 0x1D, 0x0C, 0x60, 0xD8, 0x6A, 0x11,
		0x03, 0xEB, 0xE0, 0x2E, 0x22, 0x08, 0x10, 0x32, // 0x5820
		0x0E, 0x1B, 0x00, 0x34, 0x23, 0x5A, 0x51, 0x64,
		0x41, 0x44, 0x20, 0x08, 0x80, 0x31, 0xC8, 0x60, // 0x5830
		0x2E, 0x41, 0x43, 0x96, 0x84, 0x68, 0x60, 0x8B,
		0x40, 0x3A, 0x1F, 0x08, 0x97, 0x6C, 0x53, 0x6C, // 0x5840
		0x18, 0x10, 0xFF, 0xE3, 0x6F, 0xD7, 0x13, 0x6C,
		0x16, 0x14, 0x94, 0x14, 0x76, 0x10, 0x08, 0x32, // 0x5850
		0x63, 0xD8, 0x45, 0x20, 0x63, 0xE4, 0x10, 0x20,
		0x40, 0x3B, 0x06, 0x08, 0x04, 0x1B, 0xE2, 0x07, // 0x5860
		0x0B, 0x32, 0x08, 0x1B, 0xDF, 0x07, 0xFB, 0x6C,
		0xDD, 0x07, 0xE8, 0x5B, 0xE0, 0x8F, 0x5C, 0x65, // 0x5870
		0xDE, 0x0B, 0x00, 0x24, 0x10, 0x75, 0xD8, 0x07,
		0x40, 0xD8, 0x6A, 0x11, 0x02, 0xEB, 0xE0, 0x2E, // 0x5880
		0xDE, 0x0F, 0x52, 0x5C, 0x0B, 0x6D, 0x88, 0x74,
		0x0F, 0x3A, 0x02, 0x0C, 0x0F, 0x34, 0x10, 0x75, // 0x5890
		0xD6, 0x07, 0x00, 0x00, 0x14, 0x6C, 0x00, 0x00,
		0x34, 0x6C, 0x00, 0x00, 0x00, 0x02, 0x00, 0x20, // 0x58A0
		0x72, 0x79, 0x00, 0x00, 0x00, 0x00, 0x00, 0x20,
		0xD4, 0x14, 0x22, 0x14, 0x9F, 0x00, 0x64, 0xD8, // 0x58B0
		0x45, 0x20, 0x43, 0xE4, 0x01, 0x20, 0x40, 0x3A,
		0x46, 0x0D, 0x63, 0xE4, 0x00, 0x21, 0x40, 0x3B, // 0x58C0
		0x80, 0x33, 0x6C, 0x43, 0x49, 0x0D, 0x44, 0xD8,
		0x40, 0x20, 0x8C, 0x68, 0x40, 0x3A, 0x44, 0x09, // 0x58D0
		0xC7, 0x01, 0xA6, 0x01, 0x68, 0x96, 0x88, 0x3B,
		0x68, 0xB6, 0x01, 0x30, 0x62, 0x95, 0x87, 0x3B, // 0x58E0
		0x62, 0xB5, 0xE9, 0x01, 0x00, 0xE0, 0xFB, 0x06,
		0x02, 0x30, 0x00, 0xE0, 0x00, 0x07, 0x62, 0x96, // 0x58F0
		0x63, 0xEC, 0x80, 0x18, 0x62, 0xB6, 0x02, 0x30,
		0x00, 0xE0, 0xF9, 0x06, 0x6F, 0x01, 0x08, 0x32, // 0x5900
		0x16, 0x8C, 0x44, 0xB3, 0x5A, 0x8C, 0x43, 0xDC,
		0x26, 0x10, 0x53, 0x8C, 0x43, 0xDC, 0x28, 0x10, // 0x5910
		0x54, 0x8C, 0x43, 0xDC, 0x27, 0x10, 0x44, 0xD8,
		0x84, 0x00, 0x43, 0xDC, 0x5E, 0x00, 0x44, 0xD8, // 0x5920
		0x94, 0x00, 0x43, 0xDC, 0x5D, 0x00, 0x57, 0x8C,
		0x60, 0x97, 0x83, 0x3B, 0x84, 0x3B, 0x63, 0xEC, // 0x5930
		0x10, 0x00, 0x40, 0xB8, 0x60, 0xB7, 0xFF, 0xE3,
		0x88, 0xD8, 0x40, 0x98, 0x0B, 0x6C, 0xFF, 0xE3, // 0x5940
		0x69, 0xD8, 0x63, 0x96, 0x63, 0xEC, 0x02, 0x00,
		0x63, 0xB6, 0x01, 0x31, 0x61, 0x97, 0x63, 0xEC, // 0x5950
		0x07, 0x00, 0x61, 0xB7, 0x0C, 0x30, 0xC4, 0x02,
		0x00, 0xE0, 0xCE, 0x0E, 0x80, 0x33, 0x65, 0x43, // 0x5960
		0x60, 0xB6, 0x66, 0x02, 0x30, 0x30, 0x44, 0x93,
		0x80, 0x6C, 0x44, 0xB3, 0xE8, 0x02, 0x48, 0x93, // 0x5970
		0xFE, 0x31, 0x40, 0xB8, 0x27, 0x41, 0x47, 0xD8,
		0x25, 0x00, 0x48, 0x42, 0x84, 0x68, 0x41, 0xB8, // 0x5980
		0x40, 0x98, 0x22, 0xC4, 0x41, 0x20, 0x41, 0x98,
		0x48, 0x6C, 0x28, 0xB3, 0x28, 0x93, 0x47, 0xD8, // 0x5990
		0x24, 0x00, 0x42, 0xE4, 0x7F, 0x20, 0x00, 0x37,
		0x7F, 0x2F, 0x5C, 0x68, 0x84, 0x6C, 0x48, 0xB3, // 0x59A0
		0x80, 0x37, 0x43, 0x93, 0x97, 0x3A, 0x43, 0xB3,
		0x20, 0x93, 0x5C, 0x6C, 0x20, 0xB3, 0x01, 0x31, // 0x59B0
		0x43, 0x93, 0x9C, 0x6C, 0x43, 0xB3, 0x44, 0x93,
		0x08, 0x6C, 0x04, 0xB3, 0x1C, 0x30, 0x00, 0xE0, // 0x59C0
		0x9B, 0x0E, 0x80, 0x33, 0x75, 0x43, 0x60, 0xB6,
		0x04, 0xD8, 0x4A, 0x10, 0xFF, 0xE3, 0x55, 0xD8, // 0x59D0
		0x61, 0x95, 0x40, 0x03, 0xC8, 0x68, 0x63, 0xEC,
		0x00, 0x02, 0x61, 0xB5, 0x42, 0xE4, 0xF8, 0x06, // 0x59E0
		0x61, 0x95, 0xC8, 0x68, 0x61, 0xB5, 0x00, 0x32,
		0x61, 0x95, 0x38, 0x2A, 0xC8, 0x68, 0x61, 0xB5, // 0x59F0
		0x22, 0xEA, 0x04, 0xFF, 0x61, 0x95, 0x00, 0x2A,
		0xC8, 0x68, 0xE0, 0x32, 0x4F, 0x42, 0xC8, 0x6C, // 0x5A00
		0x61, 0xB5, 0x82, 0x32, 0x61, 0x95, 0x58, 0x42,
		0x00, 0x2A, 0xC8, 0x68, 0xE0, 0x32, 0x56, 0x42, // 0x5A10
		0xC8, 0x6C, 0x61, 0xB5, 0x10, 0x03, 0x61, 0x95,
		0xB0, 0x3B, 0xB8, 0x3B, 0x61, 0xB5, 0x60, 0x95, // 0x5A20
		0x60, 0xB5, 0x60, 0x95, 0x83, 0x3B, 0x84, 0x3B,
		0x60, 0xB5, 0x60, 0x95, 0x85, 0x3B, 0x86, 0x3B, // 0x5A30
		0x60, 0xB5, 0x61, 0x95, 0x86, 0x3B, 0x87, 0x3B,
		0x61, 0xB5, 0x61, 0x95, 0x63, 0xEC, 0x00, 0x40, // 0x5A40
		0x61, 0xB5, 0x60, 0x95, 0xB1, 0x3B, 0x60, 0xB5,
		0x61, 0x95, 0x8F, 0x3B, 0x61, 0xB5, 0x60, 0x95, // 0x5A50
		0x91, 0x3B, 0x60, 0xB5, 0x01, 0x33, 0xBF, 0x03,
		0x64, 0xDC, 0x8D, 0x01, 0xFF, 0xE3, 0x62, 0xD6, // 0x5A60
		0xFF, 0xE3, 0x6D, 0xE9, 0x7D, 0x13, 0x03, 0x31,
		0x41, 0x93, 0x89, 0x3A, 0x41, 0xB3, 0x07, 0x30, // 0x5A70
		0x41, 0x93, 0x42, 0xEC, 0x00, 0x01, 0x41, 0xB3,
		0x00, 0xE0, 0x3E, 0x0E, 0x80, 0x33, 0x0F, 0x30, // 0x5A80
		0x60, 0xB6, 0xFF, 0xE3, 0x61, 0xD9, 0x24, 0xD8,
		0x44, 0x10, 0x60, 0x95, 0x00, 0x23, 0x4C, 0x64, // 0x5A90
		0x61, 0x08, 0x60, 0x95, 0x4E, 0x60, 0x00, 0x29,
		0x11, 0x13, 0xFF, 0xE3, 0xD0, 0xD4, 0x00, 0x30, // 0x5AA0
		0xFF, 0xE3, 0x29, 0xD8, 0x6F, 0x13, 0x55, 0x32,
		0x0F, 0x13, 0xC0, 0xC7, 0x21, 0x50, 0x40, 0xB3, // 0x5AB0
		0x4E, 0x13, 0x02, 0x29, 0x60, 0x92, 0x63, 0xEC,
		0x00, 0x01, 0x60, 0xB2, 0x4C, 0x13, 0x64, 0xD8, // 0x5AC0
		0x41, 0x20, 0xC8, 0x6C, 0x64, 0xDC, 0x41, 0x20,
		0x00, 0x32, 0x6A, 0x13, 0x40, 0xB3, 0x6A, 0x13, // 0x5AD0
		0x40, 0xB3, 0x6A, 0x13, 0x40, 0xA3, 0x01, 0x32,
		0x69, 0x13, 0x40, 0xB3, 0x00, 0x32, 0x69, 0x13, // 0x5AE0
		0x40, 0xB3, 0x69, 0x13, 0x40, 0xA3, 0x00, 0x32,
		0x68, 0x13, 0x40, 0xB3, 0x00, 0x33, 0x64, 0xDC, // 0x5AF0
		0x75, 0x20, 0x67, 0x13, 0x40, 0xB3, 0x60, 0x95,
		0x66, 0x13, 0x40, 0xB3, 0x66, 0x13, 0x40, 0xB3, // 0x5B00
		0x4C, 0x12, 0x62, 0x92, 0x63, 0xEC, 0x02, 0x00,
		0x62, 0xB2, 0x64, 0x13, 0x00, 0x32, 0x40, 0xB3, // 0x5B10
		0x40, 0x93, 0xBD, 0x3A, 0x40, 0xB3, 0x02, 0xEA,
		0xCF, 0x07, 0x42, 0xB3, 0x02, 0xEA, 0xE7, 0x03, // 0x5B20
		0x43, 0xB3, 0x40, 0x93, 0xBF, 0x3A, 0x40, 0xB3,
		0x40, 0x93, 0xB6, 0x3A, 0x40, 0xB3, 0x00, 0x33, // 0x5B30
		0x63, 0xB5, 0xFF, 0xE3, 0x84, 0xD4, 0x1A, 0x12,
		0x0A, 0x31, 0xFF, 0xE3, 0x80, 0xD4, 0x19, 0x12, // 0x5B40
		0xFF, 0xE3, 0xF0, 0xD5, 0x64, 0xD8, 0x40, 0x20,
		0xDF, 0x3B, 0x40, 0xE8, 0x18, 0x02, 0x00, 0xE0, // 0x5B50
		0xE0, 0x04, 0x00, 0x31, 0xA2, 0x07, 0x44, 0xD8,
		0x40, 0x20, 0xC8, 0x68, 0x40, 0x3B, 0xF3, 0x0F, // 0x5B60
		0xB4, 0x11, 0x01, 0x30, 0x68, 0x95, 0x88, 0x3B,
		0x68, 0xB5, 0x93, 0x3A, 0x44, 0xDC, 0x40, 0x20, // 0x5B70
		0x00, 0xE0, 0xB5, 0x05, 0x04, 0x30, 0xD2, 0x11,
		0x00, 0xE0, 0xB9, 0x05, 0x62, 0x95, 0x63, 0xEC, // 0x5B80
		0x09, 0x41, 0x62, 0xB5, 0x0C, 0x30, 0x66, 0xE4,
		0x13, 0x00, 0x65, 0xB6, 0x66, 0xB6, 0x66, 0xE4, // 0x5B90
		0x23, 0x01, 0x66, 0xDC, 0x49, 0x20, 0x66, 0xDC,
		0x4A, 0x20, 0xA3, 0x12, 0x00, 0xE0, 0xA7, 0x05, // 0x5BA0
		0x1E, 0x33, 0x02, 0x12, 0x66, 0xDC, 0x55, 0x11,
		0x24, 0xD8, 0x60, 0x10, 0x00, 0x21, 0x00, 0xE0, // 0x5BB0
		0xC3, 0x0F, 0x24, 0xD8, 0x51, 0x10, 0x06, 0xDC,
		0x53, 0x11, 0x1C, 0x11, 0x00, 0x21, 0x00, 0xE0, // 0x5BC0
		0xBB, 0x0F, 0x24, 0xD8, 0x50, 0x10, 0x00, 0xAD,
		0x18, 0x11, 0x00, 0x21, 0x00, 0xE0, 0xB4, 0x0F, // 0x5BD0
		0x64, 0xD8, 0xD1, 0x00, 0x01, 0xAD, 0x66, 0xDC,
		0xB6, 0x02, 0x64, 0xD8, 0x56, 0x10, 0x02, 0x30, // 0x5BE0
		0x66, 0xDC, 0x51, 0x11, 0x64, 0xD8, 0x54, 0x10,
		0x01, 0x35, 0x66, 0xDC, 0x52, 0x11, 0x64, 0xD8, // 0x5BF0
		0x55, 0x10, 0x66, 0xDC, 0x50, 0x11, 0x64, 0xD8,
		0x57, 0x10, 0x66, 0xDC, 0x4F, 0x11, 0x64, 0xD8, // 0x5C00
		0x52, 0x10, 0x66, 0xDC, 0x4E, 0x11, 0x64, 0xD8,
		0xB4, 0x00, 0x66, 0xDC, 0xB7, 0x02, 0x68, 0x8C, // 0x5C10
		0x64, 0xDC, 0xE2, 0x10, 0x12, 0x33, 0x64, 0xDC,
		0xC6, 0x01, 0x00, 0xE0, 0xD0, 0x05, 0x01, 0x33, // 0x5C20
		0xE4, 0xD8, 0x59, 0x10, 0x66, 0xDC, 0xAE, 0x20,
		0x42, 0x04, 0x00, 0x00, 0x00, 0x00, 0x00, 0x20, // 0x5C30
		0x00, 0xD0, 0x00, 0x40, 0x00, 0x40, 0x01, 0x40,
		0x00, 0x50, 0x01, 0x40, 0x08, 0x02, 0x00, 0x20, // 0x5C40
		0x00, 0xE1, 0x00, 0xE0, 0x00, 0x30, 0x01, 0x40,
		0x30, 0x00, 0x01, 0x50, 0xFF, 0xF8, 0xFF, 0xFF, // 0x5C50
		0xB0, 0x7B, 0x00, 0x00, 0xF0, 0x04, 0x00, 0x20,
		0x00, 0xC0, 0x01, 0x40, 0x62, 0x0C, 0x00, 0x00, // 0x5C60
		0x00, 0x20, 0x01, 0x40, 0x1C, 0x2F, 0x00, 0x00,
		0x00, 0xB0, 0x01, 0x40, 0x67, 0x2E, 0xF8, 0x7D, // 0x5C70
		0x0C, 0x0B, 0x00, 0x20, 0xD4, 0x05, 0x00, 0x20,
		0xD8, 0x05, 0x00, 0x20, 0xDC, 0x05, 0x00, 0x20, // 0x5C80
		0xCC, 0x05, 0x00, 0x20, 0xD0, 0x05, 0x00, 0x20,
		0xC4, 0x05, 0x00, 0x20, 0xC0, 0x05, 0x00, 0x20, // 0x5C90
		0xC8, 0x05, 0x00, 0x20, 0x34, 0x0B, 0x00, 0x20,
		0x00, 0x10, 0x00, 0x40, 0xB4, 0x66, 0x00, 0x00, // 0x5CA0
		0xCF, 0x7B, 0x00, 0x00, 0x00, 0x02, 0x00, 0x20,
		0xA0, 0x68, 0x06, 0x00, 0x03, 0xEA, 0xF3, 0x01, // 0x5CB0
		0xCE, 0x6C, 0x04, 0xD8, 0x58, 0x10, 0x66, 0xDC,
		0x5F, 0x11, 0xD9, 0x01, 0x60, 0x96, 0x83, 0x3B, // 0x5CC0
		0x84, 0x3B, 0x63, 0xEC, 0x10, 0x00, 0x60, 0xB6,
		0xFF, 0xE3, 0xBF, 0xD6, 0x1F, 0x6C, 0xFD, 0x01, // 0x5CD0
		0xFF, 0xE3, 0xA0, 0xD6, 0x61, 0x96, 0x63, 0xEC,
		0x03, 0x00, 0x61, 0xB6, 0x01, 0x31, 0x0C, 0x30, // 0x5CE0
		0xC1, 0x02, 0x00, 0xE0, 0x09, 0x0D, 0x80, 0x33,
		0x65, 0x43, 0x60, 0xB6, 0x08, 0x30, 0xFF, 0xE3, // 0x5CF0
		0x5D, 0xD8, 0x04, 0x02, 0xFE, 0x32, 0x60, 0xD8,
		0x25, 0x00, 0x28, 0x97, 0x47, 0x42, 0x68, 0x43, // 0x5D00
		0x49, 0x68, 0xC8, 0x68, 0xC4, 0x6C, 0x41, 0xB8,
		0x68, 0xB7, 0x00, 0x32, 0x28, 0x97, 0x60, 0xD8, // 0x5D10
		0x24, 0x00, 0x7F, 0x2A, 0x63, 0xE4, 0x7F, 0x20,
		0x48, 0x68, 0xC4, 0x6C, 0x68, 0xB7, 0x1C, 0x30, // 0x5D20
		0x63, 0x97, 0x97, 0x3B, 0x63, 0xB7, 0x60, 0x97,
		0x63, 0xEC, 0x84, 0x41, 0x60, 0xB7, 0x80, 0x33, // 0x5D30
		0x23, 0x97, 0x4C, 0x6C, 0x60, 0xB8, 0x23, 0xB7,
		0x01, 0x31, 0x00, 0xE0, 0xDD, 0x0C, 0x80, 0x31, // 0x5D40
		0x35, 0x41, 0x20, 0xB6, 0xFF, 0xE3, 0xFB, 0xE7,
		0x39, 0x02, 0x03, 0xEA, 0x37, 0xE1, 0x00, 0x91, // 0x5D50
		0x14, 0x6C, 0x00, 0xB1, 0x01, 0x91, 0xB0, 0x38,
		0x01, 0xB1, 0x62, 0xB1, 0x00, 0x33, 0x02, 0x91, // 0x5D60
		0x0E, 0x2B, 0x0C, 0x68, 0x00, 0xEC, 0x06, 0x00,
		0x02, 0xB1, 0x60, 0x03, 0x02, 0x91, 0x0C, 0x68, // 0x5D70
		0x00, 0xEC, 0x00, 0x08, 0x02, 0xB1, 0x02, 0x91,
		0x00, 0xEC, 0x00, 0x60, 0x02, 0xB1, 0x00, 0x91, // 0x5D80
		0x83, 0x38, 0x84, 0x38, 0x00, 0xEC, 0x08, 0x00,
		0x00, 0xB1, 0x00, 0x91, 0x85, 0x38, 0x86, 0x38, // 0x5D90
		0x00, 0xEC, 0x20, 0x00, 0x00, 0xB1, 0x03, 0x91,
		0x40, 0x6D, 0xA3, 0xB1, 0x1B, 0x30, 0x02, 0x31, // 0x5DA0
		0xAD, 0x03, 0x00, 0xE0, 0xA9, 0x0C, 0x80, 0x31,
		0x34, 0x41, 0x01, 0x30, 0x20, 0xB6, 0xFF, 0xE3, // 0x5DB0
		0xB5, 0xD7, 0x22, 0x95, 0x21, 0xEC, 0x04, 0x00,
		0x22, 0xB5, 0xFF, 0xE3, 0x25, 0xD6, 0x24, 0x95, // 0x5DC0
		0xB7, 0x39, 0x24, 0xB5, 0x24, 0x95, 0xB6, 0x39,
		0x24, 0xB5, 0xFF, 0xE3, 0x1D, 0xD6, 0x24, 0x95, // 0x5DD0
		0x94, 0x39, 0x95, 0x39, 0x24, 0xB5, 0x24, 0x95,
		0xB5, 0x39, 0x24, 0xB5, 0xFF, 0xE3, 0x14, 0xD6, // 0x5DE0
		0x24, 0x95, 0x92, 0x39, 0x93, 0x39, 0x24, 0xB5,
		0x24, 0x95, 0xB2, 0x39, 0xB3, 0x39, 0x24, 0xB5, // 0x5DF0
		0xFF, 0xE3, 0x0A, 0xD6, 0x24, 0x95, 0x7E, 0x13,
		0x4C, 0x68, 0x24, 0xB5, 0x24, 0x95, 0x21, 0xEC, // 0x5E00
		0x00, 0x4E, 0x24, 0xB5, 0x24, 0x95, 0x21, 0xEC,
		0x00, 0x80, 0x24, 0xB5, 0xFF, 0xE3, 0xFC, 0xD5, // 0x5E10
		0x24, 0x95, 0x00, 0x33, 0xFC, 0x2B, 0x4C, 0x68,
		0x24, 0xB5, 0x24, 0x95, 0x21, 0xEC, 0x9C, 0x00, // 0x5E20
		0x24, 0xB5, 0xFF, 0xE3, 0xF1, 0xD5, 0x24, 0x95,
		0x80, 0x39, 0x81, 0x39, 0x24, 0xB5, 0x24, 0x95, // 0x5E30
		0x24, 0xB5, 0xFF, 0xE3, 0xE9, 0xD5, 0x03, 0xEA,
		0x43, 0x61, 0x65, 0xB5, 0xFF, 0xE3, 0xE4, 0xD5, // 0x5E40
		0x23, 0xEA, 0xFF, 0x1F, 0x66, 0xB5, 0xAB, 0x13,
		0xFF, 0xE3, 0xDE, 0xD5, 0x20, 0x97, 0x21, 0xEC, // 0x5E50
		0x80, 0x01, 0x20, 0xB7, 0x60, 0x98, 0x23, 0x97,
		0xC4, 0x6C, 0x63, 0xB7, 0x46, 0x13, 0x67, 0x13, // 0x5E60
		0xE7, 0x13, 0x40, 0xB3, 0x02, 0xEA, 0x03, 0x03,
		0x44, 0xB3, 0x02, 0xEA, 0x1E, 0x1E, 0x45, 0xB3, // 0x5E70
		0x44, 0x13, 0x4A, 0xB3, 0x00, 0x32, 0x4B, 0xB3,
		0x43, 0x13, 0x51, 0xB3, 0x02, 0x32, 0x52, 0xB3, // 0x5E80
		0x42, 0x13, 0x58, 0xB3, 0x04, 0x32, 0x59, 0xB3,
		0x41, 0x13, 0x5F, 0xB3, 0x06, 0x32, 0x43, 0xDC, // 0x5E90
		0x20, 0x20, 0x02, 0xEA, 0x02, 0x02, 0x42, 0xB3,
		0x02, 0x32, 0x4E, 0xB3, 0x55, 0xB3, 0x5C, 0xB3, // 0x5EA0
		0x43, 0xDC, 0x23, 0x20, 0x23, 0x93, 0x21, 0xEC,
		0x02, 0x02, 0x23, 0xB3, 0x4C, 0xB3, 0x53, 0xB3, // 0x5EB0
		0x5A, 0xB3, 0x43, 0xDC, 0x21, 0x20, 0x00, 0x32,
		0x25, 0x93, 0x7F, 0x2A, 0x48, 0x68, 0x25, 0xB3, // 0x5EC0
		0x25, 0x93, 0x21, 0xEC, 0x64, 0x00, 0x25, 0xB3,
		0x25, 0x93, 0x41, 0x98, 0x41, 0xC4, 0x42, 0x20, // 0x5ED0
		0x45, 0xB3, 0x45, 0x93, 0x42, 0xEC, 0x00, 0x63,
		0x45, 0xB3, 0xFE, 0x32, 0x2A, 0x93, 0x4F, 0x42, // 0x5EE0
		0x49, 0x68, 0x2A, 0xB3, 0xF0, 0x31, 0x0A, 0x93,
		0x2D, 0x41, 0x04, 0x6C, 0x0A, 0xB3, 0x11, 0x93, // 0x5EF0
		0x09, 0x68, 0x11, 0xB3, 0x11, 0x93, 0x04, 0x6C,
		0x11, 0xB3, 0x18, 0x93, 0x09, 0x68, 0x18, 0xB3, // 0x5F00
		0x18, 0x93, 0x04, 0x6C, 0x18, 0xB3, 0x1F, 0x93,
		0x40, 0xC4, 0x42, 0x20, 0x5F, 0xB3, 0x04, 0x30, // 0x5F10
		0x5F, 0x93, 0x48, 0x6C, 0x3F, 0xB3, 0xFA, 0x33,
		0x62, 0x43, 0xE2, 0xB5, 0x64, 0xB5, 0xFA, 0x33, // 0x5F20
		0x63, 0x43, 0xE2, 0xB5, 0x63, 0xB5, 0x01, 0x33,
		0xE2, 0xB5, 0x01, 0x31, 0x65, 0xB5, 0x00, 0xE0, // 0x5F30
		0xE3, 0x0B, 0x10, 0x33, 0xFE, 0x32, 0x60, 0xB6,
		0x76, 0x11, 0xE2, 0xB5, 0x60, 0xB5, 0x06, 0x33, // 0x5F40
		0xE2, 0xB5, 0x61, 0xB5, 0x4E, 0x42, 0x64, 0xD8,
		0x41, 0x20, 0xC8, 0x6C, 0x64, 0xDC, 0x41, 0x20, // 0x5F50
		0x02, 0x31, 0x51, 0x11, 0x71, 0x11, 0x0E, 0x30,
		0x43, 0xB3, 0x00, 0xE0, 0xCD, 0x0B, 0x80, 0x33, // 0x5F60
		0x67, 0x43, 0x60, 0xB6, 0x64, 0x31, 0x0E, 0x11,
		0xFF, 0xE3, 0x69, 0xD2, 0x0D, 0x11, 0x0A, 0x31, // 0x5F70
		0xFF, 0xE3, 0x65, 0xD2, 0x0C, 0x11, 0x00, 0xE8,
		0xE5, 0xFD, 0xA4, 0xD8, 0x74, 0x20, 0x40, 0x3D, // 0x5F80
		0x25, 0x0C, 0x00, 0x33, 0x57, 0x6C, 0x09, 0x11,
		0xA5, 0xE4, 0x02, 0x20, 0x64, 0xDC, 0x74, 0x20, // 0x5F90
		0xFF, 0xE3, 0xC8, 0xD3, 0x40, 0x3D, 0x1A, 0x0C,
		0x05, 0x11, 0xFF, 0xE3, 0xC3, 0xD3, 0x6D, 0x10, // 0x5FA0
		0xE1, 0x32, 0x47, 0x42, 0x40, 0xB3, 0x40, 0x93,
		0x42, 0xEC, 0x00, 0x80, 0x40, 0xB3, 0x41, 0x11, // 0x5FB0
		0x60, 0x92, 0x63, 0xEC, 0x08, 0x00, 0x60, 0xB2,
		0x7F, 0x10, 0x04, 0x32, 0x43, 0xB3, 0x80, 0xC1, // 0x5FC0
		0x20, 0x70, 0x00, 0xC0, 0x20, 0x48, 0x80, 0xC1,
		0x20, 0x74, 0x02, 0x14, 0x94, 0x14, 0x00, 0x00, // 0x5FD0
		0x00, 0x50, 0x01, 0x40, 0x00, 0x30, 0x01, 0x40,
		0x00, 0xE1, 0x00, 0xE0, 0x30, 0x00, 0x01, 0x50, // 0x5FE0
		0x00, 0x40, 0x01, 0x40, 0xFF, 0xE3, 0xFF, 0xFF,
		0x00, 0xF0, 0x01, 0x40, 0xFF, 0x00, 0xFF, 0xFF, // 0x5FF0
		0x00, 0x70, 0x00, 0x40, 0x0B, 0xDA, 0x10, 0x06,
		0x00, 0xD0, 0x01, 0x40, 0x5F, 0x58, 0x4E, 0x5F, // 0x6000
		0x0B, 0x00, 0x1E, 0x00, 0x1B, 0x00, 0x1E, 0x00,
		0x2B, 0x00, 0x1E, 0x00, 0x3B, 0x00, 0x1E, 0x00, // 0x6010
		0x5F, 0x43, 0x53, 0x5F, 0x66, 0x4C, 0x00, 0x00,
		0xF0, 0x04, 0x00, 0x20, 0x98, 0x22, 0x00, 0x00, // 0x6020
		0xB4, 0x66, 0x00, 0x00, 0xE7, 0x7B, 0x00, 0x00,
		0x01, 0x7C, 0x00, 0x00, 0x10, 0x7C, 0x00, 0x00, // 0x6030
		0x00, 0x60, 0x01, 0x40, 0x00, 0xD0, 0x00, 0x40,
		0x3C, 0x78, 0x3C, 0x78, 0x3C, 0x78, 0x3C, 0x78, // 0x6040
		0x3C, 0x78, 0x3C, 0x78, 0x3C, 0x78, 0x3C, 0x78,
		0x3C, 0x78, 0x3C, 0x78, 0x3C, 0x78, 0x3C, 0x78, // 0x6050
		0x3C, 0x78, 0x7B, 0x00, 0x45, 0x80, 0x43, 0xDC,
		0xB5, 0x01, 0x3C, 0x78, 0xD0, 0x14, 0x61, 0x88, // 0x6060
		0x40, 0x3B, 0x1E, 0x0C, 0x7F, 0x00, 0x43, 0xD8,
		0xB0, 0x02, 0x88, 0x74, 0x43, 0xDC, 0xB1, 0x02, // 0x6070
		0x43, 0x01, 0x25, 0x80, 0x47, 0x39, 0x22, 0xDC,
		0x90, 0x01, 0x8F, 0x6C, 0x12, 0x08, 0x23, 0xD8, // 0x6080
		0xB0, 0x02, 0x48, 0x39, 0x15, 0x08, 0x05, 0x32,
		0x16, 0x30, 0x43, 0xDC, 0xB0, 0x02, 0x48, 0x01, // 0x6090
		0x43, 0xDC, 0x8D, 0x20, 0xFF, 0xE3, 0xD2, 0xF5,
		0x1A, 0x30, 0x00, 0xE0, 0x13, 0x03, 0x90, 0x14, // 0x60A0
		0x4B, 0x39, 0x06, 0x08, 0x01, 0x32, 0x00, 0x30,
		0x43, 0xDC, 0xB0, 0x02, 0xF4, 0x07, 0x64, 0x92, // 0x60B0
		0x63, 0xEC, 0x01, 0x00, 0x64, 0xB2, 0x0A, 0x33,
		0x62, 0xDC, 0xB0, 0x02, 0xEE, 0x07, 0xD1, 0x14, // 0x60C0
		0x74, 0x01, 0x36, 0x01, 0x60, 0x93, 0x61, 0xDC,
		0xB1, 0x20, 0x61, 0x88, 0x40, 0x3B, 0x28, 0x0C, // 0x60D0
		0x5B, 0x01, 0x85, 0x80, 0x62, 0xD8, 0xB2, 0x01,
		0xFA, 0x30, 0x61, 0x4B, 0x02, 0x40, 0xC0, 0x7C, // 0x60E0
		0xD0, 0x7C, 0x67, 0x4B, 0x62, 0xDC, 0xB8, 0x10,
		0x63, 0x91, 0x63, 0xE4, 0x00, 0x21, 0x82, 0xDC, // 0x60F0
		0xDB, 0x10, 0x40, 0x3B, 0x0B, 0x6D, 0x0A, 0x08,
		0x63, 0x91, 0x63, 0xE4, 0x80, 0x20, 0x40, 0x3B, // 0x6100
		0x05, 0x0C, 0x00, 0x31, 0x04, 0x02, 0xFF, 0xE3,
		0x9A, 0xD1, 0x64, 0x02, 0xFA, 0x31, 0x01, 0x8B, // 0x6110
		0x60, 0x8B, 0x0C, 0x7C, 0x22, 0x41, 0x00, 0xE0,
		0x0F, 0x0D, 0x04, 0xDC, 0xB9, 0x10, 0x91, 0x14, // 0x6120
		0xD3, 0x14, 0x8E, 0x02, 0x83, 0x6D, 0x64, 0xD8,
		0xB1, 0x02, 0x45, 0x3B, 0x05, 0x0C, 0x64, 0xD8, // 0x6130
		0xB1, 0x02, 0x47, 0x3B, 0x21, 0x08, 0x80, 0x30,
		0x64, 0xD8, 0xB0, 0x02, 0x07, 0x40, 0xCC, 0x74, // 0x6140
		0x64, 0xDC, 0xB1, 0x02, 0x00, 0xE0, 0xCB, 0x02,
		0x80, 0x30, 0x08, 0x40, 0x00, 0xE0, 0xCF, 0x02, // 0x6150
		0x80, 0x30, 0x09, 0x40, 0xFF, 0xE3, 0x8A, 0xDE,
		0x7D, 0x02, 0x43, 0xD8, 0xCD, 0x10, 0x42, 0xEB, // 0x6160
		0x24, 0x00, 0x0A, 0x08, 0x63, 0xD8, 0x99, 0x01,
		0x63, 0xE4, 0x0F, 0x20, 0x40, 0x3B, 0x04, 0x0C, // 0x6170
		0x7D, 0x02, 0xEE, 0x32, 0x40, 0xAB, 0x00, 0xEA,
		0xDC, 0x05, 0xFF, 0xE3, 0x5F, 0xF5, 0x63, 0x03, // 0x6180
		0x60, 0x93, 0x64, 0xDC, 0xB0, 0x20, 0x61, 0x8E,
		0x40, 0x3B, 0x38, 0x0C, 0xAA, 0x03, 0x19, 0x31, // 0x6190
		0x04, 0x03, 0x65, 0xD8, 0x44, 0x20, 0x00, 0x23,
		0x65, 0xDC, 0x44, 0x20, 0xFF, 0xE3, 0x4F, 0xD1, // 0x61A0
		0x66, 0xD8, 0x05, 0x40, 0x4F, 0x6C, 0xDF, 0x3B,
		0x64, 0xDC, 0xBC, 0x02, 0x17, 0x6D, 0x03, 0x0C, // 0x61B0
		0x00, 0x31, 0x4E, 0x60, 0xAC, 0x03, 0x41, 0x51,
		0x05, 0xD8, 0x00, 0x40, 0x03, 0xC4, 0x46, 0x24, // 0x61C0
		0x88, 0x74, 0xDF, 0x3E, 0x09, 0x0C, 0x0C, 0x60,
		0x23, 0x38, 0x06, 0x0C, 0x0B, 0x6C, 0x21, 0x39, // 0x61D0
		0x41, 0x4A, 0x40, 0xC4, 0x40, 0x0C, 0x40, 0x3A,
		0x60, 0xA5, 0x23, 0x0C, 0x03, 0x3A, 0x0F, 0x08, // 0x61E0
		0xDF, 0x3B, 0x01, 0x33, 0x00, 0x32, 0x00, 0x2A,
		0x62, 0xC4, 0x40, 0x0C, 0x5C, 0x03, 0x24, 0xD8, // 0x61F0
		0xA1, 0x01, 0x1A, 0x03, 0x67, 0xA2, 0xFF, 0xE3,
		0x22, 0xD1, 0x93, 0x14, 0x0F, 0x3A, 0x0A, 0x0C, // 0x6200
		0xDF, 0x3B, 0xF5, 0x0B, 0x1F, 0x3A, 0x20, 0x33,
		0x02, 0x08, 0xCB, 0x6C, 0x8C, 0x74, 0x61, 0x4A, // 0x6210
		0xEE, 0x07, 0xDF, 0x3B, 0xFD, 0x0F, 0x41, 0x4A,
		0x00, 0x33, 0xCA, 0x60, 0xCE, 0x74, 0xE7, 0x07, // 0x6220
		0x00, 0x33, 0xE5, 0x07, 0xD0, 0x14, 0x80, 0x30,
		0x04, 0x40, 0x00, 0xE0, 0x58, 0x02, 0x90, 0x14, // 0x6230
		0xD4, 0x14, 0x2D, 0x14, 0x90, 0x13, 0xFA, 0x31,
		0x60, 0x8C, 0x01, 0x8C, 0x0C, 0x7C, 0x22, 0x41, // 0x6240
		0xC9, 0x13, 0x00, 0xE0, 0x79, 0x0C, 0xA7, 0x13,
		0x66, 0xD8, 0x5F, 0x51, 0xEC, 0x58, 0xDD, 0x74, // 0x6250
		0x45, 0xD8, 0xB8, 0x10, 0x65, 0xB8, 0x49, 0x5B,
		0x2C, 0x13, 0xCB, 0x74, 0x18, 0x32, 0x64, 0xB8, // 0x6260
		0x07, 0x18, 0x00, 0xE0, 0xEF, 0x0B, 0x22, 0x8C,
		0x65, 0x98, 0x00, 0x34, 0x07, 0x1A, 0x01, 0x8A, // 0x6270
		0x0C, 0x64, 0x04, 0x08, 0x00, 0x8A, 0x04, 0x64,
		0x06, 0x0C, 0x00, 0x24, 0x10, 0x75, 0x03, 0x22, // 0x6280
		0x45, 0x3C, 0xF6, 0x0B, 0x44, 0xE4, 0x71, 0x00,
		0x61, 0x42, 0xD4, 0x60, 0x60, 0x8B, 0x24, 0x98, // 0x6290
		0x85, 0xDC, 0xE0, 0x00, 0x4D, 0x64, 0x7B, 0x12,
		0x3A, 0x0C, 0x21, 0x83, 0x00, 0x21, 0x21, 0xA3, // 0x62A0
		0x05, 0xD8, 0xE1, 0x00, 0x21, 0x83, 0x40, 0x64,
		0x1D, 0x08, 0x46, 0xB8, 0x00, 0x32, 0x65, 0xB8, // 0x62B0
		0x41, 0xA3, 0x0B, 0x30, 0x0A, 0x33, 0x66, 0xDC,
		0xB0, 0x02, 0x00, 0xE0, 0x03, 0x02, 0x80, 0x30, // 0x62C0
		0x04, 0x40, 0x00, 0xE0, 0x14, 0x02, 0x01, 0xEA,
		0xB8, 0x0B, 0x11, 0x12, 0xFF, 0xE3, 0xB7, 0xD0, // 0x62D0
		0x80, 0x30, 0x0A, 0x40, 0xFF, 0xE3, 0xCA, 0xDD,
		0x0E, 0x12, 0xFF, 0xE3, 0x23, 0xD2, 0x46, 0x98, // 0x62E0
		0x65, 0x98, 0x61, 0x83, 0x63, 0xB8, 0x41, 0x42,
		0x94, 0x60, 0x60, 0x8A, 0x26, 0xD8, 0x5F, 0x51, // 0x62F0
		0x62, 0xB8, 0x64, 0x98, 0x9F, 0x6C, 0x61, 0xB8,
		0x65, 0xD8, 0xB8, 0x10, 0x06, 0x12, 0x60, 0xB8, // 0x6300
		0xC7, 0x6C, 0x53, 0x6C, 0xFF, 0xE3, 0x0E, 0xD2,
		0x0D, 0x14, 0x94, 0x14, 0x00, 0x31, 0xC8, 0x07, // 0x6310
		0xC2, 0x14, 0x55, 0x11, 0x00, 0x34, 0x65, 0x92,
		0x13, 0x22, 0x20, 0x93, 0x8E, 0x64, 0x04, 0x08, // 0x6320
		0xD3, 0x6C, 0x0F, 0x6C, 0x82, 0x14, 0x23, 0x2B,
		0xA4, 0x83, 0x16, 0x64, 0x05, 0x08, 0x81, 0x8B, // 0x6330
		0x40, 0x3C, 0xF8, 0x0B, 0x0F, 0x6D, 0xC7, 0x6C,
		0x20, 0x91, 0xF1, 0x07, 0xD1, 0x14, 0x81, 0x30, // 0x6340
		0x89, 0x11, 0xFF, 0xE3, 0xE7, 0xFF, 0x40, 0x38,
		0x10, 0x0C, 0x64, 0xD8, 0xB0, 0x02, 0xCC, 0x74, // 0x6350
		0x64, 0xDC, 0xB1, 0x02, 0x16, 0x30, 0x05, 0x33,
		0x64, 0xDC, 0xB0, 0x02, 0xFF, 0xE3, 0x6E, 0xF4, // 0x6360
		0x62, 0x11, 0x64, 0xDC, 0x8D, 0x20, 0x91, 0x14,
		0x64, 0x94, 0x63, 0xEC, 0x10, 0x00, 0x64, 0xB4, // 0x6370
		0x10, 0x30, 0x0A, 0x33, 0x64, 0xDC, 0xB0, 0x02,
		0x00, 0xE0, 0xA4, 0x01, 0xF5, 0x07, 0xD2, 0x14, // 0x6380
		0x71, 0x30, 0x99, 0x10, 0xFF, 0xE3, 0xC6, 0xFF,
		0x40, 0x38, 0x4B, 0x0C, 0xAE, 0x58, 0x08, 0x32, // 0x6390
		0x57, 0x6C, 0x02, 0x11, 0xFF, 0xE3, 0x1D, 0xD5,
		0x52, 0x10, 0x62, 0xD8, 0xCD, 0x10, 0x28, 0x43, // 0x63A0
		0x68, 0x4B, 0xC4, 0x6C, 0x62, 0xDC, 0xCD, 0x10,
		0x64, 0xD8, 0xB0, 0x02, 0xCC, 0x74, 0x64, 0xDC, // 0x63B0
		0xB1, 0x02, 0x62, 0xD8, 0x9C, 0x41, 0xDF, 0x3B,
		0x0E, 0x0C, 0x04, 0x33, 0x64, 0xDC, 0xB0, 0x02, // 0x63C0
		0x77, 0x10, 0x16, 0x30, 0x64, 0xDC, 0x8D, 0x20,
		0xFF, 0xE3, 0x38, 0xF4, 0x17, 0x6C, 0xFF, 0xE3, // 0x63D0
		0x9D, 0xF5, 0x92, 0x14, 0x05, 0x33, 0x64, 0xDC,
		0xB0, 0x02, 0x64, 0x10, 0xF3, 0x07, 0x00, 0x00, // 0x63E0
		0x00, 0x00, 0x00, 0x20, 0x08, 0x02, 0x00, 0x20,
		0x60, 0x23, 0x00, 0x00, 0xF0, 0x04, 0x00, 0x20, // 0x63F0
		0x40, 0x62, 0x00, 0x00, 0xD0, 0x04, 0x00, 0x20,
		0x00, 0x02, 0x00, 0x20, 0x3C, 0x22, 0x00, 0x00, // 0x6400
		0x8C, 0x0C, 0x00, 0x20, 0x04, 0x51, 0x00, 0x00,
		0x62, 0x7E, 0x00, 0x00, 0x34, 0x62, 0x00, 0x00, // 0x6410
		0x18, 0x7C, 0x00, 0x00, 0x29, 0x7C, 0x00, 0x00,
		0x98, 0x01, 0x00, 0x20, 0x4C, 0x63, 0x00, 0x00, // 0x6420
		0x64, 0x94, 0x63, 0xEC, 0x08, 0x00, 0x64, 0xB4,
		0x0F, 0x30, 0x0A, 0x33, 0x64, 0xDC, 0xB0, 0x02, // 0x6430
		0x00, 0xE0, 0x48, 0x01, 0xCF, 0x07, 0xD3, 0x14,
		0x01, 0x30, 0x88, 0x12, 0xFF, 0xE3, 0x6A, 0xFF, // 0x6440
		0x67, 0x12, 0x43, 0x6D, 0x40, 0x8B, 0x64, 0xD8,
		0x52, 0x11, 0x93, 0x6D, 0x8C, 0x64, 0x0B, 0x08, // 0x6450
		0x64, 0x94, 0xB4, 0x3B, 0x64, 0xB4, 0x02, 0x30,
		0x0A, 0x33, 0x64, 0xDC, 0xB0, 0x02, 0x00, 0xE0, // 0x6460
		0x31, 0x01, 0x93, 0x14, 0x40, 0x38, 0x1B, 0x0C,
		0x45, 0x80, 0x7E, 0x11, 0x16, 0x30, 0x43, 0xDC, // 0x6470
		0xA0, 0x01, 0x64, 0xD8, 0xB0, 0x02, 0xCC, 0x74,
		0x64, 0xDC, 0xB1, 0x02, 0x03, 0x33, 0x64, 0xDC, // 0x6480
		0xB0, 0x02, 0xFF, 0xE3, 0xDB, 0xF3, 0x0E, 0x5D,
		0xFF, 0xE3, 0x40, 0xF5, 0x80, 0x30, 0x76, 0x11, // 0x6490
		0x07, 0x40, 0x64, 0xDC, 0x8D, 0x20, 0xFF, 0xE3,
		0xE9, 0xDC, 0xE4, 0x07, 0x02, 0x30, 0xFF, 0xE3, // 0x64A0
		0x39, 0xFF, 0x40, 0x38, 0x07, 0x0C, 0xFF, 0xE3,
		0xDB, 0xFD, 0x0A, 0x33, 0x66, 0xDC, 0xB0, 0x02, // 0x64B0
		0xD9, 0x07, 0x64, 0x94, 0x0E, 0x30, 0x63, 0xEC,
		0x04, 0x00, 0x64, 0xB4, 0x00, 0xE0, 0x02, 0x01, // 0x64C0
		0xF5, 0x07, 0xD3, 0x14, 0xA7, 0x11, 0x85, 0x11,
		0xDA, 0x8D, 0x1B, 0x6C, 0xFF, 0xE3, 0x2B, 0xD3, // 0x64D0
		0xB2, 0x8D, 0xC4, 0xDC, 0x25, 0x10, 0x64, 0x31,
		0x17, 0x6C, 0x00, 0xE0, 0x21, 0x0C, 0x3F, 0x33, // 0x64E0
		0x00, 0xEB, 0x3F, 0x00, 0x03, 0xC4, 0x40, 0x0C,
		0x60, 0x11, 0x02, 0x31, 0x02, 0xB3, 0xA4, 0xDC, // 0x64F0
		0x24, 0x10, 0x1F, 0x10, 0x44, 0x93, 0x42, 0xEC,
		0xB9, 0x00, 0x44, 0xB3, 0xFF, 0xE3, 0x9F, 0xCF, // 0x6500
		0xFF, 0xE3, 0x74, 0xF7, 0x0A, 0x31, 0x1B, 0x10,
		0xFF, 0xE3, 0x99, 0xCF, 0x93, 0x14, 0xD0, 0x14, // 0x6510
		0x19, 0x10, 0xFF, 0xE3, 0x07, 0xD1, 0x80, 0xC0,
		0x20, 0x70, 0x78, 0x10, 0x58, 0x10, 0x42, 0xB3, // 0x6520
		0x00, 0x32, 0x41, 0xB3, 0x77, 0x10, 0x10, 0x32,
		0x43, 0xDC, 0x20, 0x20, 0x00, 0x04, 0xC3, 0x14, // 0x6530
		0x2A, 0x10, 0x75, 0x10, 0x01, 0x91, 0xA2, 0x91,
		0xC0, 0x93, 0x90, 0x48, 0x70, 0x45, 0xD0, 0x6C, // 0x6540
		0x50, 0x40, 0x19, 0x75, 0x00, 0x35, 0x90, 0x6C,
		0xD4, 0x6C, 0x41, 0xB1, 0x62, 0xB1, 0x65, 0x10, // 0x6550
		0x43, 0xDC, 0x46, 0x20, 0x83, 0x14, 0x00, 0x00,
		0x08, 0x02, 0x00, 0x20, 0xD0, 0x04, 0x00, 0x20, // 0x6560
		0x00, 0x00, 0x00, 0x20, 0x8E, 0x63, 0x00, 0x00,
		0x00, 0x30, 0x01, 0x40, 0xD4, 0x67, 0x00, 0x00, // 0x6570
		0x08, 0x67, 0x00, 0x00, 0x68, 0x7C, 0x00, 0x00,
		0x00, 0x70, 0x00, 0x40, 0x5F, 0x58, 0x4E, 0x5F, // 0x6580
		0x00, 0xE1, 0x00, 0xE0, 0x00, 0xE0, 0x00, 0x40,
		0x3C, 0x78, 0xD3, 0x14, 0x23, 0x14, 0x88, 0x02, // 0x6590
		0x00, 0x84, 0x11, 0x38, 0x33, 0x08, 0x00, 0xE0,
		0x6B, 0x0C, 0x09, 0x0F, 0x32, 0x29, 0x3B, 0x44, // 0x65A0
		0x48, 0x4E, 0x54, 0x5A, 0x5F, 0x6D, 0x71, 0x75,
		0x79, 0x7D, 0x29, 0x81, 0x6F, 0x02, 0x0E, 0x02, // 0x65B0
		0x28, 0x83, 0xFF, 0xE3, 0xB7, 0xD0, 0x1B, 0x04,
		0xB2, 0x02, 0x06, 0x85, 0x00, 0xE4, 0x0F, 0x20, // 0x65C0
		0xC0, 0x85, 0x04, 0x40, 0xC6, 0x4E, 0x18, 0x60,
		0x02, 0xB8, 0x02, 0x85, 0x00, 0xE4, 0x3F, 0x20, // 0x65D0
		0x01, 0xB8, 0x01, 0x8D, 0x15, 0x40, 0x21, 0x85,
		0x1B, 0x48, 0x63, 0x85, 0x41, 0xE4, 0x0F, 0x20, // 0x65E0
		0x00, 0xB8, 0x63, 0x4B, 0x24, 0x49, 0x1B, 0x02,
		0xFF, 0xE3, 0x9C, 0xD0, 0x00, 0x31, 0x1C, 0x02, // 0x65F0
		0x60, 0x84, 0x00, 0x23, 0x60, 0xA4, 0xFF, 0xE3,
		0x22, 0xCF, 0x03, 0x14, 0x93, 0x14, 0x23, 0x03, // 0x6600
		0x00, 0x03, 0x65, 0x81, 0x44, 0x81, 0x27, 0x81,
		0x23, 0x49, 0xFF, 0xE3, 0x8B, 0xD0, 0xEF, 0x07, // 0x6610
		0x68, 0x03, 0x03, 0x03, 0x43, 0xD8, 0x25, 0x00,
		0x23, 0xD8, 0x24, 0x00, 0xFF, 0xE3, 0x82, 0xD0, // 0x6620
		0xE6, 0x07, 0x6C, 0x03, 0x07, 0x03, 0x33, 0x8B,
		0xC5, 0x07, 0x2E, 0x03, 0x08, 0x03, 0x7C, 0x89, // 0x6630
		0x57, 0x89, 0x36, 0x89, 0xEB, 0x07, 0x71, 0x03,
		0x0A, 0x03, 0x59, 0x8B, 0x23, 0xD8, 0x18, 0x50, // 0x6640
		0xEE, 0x07, 0x74, 0x03, 0x0C, 0x03, 0x5B, 0x8B,
		0x23, 0xD8, 0x1A, 0x50, 0xE8, 0x07, 0x77, 0x03, // 0x6650
		0x0E, 0x03, 0x23, 0xD8, 0x24, 0x10, 0xAE, 0x07,
		0x1A, 0x03, 0x60, 0xD8, 0x21, 0x10, 0x40, 0xD8, // 0x6660
		0x45, 0x00, 0x20, 0xD8, 0x44, 0x00, 0x00, 0xD8,
		0x46, 0x00, 0x00, 0xB8, 0x14, 0x03, 0xFF, 0xE3, // 0x6670
		0x59, 0xD0, 0xBD, 0x07, 0x75, 0x03, 0x14, 0x03,
		0x20, 0x93, 0x9C, 0x07, 0x77, 0x03, 0x15, 0x03, // 0x6680
		0x21, 0x93, 0x98, 0x07, 0x79, 0x03, 0x16, 0x03,
		0x22, 0x93, 0x94, 0x07, 0x7B, 0x03, 0x17, 0x03, // 0x6690
		0x23, 0x93, 0x90, 0x07, 0x7D, 0x03, 0x18, 0x03,
		0x28, 0x8B, 0x8C, 0x07, 0x7F, 0x03, 0x19, 0x03, // 0x66A0
		0x27, 0x93, 0x88, 0x07, 0xD0, 0x14, 0x80, 0x30,
		0x01, 0x40, 0xFF, 0xE3, 0xDF, 0xDB, 0x90, 0x14, // 0x66B0
		0xD0, 0x14, 0xFF, 0xE3, 0x08, 0xFF, 0x80, 0x30,
		0x0B, 0x40, 0xFF, 0xE3, 0xD7, 0xDB, 0x90, 0x14, // 0x66C0
		0xD0, 0x14, 0x77, 0x13, 0x43, 0x6C, 0x03, 0xDC,
		0x91, 0x01, 0x1C, 0x13, 0xFF, 0xE3, 0x2A, 0xD0, // 0x66D0
		0x80, 0x30, 0x12, 0x40, 0xFF, 0xE3, 0xCA, 0xDB,
		0x90, 0x14, 0x71, 0x13, 0x43, 0xD8, 0x45, 0x20, // 0x66E0
		0x02, 0xC4, 0x40, 0x20, 0x03, 0xDC, 0x45, 0x20,
		0x3C, 0x78, 0x4D, 0x13, 0x62, 0xD8, 0x45, 0x20, // 0x66F0
		0x0C, 0x6C, 0x02, 0xDC, 0x45, 0x20, 0x3C, 0x78,
		0xD4, 0x14, 0x21, 0x14, 0x70, 0x13, 0x91, 0x13, // 0x6700
		0xB1, 0x13, 0x60, 0x93, 0x63, 0xE4, 0x40, 0x20,
		0x40, 0x3B, 0x60, 0x94, 0x0A, 0x0C, 0x65, 0xDC, // 0x6710
		0x21, 0x20, 0xFF, 0xE3, 0x6B, 0xF6, 0x0A, 0x31,
		0x0C, 0x13, 0xFF, 0xE3, 0x90, 0xCE, 0x43, 0x04, // 0x6720
		0x45, 0xD8, 0x21, 0x20, 0xCA, 0x60, 0x03, 0xEB,
		0x64, 0x00, 0xF6, 0x0F, 0x08, 0x13, 0x20, 0x94, // 0x6730
		0x4A, 0x60, 0xFF, 0xE3, 0xF7, 0xCF, 0x01, 0x30,
		0xFF, 0xE3, 0xD9, 0xFF, 0x80, 0x30, 0x01, 0x40, // 0x6740
		0xFF, 0xE3, 0xCD, 0xFF, 0x00, 0x31, 0x08, 0x30,
		0xFF, 0xE3, 0x5C, 0xD2, 0x02, 0x30, 0xFF, 0xE3, // 0x6750
		0xB9, 0xFF, 0x80, 0x30, 0x01, 0x40, 0xFF, 0xE3,
		0x89, 0xDB, 0x61, 0x94, 0xD1, 0x95, 0x40, 0x93, // 0x6760
		0x0E, 0x5C, 0x0E, 0x64, 0x0F, 0x0C, 0x23, 0xE4,
		0x0F, 0x10, 0xE3, 0x91, 0xDA, 0x65, 0x1D, 0x08, // 0x6770
		0x41, 0x93, 0x00, 0x93, 0x41, 0xB0, 0x00, 0xB2,
		0x00, 0x32, 0x40, 0xB3, 0x41, 0xB3, 0x00, 0x33, // 0x6780
		0x63, 0xB1, 0x74, 0x12, 0x00, 0x31, 0x14, 0x12,
		0x71, 0xB5, 0x63, 0xB4, 0xFF, 0xE3, 0x57, 0xCE, // 0x6790
		0x60, 0x94, 0x60, 0xB8, 0x60, 0x94, 0x40, 0x98,
		0xCA, 0x60, 0x09, 0x3B, 0xFC, 0x0F, 0x00, 0x30, // 0x67A0
		0xFF, 0xE3, 0xA9, 0xD1, 0x01, 0x14, 0x94, 0x14,
		0xCB, 0x6C, 0x40, 0x92, 0xDB, 0x07, 0x66, 0x12, // 0x67B0
		0x43, 0x93, 0x02, 0xC4, 0x40, 0x20, 0x03, 0xB3,
		0x3C, 0x78, 0x43, 0x12, 0x63, 0x92, 0x0C, 0x6C, // 0x67C0
		0x03, 0xB2, 0x3C, 0x78, 0xD2, 0x14, 0x80, 0x12,
		0x08, 0x32, 0x63, 0x94, 0xC8, 0x68, 0x40, 0x3B, // 0x67D0
		0x29, 0x08, 0x63, 0x94, 0x63, 0xE4, 0x05, 0x20,
		0x40, 0x3B, 0x10, 0x08, 0x70, 0x11, 0x63, 0xD8, // 0x67E0
		0x45, 0x20, 0x8C, 0x68, 0x40, 0x3A, 0x11, 0x08,
		0x63, 0xE4, 0x10, 0x20, 0x40, 0x3B, 0x06, 0x0C, // 0x67F0
		0x7A, 0x11, 0x61, 0x8B, 0x03, 0xEB, 0x04, 0x29,
		0x08, 0x08, 0x01, 0x31, 0x18, 0x11, 0xFF, 0xE3, // 0x6800
		0x1E, 0xCE, 0x32, 0x04, 0x02, 0x31, 0xFB, 0x07,
		0xFF, 0xE3, 0x83, 0xD1, 0x73, 0x11, 0x15, 0x11, // 0x6810
		0x21, 0x8B, 0xFF, 0xE3, 0x87, 0xCF, 0x10, 0x30,
		0xFF, 0xE3, 0xCB, 0xFF, 0x08, 0x30, 0xFF, 0xE3, // 0x6820
		0xCE, 0xFF, 0x04, 0xD8, 0x25, 0x10, 0x6D, 0x11,
		0x03, 0x40, 0x0A, 0x31, 0xA2, 0x8B, 0x00, 0xE0, // 0x6830
		0x83, 0x09, 0x41, 0x65, 0xE8, 0x0F, 0x63, 0x94,
		0x63, 0xE4, 0x08, 0x20, 0x40, 0x3B, 0xE3, 0x0F, // 0x6840
		0x20, 0x30, 0xFF, 0xE3, 0xBC, 0xFF, 0x80, 0x30,
		0x0C, 0x40, 0xFF, 0xE3, 0x0F, 0xDB, 0x46, 0x11, // 0x6850
		0x06, 0x11, 0x64, 0x92, 0x63, 0xEC, 0x20, 0x00,
		0x64, 0xB2, 0x71, 0x10, 0x24, 0xD8, 0x25, 0x10, // 0x6860
		0x52, 0x8B, 0xFF, 0xE3, 0x5F, 0xCF, 0x92, 0x14,
		0x8E, 0x0C, 0x00, 0x20, 0xF4, 0x0B, 0x00, 0x20, // 0x6870
		0xB4, 0x6E, 0x00, 0x00, 0xC8, 0x6E, 0x00, 0x00,
		0x9A, 0x65, 0x00, 0x00, 0xE3, 0x6E, 0x00, 0x00, // 0x6880
		0xF6, 0x6E, 0x00, 0x00, 0x14, 0x6F, 0x00, 0x00,
		0x22, 0x6F, 0x00, 0x00, 0x66, 0x6F, 0x00, 0x00, // 0x6890
		0x87, 0x6F, 0x00, 0x00, 0xA6, 0x6F, 0x00, 0x00,
		0xB2, 0x6F, 0x00, 0x00, 0x00, 0x00, 0x00, 0x20, // 0x68A0
		0xDD, 0x6F, 0x00, 0x00, 0xEB, 0x6F, 0x00, 0x00,
		0x02, 0x70, 0x00, 0x00, 0x19, 0x70, 0x00, 0x00, // 0x68B0
		0x2B, 0x70, 0x00, 0x00, 0x44, 0x70, 0x00, 0x00,
		0x59, 0x70, 0x00, 0x00, 0x00, 0x10, 0x01, 0x40, // 0x68C0
		0xF0, 0x04, 0x00, 0x20, 0x08, 0x02, 0x00, 0x20,
		0x08, 0x67, 0x00, 0x00, 0x68, 0x70, 0x00, 0x00, // 0x68D0
		0x98, 0x65, 0x00, 0x00, 0x1C, 0x2F, 0x00, 0x00,
		0xD0, 0x04, 0x00, 0x20, 0xD4, 0x67, 0x00, 0x00, // 0x68E0
		0x94, 0x70, 0x00, 0x00, 0x00, 0x30, 0x01, 0x40,
		0x78, 0x70, 0x00, 0x00, 0x05, 0x01, 0x00, 0x00, // 0x68F0
		0xFF, 0xFF, 0xFF, 0xFF, 0x00, 0x00, 0x00, 0x64,
		0x08, 0x07, 0x00, 0x00, 0xDB, 0x00, 0x00, 0x00, // 0x6900
		0xFF, 0xFF, 0xFF, 0xFF, 0x00, 0x00, 0x00, 0x64,
		0xF4, 0x01, 0x00, 0x00, 0x42, 0x00, 0x00, 0x00, // 0x6910
		0xFF, 0xFF, 0xFF, 0xFF, 0x8B, 0x63, 0x64, 0x42,
		0xDC, 0x05, 0x00, 0x00, 0x42, 0x00, 0x00, 0x00, // 0x6920
		0xFF, 0xFF, 0xFF, 0xFF, 0x62, 0x8B, 0x63, 0x64,
		0xDC, 0x05, 0x00, 0x00, 0x6E, 0x00, 0x00, 0x00, // 0x6930
		0xFF, 0xFF, 0xFF, 0xFF, 0x72, 0x64, 0x00, 0x00,
		0xE8, 0x03, 0x00, 0x00, 0x6E, 0x00, 0x00, 0x00, // 0x6940
		0xFF, 0xFF, 0xFF, 0xFF, 0x77, 0x64, 0x00, 0x00,
		0xDC, 0x05, 0x00, 0x00, 0x6E, 0x00, 0x00, 0x00, // 0x6950
		0xFF, 0xFF, 0xFF, 0xFF, 0x7E, 0x64, 0x00, 0x00,
		0x40, 0x06, 0x00, 0x00, 0x6E, 0x00, 0x00, 0x00, // 0x6960
		0xFF, 0xFF, 0xFF, 0xFF, 0x7F, 0x64, 0x00, 0x00,
		0xDC, 0x05, 0x00, 0x00, 0x6E, 0x00, 0x00, 0x00, // 0x6970
		0xFF, 0xFF, 0xFF, 0xFF, 0x80, 0x64, 0x00, 0x00,
		0xE8, 0x03, 0x00, 0x00, 0x5A, 0x00, 0x00, 0x00, // 0x6980
		0xFF, 0xFF, 0xFF, 0xFF, 0x6A, 0xB8, 0xCC, 0xDA,
		0x90, 0x01, 0x00, 0x00, 0x5A, 0x00, 0x00, 0x00, // 0x6990
		0xFF, 0xFF, 0xFF, 0xFF, 0x98, 0x88, 0x88, 0x5A,
		0xDC, 0x05, 0x00, 0x00, 0x59, 0x00, 0x00, 0x00, // 0x69A0
		0xFF, 0xFF, 0xFF, 0xFF, 0x64, 0x00, 0x00, 0x00,
		0x28, 0xF1, 0x00, 0x00, 0x59, 0x00, 0x00, 0x00, // 0x69B0
		0xFF, 0xFF, 0xFF, 0xFF, 0x00, 0x00, 0x00, 0x64,
		0x10, 0xF5, 0x00, 0x00, 0x60, 0x00, 0x00, 0x00, // 0x69C0
		0xFF, 0xFF, 0xFF, 0xFF, 0x64, 0x00, 0x00, 0x00,
		0x78, 0xEC, 0x00, 0x00, 0x60, 0x00, 0x00, 0x00, // 0x69D0
		0xFF, 0xFF, 0xFF, 0xFF, 0x1A, 0x01, 0x88, 0x00,
		0x24, 0xFA, 0x00, 0x00, 0x60, 0x00, 0x00, 0x00, // 0x69E0
		0xFF, 0xFF, 0xFF, 0xFF, 0x00, 0x00, 0x00, 0x64,
		0x04, 0xF7, 0x00, 0x00, 0xC3, 0x00, 0x00, 0x00, // 0x69F0
		0xFF, 0xFF, 0xFF, 0xFF, 0x00, 0x00, 0x18, 0x68,
		0xE8, 0x03, 0x00, 0x00, 0xD7, 0x00, 0x00, 0x00, // 0x6A00
		0xFF, 0xFF, 0xFF, 0xFF, 0xDC, 0xC7, 0x15, 0x64,
		0x0C, 0xFE, 0x00, 0x00, 0xC0, 0x00, 0x00, 0x00, // 0x6A10
		0xFF, 0xFF, 0xFF, 0xFF, 0xC2, 0x71, 0xA9, 0x64,
		0x3C, 0xF6, 0x00, 0x00, 0x42, 0x00, 0x00, 0x00, // 0x6A20
		0xFF, 0xFF, 0xFF, 0xFF, 0x78, 0xC8, 0x6B, 0x64,
		0x00, 0x00, 0x00, 0x00, 0x42, 0x00, 0x00, 0x00, // 0x6A30
		0xFF, 0xFF, 0xFF, 0xFF, 0x8D, 0x52, 0x6C, 0x64,
		0x24, 0xFA, 0x00, 0x00, 0x6E, 0x00, 0x00, 0x00, // 0x6A40
		0xFF, 0xFF, 0xFF, 0xFF, 0x44, 0x33, 0x22, 0x11,
		0x28, 0xF1, 0x00, 0x00, 0x6E, 0x00, 0x00, 0x00, // 0x6A50
		0xFF, 0xFF, 0xFF, 0xFF, 0x4C, 0x75, 0x71, 0x42,
		0xC4, 0xFF, 0x00, 0x00, 0x6E, 0x00, 0x00, 0x00, // 0x6A60
		0xFF, 0xFF, 0xFF, 0xFF, 0x25, 0x8E, 0x48, 0x20,
		0x00, 0x00, 0x00, 0x00, 0x5A, 0x00, 0x00, 0x00, // 0x6A70
		0x00, 0x00, 0x00, 0x00, 0x00, 0x00, 0x00, 0x00,
		0x24, 0xFA, 0x00, 0x00, 0x59, 0x00, 0x00, 0x00, // 0x6A80
		0x00, 0x00, 0x00, 0x00, 0x00, 0x00, 0x00, 0x00,
		0x0C, 0xFE, 0x00, 0x00, 0x60, 0x00, 0x00, 0x00, // 0x6A90
		0x00, 0x00, 0x00, 0x00, 0x00, 0x00, 0x00, 0x00,
		0x48, 0xF4, 0x00, 0x00, 0x5C, 0x00, 0x00, 0x00, // 0x6AA0
		0x00, 0x00, 0x00, 0x00, 0x00, 0x00, 0x00, 0x00,
		0xB4, 0xFB, 0x00, 0x00, 0xD7, 0x00, 0x00, 0x00, // 0x6AB0
		0x00, 0x00, 0x00, 0x00, 0x00, 0x00, 0x00, 0x00,
		0x0C, 0xFE, 0x00, 0x00, 0xB5, 0x00, 0x00, 0x00, // 0x6AC0
		0x00, 0x00, 0x00, 0x00, 0x00, 0x00, 0x00, 0x00,
		0x0C, 0xFE, 0x00, 0x00, 0xEE, 0x00, 0x00, 0x00, // 0x6AD0
		0x00, 0x00, 0x00, 0x00, 0x00, 0x00, 0x00, 0x00,
		0x18, 0xFC, 0x00, 0x00, 0x42, 0x00, 0x00, 0x00, // 0x6AE0
		0x00, 0x00, 0x00, 0x00, 0x00, 0x00, 0x00, 0x00,
		0x0C, 0xFE, 0x00, 0x00, 0x6E, 0x00, 0x00, 0x00, // 0x6AF0
		0x00, 0x00, 0x00, 0x00, 0x00, 0x00, 0x00, 0x00,
		0x24, 0xFA, 0x00, 0x00, 0x4D, 0x69, 0x20, 0x31, // 0x6B00
		0x31, 0x55, 0x00, 0x00, 0x01, 0x00, 0x00, 0x00,
		0xA7, 0x79, 0x00, 0x00, 0xD6, 0x17, 0x00, 0x00, // 0x6B10
		0xEC, 0x15, 0x00, 0x00, 0x78, 0x15, 0x00, 0x00,
		0x00, 0x00, 0x00, 0x00, 0x00, 0x00, 0x00, 0x00, // 0x6B20
		0x00, 0x00, 0x00, 0x08, 0x02, 0x00, 0x00, 0x00,
		0x93, 0x79, 0x00, 0x00, 0x90, 0x18, 0x00, 0x00, // 0x6B30
		0x86, 0x15, 0x00, 0x00, 0x78, 0x15, 0x00, 0x00,
		0x00, 0x00, 0x00, 0x00, 0x00, 0x00, 0x00, 0x00, // 0x6B40
		0x00, 0x00, 0x00, 0x08, 0x04, 0x00, 0x00, 0x00,
		0x98, 0x79, 0x00, 0x00, 0xB8, 0x17, 0x00, 0x00, // 0x6B50
		0x56, 0x16, 0x00, 0x00, 0x00, 0x00, 0x00, 0x00,
		0x00, 0x00, 0x00, 0x00, 0x00, 0x00, 0x00, 0x00, // 0x6B60
		0x00, 0x00, 0x00, 0x00, 0x08, 0x00, 0x00, 0x00,
		0xA5, 0x79, 0x00, 0x00, 0x9A, 0x17, 0x00, 0x00, // 0x6B70
		0x1A, 0x16, 0x00, 0x00, 0x00, 0x00, 0x00, 0x00,
		0x00, 0x00, 0x00, 0x08, 0x00, 0x00, 0x00, 0x08, // 0x6B80
		0x00, 0x00, 0x00, 0x08, 0x20, 0x00, 0x00, 0x00,
		0xAA, 0x79, 0x00, 0x00, 0x6C, 0x17, 0x00, 0x00, // 0x6B90
		0x44, 0x15, 0x00, 0x00, 0x00, 0x00, 0x00, 0x00,
		0x00, 0x00, 0x80, 0x00, 0x00, 0x00, 0x00, 0x01, // 0x6BA0
		0x00, 0x00, 0x00, 0x01, 0x10, 0x00, 0x00, 0x00,
		0xB0, 0x79, 0x00, 0x00, 0x26, 0x18, 0x00, 0x00, // 0x6BB0
		0x34, 0x17, 0x00, 0x00, 0x00, 0x00, 0x00, 0x00,
		0x00, 0x00, 0x00, 0x10, 0x00, 0x00, 0x00, 0x40, // 0x6BC0
		0x00, 0x00, 0x00, 0x20, 0x00, 0x01, 0x00, 0x00,
		0xBC, 0x79, 0x00, 0x00, 0x02, 0x18, 0x00, 0x00, // 0x6BD0
		0x40, 0x15, 0x00, 0x00, 0x00, 0x00, 0x00, 0x00,
		0x00, 0x02, 0x00, 0x00, 0x00, 0x00, 0x00, 0x00, // 0x6BE0
		0x00, 0x04, 0x00, 0x00, 0xC8, 0x00, 0xF4, 0x01,
		0x20, 0x03, 0xE8, 0x03, 0x7E, 0x04, 0x14, 0x05, // 0x6BF0
		0x78, 0x05, 0xDC, 0x05, 0xC8, 0x00, 0x58, 0x02,
		0x84, 0x03, 0xB0, 0x04, 0x78, 0x05, 0x40, 0x06, // 0x6C00
		0x08, 0x07, 0xD0, 0x07, 0x2C, 0x01, 0x58, 0x02,
		0x20, 0x03, 0xE8, 0x03, 0xB0, 0x04, 0x40, 0x06, // 0x6C10
		0xD0, 0x07, 0x98, 0x08, 0x60, 0x09, 0x28, 0x0A,
		0xF0, 0x0A, 0xB8, 0x0B, 0x48, 0x0D, 0x3C, 0x0F, // 0x6C20
		0x94, 0x11, 0x50, 0x14, 0xF4, 0x01, 0x20, 0x03,
		0xE8, 0x03, 0x4C, 0x04, 0xB0, 0x04, 0x14, 0x05, // 0x6C30
		0x78, 0x05, 0x40, 0x06, 0x6C, 0x07, 0x98, 0x08,
		0x28, 0x0A, 0x00, 0x00, 0xD4, 0x14, 0x25, 0x14, // 0x6C40
		0x5F, 0x03, 0x3E, 0x03, 0x62, 0x92, 0xC4, 0x6C,
		0x62, 0xB2, 0x7F, 0x03, 0x5F, 0x03, 0x9E, 0x03, // 0x6C50
		0xAE, 0x5C, 0x42, 0xB3, 0x00, 0x33, 0x02, 0xEA,
		0x0F, 0x27, 0x63, 0xB4, 0x04, 0x33, 0xA1, 0xB4, // 0x6C60
		0x60, 0xB4, 0x7D, 0x13, 0xA2, 0xB4, 0x41, 0xB3,
		0x00, 0x32, 0x01, 0x31, 0x42, 0xB3, 0x07, 0x32, // 0x6C70
		0x1D, 0x30, 0x40, 0xB3, 0x00, 0xE0, 0x40, 0x05,
		0x58, 0x13, 0x80, 0x33, 0x76, 0x43, 0x60, 0xB2, // 0x6C80
		0x17, 0x13, 0xFF, 0xE3, 0x4F, 0xCD, 0x37, 0x13,
		0x77, 0x13, 0xA2, 0xB8, 0x17, 0x13, 0x21, 0xB8, // 0x6C90
		0xA0, 0x93, 0x57, 0x13, 0x8C, 0x60, 0x03, 0x23,
		0x0E, 0x64, 0x84, 0x60, 0xA0, 0xB2, 0xF9, 0x0B, // 0x6CA0
		0x74, 0x13, 0x01, 0x32, 0x34, 0x13, 0x41, 0xB3,
		0x00, 0x33, 0x4E, 0x5B, 0x42, 0xEB, 0x04, 0x01, // 0x6CB0
		0x92, 0x08, 0x23, 0xEA, 0x02, 0x60, 0x40, 0x93,
		0x97, 0x3A, 0x40, 0xB3, 0x01, 0x31, 0x40, 0x93, // 0x6CC0
		0xB6, 0x3A, 0x40, 0xB3, 0x40, 0x93, 0x95, 0x3A,
		0x40, 0xB3, 0x40, 0x93, 0x94, 0x3A, 0x40, 0xB3, // 0x6CD0
		0x40, 0x93, 0x92, 0x3A, 0x93, 0x3A, 0x40, 0xB3,
		0x40, 0x93, 0xB3, 0x3A, 0x40, 0xB3, 0x40, 0x93, // 0x6CE0
		0x90, 0x3A, 0x91, 0x3A, 0x40, 0xB3, 0x40, 0x93,
		0xB1, 0x3A, 0x40, 0xB3, 0xB1, 0x32, 0x41, 0xB3, // 0x6CF0
		0x00, 0x32, 0x44, 0xB3, 0x01, 0x32, 0x47, 0xB3,
		0x48, 0x93, 0x84, 0x68, 0x88, 0x74, 0x40, 0x3A, // 0x6D00
		0xFC, 0x0B, 0x4A, 0x93, 0x7D, 0x12, 0xBE, 0x12,
		0xCA, 0x64, 0x6C, 0x08, 0x61, 0x95, 0x16, 0x8D, // 0x6D10
		0x67, 0xB5, 0xFF, 0xE3, 0x9A, 0xCE, 0x23, 0xEA,
		0x01, 0x40, 0x42, 0x93, 0x01, 0x31, 0x42, 0xB3, // 0x6D20
		0x00, 0x30, 0xC0, 0xC7, 0x26, 0x50, 0xFF, 0xE3,
		0x6D, 0xCF, 0x02, 0x2E, 0xFF, 0xE3, 0x6C, 0xCE, // 0x6D30
		0xC0, 0x33, 0x77, 0x43, 0x40, 0x93, 0x88, 0x3A,
		0x89, 0x3A, 0x40, 0xB3, 0x71, 0x12, 0x01, 0x31, // 0x6D40
		0x42, 0x93, 0x42, 0xEC, 0x08, 0x00, 0x42, 0xB3,
		0x80, 0x30, 0x43, 0x93, 0x83, 0x3A, 0x43, 0xB3, // 0x6D50
		0x42, 0x93, 0x82, 0x3A, 0x42, 0xB3, 0x43, 0x93,
		0x82, 0x3A, 0x43, 0xB3, 0xFF, 0xE3, 0x52, 0xCF, // 0x6D60
		0x00, 0x31, 0x08, 0x30, 0xFF, 0xE3, 0x4E, 0xCF,
		0x27, 0x12, 0x48, 0x12, 0x08, 0x12, 0xFF, 0xE3, // 0x6D70
		0xD9, 0xCC, 0x68, 0x12, 0x01, 0x30, 0x65, 0xDC,
		0x41, 0x20, 0xFF, 0xE3, 0xB8, 0xFC, 0x46, 0x12, // 0x6D80
		0x00, 0x30, 0x62, 0x92, 0x63, 0xEC, 0x80, 0x00,
		0x62, 0xB2, 0x4E, 0x11, 0x62, 0x92, 0x63, 0xEC, // 0x6D90
		0x00, 0x04, 0x62, 0xB2, 0xFF, 0xE3, 0x0A, 0xD0,
		0x60, 0x12, 0x00, 0x31, 0x00, 0x12, 0x63, 0xB4, // 0x6DA0
		0xFF, 0xE3, 0x4D, 0xCB, 0x1F, 0x11, 0xFF, 0xE3,
		0xBD, 0xCC, 0xC0, 0xC7, 0x23, 0x50, 0x00, 0x2B, // 0x6DB0
		0x64, 0xB8, 0x41, 0x98, 0x60, 0x94, 0x53, 0x92,
		0x49, 0x5B, 0x40, 0xB8, 0x41, 0x98, 0x73, 0xB2, // 0x6DC0
		0x61, 0x94, 0xE0, 0x93, 0x42, 0x98, 0x8E, 0x64,
		0x0F, 0x08, 0x63, 0x94, 0x40, 0x3B, 0xF2, 0x0F, // 0x6DD0
		0xCD, 0x7B, 0xF0, 0x07, 0x0A, 0x11, 0x0C, 0x60,
		0xC4, 0x60, 0x60, 0x93, 0x60, 0xB0, 0xCB, 0x6C, // 0x6DE0
		0x65, 0x07, 0x00, 0x33, 0x95, 0x07, 0xA3, 0xE4,
		0x0F, 0x10, 0x22, 0x95, 0x44, 0x98, 0x86, 0x64, // 0x6DF0
		0x06, 0x08, 0x00, 0x33, 0x62, 0xB5, 0xDF, 0x6C,
		0xE0, 0x97, 0xE5, 0x07, 0x01, 0x95, 0x40, 0x98, // 0x6E00
		0x49, 0x58, 0x43, 0xB8, 0x40, 0x98, 0x08, 0x64,
		0x00, 0x30, 0x43, 0x98, 0x40, 0xC4, 0x40, 0x0C, // 0x6E10
		0x41, 0xB5, 0x40, 0x3A, 0xF1, 0x0B, 0x86, 0x65,
		0x06, 0x08, 0x63, 0x95, 0xCD, 0x7B, 0x01, 0x33, // 0x6E20
		0x61, 0xB5, 0xEA, 0x07, 0x40, 0x39, 0xE8, 0x0B,
		0x41, 0x93, 0x20, 0x93, 0x03, 0x95, 0x41, 0xB1, // 0x6E30
		0x20, 0xB2, 0x00, 0x32, 0x40, 0xB3, 0x41, 0xB3,
		0x00, 0x33, 0x63, 0xB5, 0xC1, 0x7B, 0xDC, 0x07, // 0x6E40
		0x00, 0xD0, 0x00, 0x40, 0x60, 0x02, 0x02, 0x00,
		0x00, 0x80, 0x00, 0x40, 0x13, 0x00, 0x80, 0x80, // 0x6E50
		0xF0, 0x04, 0x00, 0x20, 0x10, 0xE0, 0x00, 0xE0,
		0x00, 0xE1, 0x00, 0xE0, 0xB0, 0x7D, 0x00, 0x00, // 0x6E60
		0xF4, 0x0B, 0x00, 0x20, 0x30, 0x00, 0x01, 0x50,
		0x7C, 0x00, 0x01, 0x50, 0xD0, 0xFF, 0xFE, 0xAF, // 0x6E70
		0x00, 0xE0, 0x00, 0x40, 0x00, 0x01, 0x00, 0x00,
		0xE0, 0x12, 0x27, 0x44, 0x00, 0x00, 0x00, 0x20, // 0x6E80
		0x00, 0x60, 0x00, 0x40, 0x0C, 0x6B, 0x00, 0x00,
		0xBD, 0x7D, 0x00, 0x00, 0xC5, 0x7D, 0x00, 0x00, // 0x6E90
		0x67, 0x00, 0x00, 0x02, 0x00, 0x40, 0x01, 0x40,
		0xB8, 0x58, 0x00, 0x00, 0x9A, 0x65, 0x00, 0x00, // 0x6EA0
		0xCE, 0x7D, 0x00, 0x00, 0x44, 0x3A, 0x54, 0x52,
		0x49, 0x4D, 0x20, 0x56, 0x65, 0x72, 0x73, 0x69, // 0x6EB0
		0x6F, 0x6E, 0x3A, 0x20, 0x25, 0x78, 0x0A, 0x00,
		0x44, 0x3A, 0x44, 0x61, 0x74, 0x65, 0x3A, 0x20, // 0x6EC0
		0x25, 0x64, 0x2E, 0x25, 0x64, 0x2E, 0x25, 0x64,
		0x2D, 0x25, 0x64, 0x3A, 0x25, 0x64, 0x3A, 0x25, // 0x6ED0
		0x64, 0x0A, 0x00, 0x44, 0x3A, 0x57, 0x61, 0x66,
		0x65, 0x5B, 0x25, 0x64, 0x5D, 0x3A, 0x20, 0x25, // 0x6EE0
		0x64, 0x2E, 0x25, 0x64, 0x0A, 0x00, 0x44, 0x3A,
		0x53, 0x4E, 0x53, 0x4B, 0x52, 0x20, 0x56, 0x4F, // 0x6EF0
		0x53, 0x3A, 0x25, 0x64, 0x20, 0x53, 0x4E, 0x53,
		0x4B, 0x52, 0x20, 0x47, 0x41, 0x49, 0x4E, 0x3A, // 0x6F00
		0x25, 0x64, 0x0A, 0x00, 0x44, 0x3A, 0x43, 0x43,
		0x20, 0x47, 0x41, 0x49, 0x4E, 0x3A, 0x25, 0x64, // 0x6F10
		0x0A, 0x00, 0x44, 0x3A, 0x52, 0x58, 0x5F, 0x49,
		0x4F, 0x55, 0x54, 0x5F, 0x47, 0x41, 0x49, 0x4E, // 0x6F20
		0x5F, 0x31, 0x41, 0x3A, 0x25, 0x64, 0x20, 0x52,
		0x58, 0x5F, 0x49, 0x4F, 0x55, 0x54, 0x5F, 0x47, // 0x6F30
		0x41, 0x49, 0x4E, 0x5F, 0x44, 0x45, 0x4C, 0x54,
		0x41, 0x3A, 0x25, 0x64, 0x20, 0x52, 0x58, 0x5F, // 0x6F40
		0x49, 0x4F, 0x55, 0x54, 0x5F, 0x47, 0x41, 0x49,
		0x4E, 0x5F, 0x44, 0x45, 0x4C, 0x54, 0x41, 0x5F, // 0x6F50
		0x32, 0x3A, 0x25, 0x64, 0x0A, 0x00, 0x44, 0x3A,
		0x56, 0x52, 0x45, 0x43, 0x54, 0x5F, 0x4F, 0x46, // 0x6F60
		0x46, 0x53, 0x45, 0x54, 0x3A, 0x25, 0x64, 0x20,
		0x56, 0x52, 0x45, 0x43, 0x54, 0x5F, 0x47, 0x41, // 0x6F70
		0x49, 0x4E, 0x3A, 0x25, 0x64, 0x0A, 0x00, 0x44,
		0x3A, 0x56, 0x4F, 0x55, 0x54, 0x5F, 0x4F, 0x46, // 0x6F80
		0x46, 0x53, 0x45, 0x54, 0x3A, 0x25, 0x64, 0x20,
		0x56, 0x4F, 0x55, 0x54, 0x5F, 0x47, 0x41, 0x49, // 0x6F90
		0x4E, 0x3A, 0x25, 0x64, 0x0A, 0x00, 0x44, 0x3A,
		0x54, 0x5F, 0x44, 0x49, 0x45, 0x3A, 0x25, 0x64, // 0x6FA0
		0x0A, 0x00, 0x49, 0x3A, 0x51, 0x4B, 0x5F, 0x48,
		0x32, 0x48, 0x3A, 0x25, 0x64, 0x20, 0x51, 0x4B, // 0x6FB0
		0x5F, 0x48, 0x32, 0x4C, 0x3A, 0x25, 0x64, 0x20,
		0x51, 0x4B, 0x5F, 0x4C, 0x32, 0x48, 0x3A, 0x25, // 0x6FC0
		0x64, 0x20, 0x51, 0x4B, 0x5F, 0x4C, 0x32, 0x4C,
		0x3A, 0x25, 0x64, 0x0A, 0x00, 0x44, 0x3A, 0x43, // 0x6FD0
		0x68, 0x69, 0x70, 0x20, 0x49, 0x44, 0x3A, 0x25,
		0x58, 0x0A, 0x00, 0x44, 0x3A, 0x46, 0x69, 0x72, // 0x6FE0
		0x6D, 0x77, 0x61, 0x72, 0x65, 0x20, 0x76, 0x65,
		0x72, 0x73, 0x69, 0x6F, 0x6E, 0x3A, 0x25, 0x58, // 0x6FF0
		0x0A, 0x00, 0x44, 0x3A, 0x48, 0x61, 0x72, 0x64,
		0x77, 0x61, 0x72, 0x65, 0x20, 0x76, 0x65, 0x72, // 0x7000
		0x73, 0x69, 0x6F, 0x6E, 0x3A, 0x25, 0x58, 0x0A,
		0x00, 0x44, 0x3A, 0x47, 0x69, 0x74, 0x20, 0x76, // 0x7010
		0x65, 0x72, 0x73, 0x69, 0x6F, 0x6E, 0x3A, 0x25,
		0x58, 0x0A, 0x00, 0x44, 0x3A, 0x4D, 0x61, 0x6E, // 0x7020
		0x75, 0x66, 0x61, 0x63, 0x74, 0x75, 0x72, 0x65,
		0x20, 0x43, 0x6F, 0x64, 0x65, 0x3A, 0x25, 0x30, // 0x7030
		0x34, 0x58, 0x0A, 0x00, 0x44, 0x3A, 0x46, 0x69,
		0x72, 0x6D, 0x77, 0x61, 0x72, 0x65, 0x20, 0x63, // 0x7040
		0x68, 0x65, 0x63, 0x6B, 0x3A, 0x25, 0x58, 0x0A,
		0x00, 0x45, 0x3A, 0x45, 0x72, 0x72, 0x20, 0x63, // 0x7050
		0x6F, 0x64, 0x65, 0x3D, 0x25, 0x64, 0x0A, 0x00,
		0x44, 0x3A, 0x41, 0x43, 0x20, 0x4C, 0x6F, 0x73, // 0x7060
		0x73, 0x20, 0x25, 0x64, 0x6D, 0x73, 0x0A, 0x00,
		0x49, 0x3A, 0x4C, 0x44, 0x4F, 0x20, 0x4F, 0x4E, // 0x7070
		0x20, 0x46, 0x69, 0x6E, 0x69, 0x73, 0x68, 0x3A,
		0x20, 0x25, 0x64, 0x6D, 0x56, 0x40, 0x25, 0x64, // 0x7080
		0x6D, 0x41, 0x0A, 0x00, 0x49, 0x3A, 0x4C, 0x44,
		0x4F, 0x20, 0x4F, 0x4E, 0x20, 0x61, 0x74, 0x20, // 0x7090
		0x56, 0x72, 0x65, 0x63, 0x74, 0x3D, 0x25, 0x64,
		0x6D, 0x56, 0x0A, 0x00, 0x45, 0x50, 0x50, 0x00, // 0x70A0
		0x42, 0x50, 0x50, 0x00, 0x46, 0x75, 0x6C, 0x6C,
		0x00, 0x48, 0x61, 0x6C, 0x66, 0x00, 0x49, 0x3A, // 0x70B0
		0x4C, 0x44, 0x4F, 0x20, 0x4F, 0x46, 0x46, 0x0A,
		0x00, 0x49, 0x3A, 0x53, 0x6F, 0x66, 0x74, 0x5F, // 0x70C0
		0x53, 0x43, 0x50, 0x5F, 0x50, 0x72, 0x6F, 0x74,
		0x65, 0x63, 0x74, 0x69, 0x6F, 0x6E, 0x21, 0x0A, // 0x70D0
		0x00, 0x49, 0x3A, 0x76, 0x73, 0x79, 0x73, 0x5F,
		0x72, 0x65, 0x67, 0x5F, 0x4F, 0x46, 0x46, 0x21, // 0x70E0
		0x0A, 0x00, 0x49, 0x3A, 0x76, 0x73, 0x79, 0x73,
		0x5F, 0x72, 0x65, 0x67, 0x5F, 0x4F, 0x4E, 0x21, // 0x70F0
		0x0A, 0x00, 0x49, 0x3A, 0x76, 0x73, 0x79, 0x73,
		0x5F, 0x69, 0x6F, 0x5F, 0x4F, 0x46, 0x46, 0x21, // 0x7100
		0x0A, 0x00, 0x49, 0x3A, 0x76, 0x73, 0x79, 0x73,
		0x5F, 0x69, 0x6F, 0x5F, 0x4F, 0x4E, 0x21, 0x0A, // 0x7110
		0x00, 0x49, 0x3A, 0x52, 0x65, 0x73, 0x70, 0x6F,
		0x6E, 0x73, 0x65, 0x3A, 0x25, 0x58, 0x0A, 0x00, // 0x7120
		0x46, 0x61, 0x69, 0x6C, 0x65, 0x64, 0x00, 0x49,
		0x3A, 0x46, 0x69, 0x72, 0x73, 0x74, 0x20, 0x43, // 0x7130
		0x61, 0x6C, 0x69, 0x62, 0x72, 0x61, 0x74, 0x69,
		0x6F, 0x6E, 0x0A, 0x00, 0x49, 0x3A, 0x46, 0x53, // 0x7140
		0x4B, 0x20, 0x43, 0x46, 0x47, 0x3D, 0x25, 0x64,
		0x0A, 0x00, 0x49, 0x3A, 0x41, 0x64, 0x64, 0x69, // 0x7150
		0x74, 0x69, 0x6F, 0x6E, 0x61, 0x6C, 0x20, 0x43,
		0x61, 0x6C, 0x69, 0x62, 0x72, 0x61, 0x74, 0x69, // 0x7160
		0x6F, 0x6E, 0x0A, 0x00, 0x49, 0x3A, 0x45, 0x6E,
		0x74, 0x65, 0x72, 0x20, 0x50, 0x6F, 0x77, 0x65, // 0x7170
		0x72, 0x20, 0x54, 0x72, 0x61, 0x6E, 0x73, 0x66,
		0x65, 0x72, 0x0A, 0x00, 0x49, 0x3A, 0x41, 0x50, // 0x7180
		0x20, 0x43, 0x4D, 0x44, 0x3D, 0x30, 0x78, 0x25,
		0x30, 0x38, 0x78, 0x0A, 0x00, 0x49, 0x3A, 0x53, // 0x7190
		0x65, 0x74, 0x56, 0x6F, 0x75, 0x74, 0x3A, 0x20,
		0x25, 0x64, 0x6D, 0x56, 0x20, 0x2D, 0x2D, 0x2D, // 0x71A0
		0x3E, 0x20, 0x25, 0x64, 0x6D, 0x56, 0x0A, 0x00,
		0x49, 0x3A, 0x25, 0x73, 0x20, 0x52, 0x65, 0x6E, // 0x71B0
		0x65, 0x67, 0x20, 0x43, 0x4D, 0x44, 0x20, 0x74,
		0x6F, 0x20, 0x25, 0x64, 0x0A, 0x00, 0x49, 0x3A, // 0x71C0
		0x25, 0x73, 0x20, 0x46, 0x61, 0x6B, 0x65, 0x20,
		0x46, 0x61, 0x73, 0x74, 0x20, 0x43, 0x68, 0x61, // 0x71D0
		0x72, 0x67, 0x65, 0x20, 0x43, 0x4D, 0x44, 0x0A,
		0x00, 0x49, 0x3A, 0x25, 0x73, 0x20, 0x46, 0x61, // 0x71E0
		0x73, 0x74, 0x20, 0x43, 0x68, 0x61, 0x72, 0x67,
		0x65, 0x20, 0x43, 0x4D, 0x44, 0x0A, 0x00, 0x49, // 0x71F0
		0x3A, 0x25, 0x73, 0x20, 0x54, 0x72, 0x61, 0x6E,
		0x73, 0x70, 0x61, 0x72, 0x65, 0x6E, 0x74, 0x20, // 0x7200
		0x73, 0x65, 0x6E, 0x64, 0x20, 0x43, 0x4D, 0x44,
		0x2C, 0x30, 0x78, 0x00, 0x25, 0x58, 0x20, 0x00, // 0x7210
		0x49, 0x3A, 0x25, 0x73, 0x3A, 0x25, 0x64, 0x6D,
		0x57, 0x20, 0x56, 0x52, 0x65, 0x63, 0x74, 0x3A, // 0x7220
		0x25, 0x64, 0x6D, 0x56, 0x20, 0x56, 0x6F, 0x75,
		0x74, 0x3A, 0x25, 0x64, 0x6D, 0x56, 0x20, 0x49, // 0x7230
		0x6F, 0x75, 0x74, 0x3A, 0x25, 0x64, 0x6D, 0x41,
		0x20, 0x25, 0x64, 0x2E, 0x25, 0x64, 0x43, 0x20, // 0x7240
		0x25, 0x73, 0x3A, 0x25, 0x64, 0x2E, 0x25, 0x64,
		0x6B, 0x48, 0x7A, 0x0A, 0x00, 0x49, 0x3A, 0x54, // 0x7250
		0x58, 0x20, 0x55, 0x55, 0x49, 0x44, 0x3D, 0x25,
		0x30, 0x38, 0x58, 0x0A, 0x00, 0x49, 0x3A, 0x41, // 0x7260
		0x64, 0x61, 0x70, 0x74, 0x65, 0x72, 0x20, 0x54,
		0x79, 0x70, 0x65, 0x3D, 0x25, 0x64, 0x0A, 0x00, // 0x7270
		0x49, 0x3A, 0x2D, 0x2D, 0x44, 0x65, 0x66, 0x61,
		0x75, 0x6C, 0x74, 0x20, 0x48, 0x61, 0x6E, 0x64, // 0x7280
		0x6C, 0x65, 0x72, 0x2D, 0x2D, 0x0A, 0x00, 0x49,
		0x3A, 0x4C, 0x52, 0x3A, 0x25, 0x30, 0x38, 0x58, // 0x7290
		0x0A, 0x00, 0x49, 0x3A, 0x65, 0x70, 0x63, 0x3A,
		0x25, 0x30, 0x38, 0x58, 0x0A, 0x00, 0x49, 0x3A, // 0x72A0
		0x65, 0x70, 0x63, 0x2D, 0x73, 0x70, 0x3A, 0x25,
		0x30, 0x38, 0x58, 0x0A, 0x00, 0x49, 0x3A, 0x70, // 0x72B0
		0x73, 0x72, 0x3A, 0x25, 0x30, 0x38, 0x58, 0x0A,
		0x00, 0x49, 0x3A, 0x65, 0x70, 0x73, 0x72, 0x3A, // 0x72C0
		0x25, 0x30, 0x38, 0x58, 0x0A, 0x00, 0x49, 0x3A,
		0x65, 0x70, 0x73, 0x72, 0x2D, 0x73, 0x70, 0x3A, // 0x72D0
		0x25, 0x30, 0x38, 0x58, 0x0A, 0x00, 0x49, 0x3A,
		0x56, 0x49, 0x43, 0x2D, 0x49, 0x53, 0x52, 0x3A, // 0x72E0
		0x25, 0x30, 0x38, 0x58, 0x0A, 0x00, 0x49, 0x3A,
		0x2D, 0x2D, 0x2D, 0x2D, 0x2D, 0x2D, 0x0A, 0x00, // 0x72F0
		0x49, 0x3A, 0x53, 0x74, 0x61, 0x63, 0x6B, 0x3A,
		0x25, 0x30, 0x38, 0x58, 0x20, 0x74, 0x6F, 0x20, // 0x7300
		0x25, 0x30, 0x38, 0x58, 0x0A, 0x00, 0x49, 0x3A,
		0x53, 0x50, 0x3D, 0x25, 0x30, 0x38, 0x58, 0x0A, // 0x7310
		0x00, 0x49, 0x3A, 0x25, 0x30, 0x38, 0x58, 0x3D,
		0x25, 0x30, 0x38, 0x58, 0x0A, 0x00, 0x49, 0x3A, // 0x7320
		0x45, 0x46, 0x42, 0x45, 0x41, 0x44, 0x44, 0x45,
		0x20, 0x61, 0x74, 0x20, 0x25, 0x30, 0x38, 0x58, // 0x7330
		0x0A, 0x00, 0x49, 0x3A, 0x25, 0x73, 0x20, 0x52,
		0x65, 0x6E, 0x65, 0x67, 0x6F, 0x74, 0x69, 0x61, // 0x7340
		0x74, 0x69, 0x6F, 0x6E, 0x3D, 0x25, 0x64, 0x0A,
		0x00, 0x49, 0x3A, 0x25, 0x73, 0x20, 0x46, 0x61, // 0x7350
		0x73, 0x74, 0x20, 0x43, 0x68, 0x61, 0x72, 0x67,
		0x65, 0x20, 0x52, 0x65, 0x71, 0x75, 0x65, 0x73, // 0x7360
		0x74, 0x20, 0x43, 0x68, 0x61, 0x6E, 0x67, 0x69,
		0x6E, 0x67, 0x20, 0x74, 0x6F, 0x20, 0x25, 0x64, // 0x7370
		0x20, 0x6D, 0x56, 0x0A, 0x00, 0x58, 0x69, 0x61,
		0x6F, 0x6D, 0x69, 0x52, 0x78, 0x00, 0x45, 0x3A, // 0x7380
		0x57, 0x61, 0x74, 0x63, 0x68, 0x64, 0x6F, 0x67,
		0x20, 0x52, 0x65, 0x73, 0x65, 0x74, 0x2E, 0x0A, // 0x7390
		0x00, 0x56, 0x6F, 0x6C, 0x74, 0x20, 0x53, 0x75,
		0x63, 0x63, 0x65, 0x73, 0x73, 0x00, 0x44, 0x3A, // 0x73A0
		0x6D, 0x6C, 0x64, 0x6F, 0x2D, 0x69, 0x72, 0x71,
		0x3A, 0x25, 0x30, 0x38, 0x58, 0x0A, 0x00, 0x45, // 0x73B0
		0x3A, 0x4C, 0x44, 0x4F, 0x30, 0x20, 0x4F, 0x43,
		0x50, 0x0A, 0x00, 0x49, 0x3A, 0x43, 0x6C, 0x61, // 0x73C0
		0x6D, 0x70, 0x20, 0x4F, 0x56, 0x50, 0x0A, 0x00,
		0x45, 0x3A, 0x48, 0x4F, 0x56, 0x50, 0x0A, 0x00, // 0x73D0
		0x45, 0x3A, 0x54, 0x58, 0x20, 0x42, 0x52, 0x47,
		0x20, 0x4F, 0x43, 0x50, 0x21, 0x0A, 0x00, 0x49, // 0x73E0
		0x3A, 0x42, 0x50, 0x50, 0x20, 0x4D, 0x6F, 0x64,
		0x65, 0x0A, 0x00, 0x49, 0x3A, 0x45, 0x50, 0x54, // 0x73F0
		0x3A, 0x20, 0x25, 0x64, 0x0A, 0x00, 0x49, 0x3A,
		0x53, 0x52, 0x3A, 0x20, 0x52, 0x3D, 0x25, 0x64, // 0x7400
		0x20, 0x50, 0x3D, 0x25, 0x64, 0x0A, 0x00, 0x49,
		0x3A, 0x46, 0x4F, 0x44, 0x2F, 0x25, 0x64, 0x3D, // 0x7410
		0x25, 0x64, 0x0A, 0x00, 0x49, 0x3A, 0x47, 0x52,
		0x3A, 0x20, 0x52, 0x3D, 0x25, 0x64, 0x0A, 0x00, // 0x7420
		0x49, 0x3A, 0x56, 0x6F, 0x75, 0x74, 0x20, 0x6F,
		0x6E, 0x0A, 0x00, 0x49, 0x3A, 0x53, 0x74, 0x61, // 0x7430
		0x72, 0x74, 0x20, 0x4F, 0x56, 0x50, 0x2C, 0x56,
		0x52, 0x65, 0x63, 0x74, 0x3D, 0x25, 0x64, 0x20, // 0x7440
		0x72, 0x78, 0x2E, 0x73, 0x74, 0x61, 0x72, 0x74,
		0x5F, 0x6F, 0x76, 0x70, 0x3D, 0x25, 0x64, 0x0A, // 0x7450
		0x00, 0x49, 0x3A, 0x53, 0x53, 0x3D, 0x25, 0x64,
		0x20, 0x56, 0x52, 0x65, 0x63, 0x74, 0x3D, 0x25, // 0x7460
		0x64, 0x0A, 0x00, 0x49, 0x3A, 0x46, 0x72, 0x65,
		0x71, 0x3A, 0x25, 0x64, 0x2E, 0x25, 0x64, 0x6B, // 0x7470
		0x48, 0x7A, 0x0A, 0x00, 0x49, 0x3A, 0x49, 0x44,
		0x3A, 0x20, 0x6D, 0x66, 0x72, 0x5F, 0x63, 0x6F, // 0x7480
		0x64, 0x65, 0x3D, 0x30, 0x58, 0x25, 0x30, 0x34,
		0x58, 0x0A, 0x00, 0x49, 0x3A, 0x50, 0x6F, 0x77, // 0x7490
		0x65, 0x72, 0x20, 0x47, 0x6F, 0x6F, 0x64, 0x0A,
		0x00, 0x49, 0x3A, 0x43, 0x46, 0x47, 0x3A, 0x4E, // 0x74A0
		0x65, 0x67, 0x3D, 0x25, 0x64, 0x2C, 0x52, 0x65,
		0x66, 0x20, 0x70, 0x6F, 0x77, 0x65, 0x72, 0x3D, // 0x74B0
		0x25, 0x64, 0x2C, 0x57, 0x69, 0x6E, 0x20, 0x6F,
		0x66, 0x66, 0x73, 0x65, 0x74, 0x3D, 0x25, 0x64, // 0x74C0
		0x2C, 0x57, 0x69, 0x6E, 0x20, 0x73, 0x69, 0x7A,
		0x65, 0x3D, 0x25, 0x64, 0x2C, 0x50, 0x6F, 0x6C, // 0x74D0
		0x3D, 0x25, 0x64, 0x2C, 0x44, 0x70, 0x74, 0x68,
		0x3D, 0x25, 0x64, 0x0A, 0x00, 0x49, 0x3A, 0x52, // 0x74E0
		0x45, 0x4E, 0x45, 0x47, 0x0A, 0x00, 0x52, 0x65,
		0x71, 0x75, 0x65, 0x73, 0x74, 0x00, 0x49, 0x3A, // 0x74F0
		0x25, 0x73, 0x20, 0x25, 0x73, 0x20, 0x25, 0x73,
		0x0A, 0x00, 0x49, 0x3A, 0x66, 0x6F, 0x72, 0x63, // 0x7500
		0x65, 0x64, 0x6C, 0x79, 0x20, 0x63, 0x6F, 0x6E,
		0x6E, 0x65, 0x63, 0x74, 0x20, 0x6C, 0x6F, 0x61, // 0x7510
		0x64, 0x0A, 0x00, 0x49, 0x3A, 0x4F, 0x56, 0x45,
		0x52, 0x20, 0x56, 0x4F, 0x4C, 0x54, 0x41, 0x47, // 0x7520
		0x45, 0x20, 0x66, 0x6F, 0x72, 0x20, 0x32, 0x30,
		0x2A, 0x63, 0x65, 0x70, 0x2C, 0x52, 0x65, 0x73, // 0x7530
		0x74, 0x61, 0x72, 0x74, 0x20, 0x54, 0x58, 0x2E,
		0x0A, 0x00, 0x49, 0x3A, 0x4F, 0x56, 0x50, 0x20, // 0x7540
		0x63, 0x6E, 0x74, 0x3A, 0x25, 0x64, 0x0A, 0x00,
		0x49, 0x3A, 0x25, 0x73, 0x20, 0x41, 0x75, 0x74, // 0x7550
		0x6F, 0x20, 0x54, 0x61, 0x73, 0x6B, 0x20, 0x30,
		0x78, 0x25, 0x30, 0x32, 0x58, 0x0A, 0x00, 0x49, // 0x7560
		0x3A, 0x57, 0x49, 0x4E, 0x3A, 0x25, 0x64, 0x20,
		0x4F, 0x46, 0x46, 0x53, 0x45, 0x54, 0x3A, 0x25, // 0x7570
		0x64, 0x20, 0x4D, 0x50, 0x3A, 0x25, 0x64, 0x0A,
		0x00, 0x44, 0x3A, 0x45, 0x78, 0x69, 0x74, 0x20, // 0x7580
		0x6F, 0x70, 0x65, 0x6E, 0x20, 0x6C, 0x6F, 0x6F,
		0x70, 0x0A, 0x00, 0x44, 0x3A, 0x45, 0x6E, 0x74, // 0x7590
		0x65, 0x72, 0x20, 0x6F, 0x70, 0x65, 0x6E, 0x20,
		0x6C, 0x6F, 0x6F, 0x70, 0x0A, 0x00, 0x49, 0x3A, // 0x75A0
		0x45, 0x50, 0x54, 0x3A, 0x30, 0x58, 0x25, 0x58,
		0x0A, 0x00, 0x49, 0x3A, 0x51, 0x3A, 0x25, 0x64, // 0x75B0
		0x20, 0x25, 0x64, 0x0A, 0x00, 0x49, 0x3A, 0x54,
		0x49, 0x4D, 0x45, 0x4F, 0x55, 0x54, 0x3A, 0x20, // 0x75C0
		0x00, 0x49, 0x3A, 0x52, 0x50, 0x50, 0x0A, 0x00,
		0x49, 0x3A, 0x43, 0x45, 0x50, 0x0A, 0x00, 0x49, // 0x75D0
		0x3A, 0x53, 0x69, 0x67, 0x6E, 0x61, 0x6C, 0x20,
		0x53, 0x74, 0x72, 0x65, 0x6E, 0x67, 0x74, 0x68, // 0x75E0
		0x0A, 0x00, 0x49, 0x3A, 0x49, 0x64, 0x65, 0x6E,
		0x74, 0x69, 0x66, 0x69, 0x63, 0x61, 0x74, 0x69, // 0x75F0
		0x6F, 0x6E, 0x0A, 0x00, 0x49, 0x3A, 0x45, 0x78,
		0x74, 0x65, 0x6E, 0x64, 0x65, 0x64, 0x20, 0x49, // 0x7600
		0x64, 0x65, 0x6E, 0x74, 0x69, 0x66, 0x69, 0x63,
		0x61, 0x74, 0x69, 0x6F, 0x6E, 0x0A, 0x00, 0x49, // 0x7610
		0x3A, 0x43, 0x6F, 0x6E, 0x66, 0x69, 0x67, 0x75,
		0x72, 0x61, 0x74, 0x69, 0x6F, 0x6E, 0x0A, 0x00, // 0x7620
		0x49, 0x3A, 0x4E, 0x65, 0x67, 0x6F, 0x74, 0x69,
		0x61, 0x74, 0x69, 0x6F, 0x6E, 0x0A, 0x00, 0x49, // 0x7630
		0x3A, 0x43, 0x61, 0x6C, 0x69, 0x62, 0x72, 0x61,
		0x74, 0x69, 0x6F, 0x6E, 0x0A, 0x00, 0x49, 0x3A, // 0x7640
		0x50, 0x6F, 0x77, 0x65, 0x72, 0x20, 0x54, 0x72,
		0x61, 0x6E, 0x73, 0x66, 0x65, 0x72, 0x0A, 0x00, // 0x7650
		0x49, 0x3A, 0x25, 0x73, 0x3A, 0x54, 0x78, 0x3A,
		0x25, 0x64, 0x6D, 0x57, 0x20, 0x56, 0x69, 0x6E, // 0x7660
		0x3A, 0x25, 0x64, 0x6D, 0x56, 0x20, 0x56, 0x62,
		0x72, 0x67, 0x3A, 0x25, 0x64, 0x6D, 0x56, 0x20, // 0x7670
		0x49, 0x69, 0x6E, 0x3A, 0x25, 0x64, 0x6D, 0x41,
		0x20, 0x25, 0x64, 0x2E, 0x25, 0x64, 0x43, 0x20, // 0x7680
		0x25, 0x73, 0x3A, 0x25, 0x64, 0x2E, 0x25, 0x64,
		0x6B, 0x48, 0x7A, 0x40, 0x25, 0x64, 0x25, 0x25, // 0x7690
		0x0A, 0x00, 0x49, 0x3A, 0x44, 0x65, 0x6D, 0x6F,
		0x64, 0x20, 0x43, 0x68, 0x61, 0x6E, 0x67, 0x65, // 0x76A0
		0x3A, 0x25, 0x64, 0x2D, 0x3E, 0x25, 0x64, 0x20,
		0x25, 0x64, 0x2D, 0x3E, 0x25, 0x64, 0x0A, 0x00, // 0x76B0
		0x7C, 0x10, 0x00, 0x32, 0x00, 0x31, 0x43, 0xDC,
		0x80, 0x20, 0x00, 0x2A, 0x43, 0xDC, 0x60, 0x20, // 0x76C0
		0x23, 0xDC, 0x81, 0x20, 0x43, 0xDC, 0x61, 0x20,
		0x23, 0xDC, 0x82, 0x20, 0x43, 0xDC, 0x62, 0x20, // 0x76D0
		0x23, 0xDC, 0x83, 0x20, 0x43, 0xDC, 0x63, 0x20,
		0x33, 0x10, 0x00, 0x33, 0x4E, 0x5B, 0x42, 0xEB, // 0x76E0
		0x44, 0x00, 0x04, 0x08, 0x80, 0xC1, 0x20, 0x74,
		0x3C, 0x78, 0x10, 0x10, 0xC0, 0x60, 0x20, 0xB3, // 0x76F0
		0xCB, 0x6C, 0xF5, 0x07, 0xC2, 0x14, 0x62, 0x48,
		0x00, 0xE4, 0x03, 0x20, 0x03, 0x40, 0xFF, 0x34, // 0x7700
		0x48, 0x10, 0x62, 0x43, 0x26, 0x41, 0xC8, 0x60,
		0xA3, 0xD8, 0xC0, 0x20, 0x04, 0xC4, 0x22, 0x40, // 0x7710
		0x50, 0x68, 0x45, 0xC4, 0x42, 0x20, 0x40, 0x70,
		0x48, 0x6C, 0x23, 0xDC, 0xC0, 0x20, 0x82, 0x14, // 0x7720
		0x00, 0xE1, 0x00, 0xE0, 0xDE, 0xAD, 0xBE, 0xEF,
		0x00, 0x10, 0x00, 0x20, 0xD1, 0x14, 0x6C, 0x11, // 0x7730
		0x00, 0x31, 0x40, 0x93, 0x07, 0x29, 0x84, 0x68,
		0x40, 0xB3, 0x00, 0x32, 0x89, 0x11, 0x41, 0xB3, // 0x7740
		0x49, 0x11, 0x80, 0x33, 0x66, 0x43, 0x62, 0xDC,
		0x20, 0x20, 0x68, 0x11, 0x24, 0x94, 0x41, 0x93, // 0x7750
		0x02, 0x29, 0x40, 0xB3, 0x11, 0x94, 0xFF, 0xE3,
		0x72, 0xC6, 0x05, 0x11, 0xFF, 0xE3, 0x29, 0xF8, // 0x7760
		0x64, 0xD8, 0x54, 0x00, 0x0B, 0x3B, 0x05, 0x08,
		0x42, 0x11, 0x60, 0x92, 0x82, 0x3B, 0x60, 0xB2, // 0x7770
		0x91, 0x14, 0xC3, 0x14, 0x80, 0x93, 0x40, 0x3C,
		0x04, 0x08, 0x80, 0x90, 0x00, 0x35, 0xA0, 0xB4, // 0x7780
		0x40, 0x39, 0x20, 0x92, 0x19, 0x0C, 0x40, 0x39,
		0xC0, 0x93, 0x20, 0x90, 0x0C, 0x0C, 0x02, 0x35, // 0x7790
		0x80, 0x91, 0x58, 0x71, 0x14, 0x6D, 0x80, 0xB1,
		0x40, 0x93, 0x01, 0x22, 0x1F, 0x3A, 0x18, 0x08, // 0x77A0
		0x40, 0xB3, 0x83, 0x14, 0x01, 0x34, 0xC4, 0xC4,
		0x25, 0x40, 0x80, 0x91, 0x14, 0x6D, 0x80, 0xB1, // 0x77B0
		0x00, 0x31, 0x20, 0xB2, 0xF2, 0x07, 0x40, 0x39,
		0xFC, 0x0B, 0xA0, 0x90, 0x80, 0x93, 0x03, 0x31, // 0x77C0
		0x81, 0xC4, 0x24, 0x40, 0x20, 0x95, 0x50, 0x6C,
		0x20, 0xB5, 0x01, 0x31, 0xF3, 0x07, 0x00, 0x32, // 0x77D0
		0x40, 0xB3, 0x60, 0x90, 0x03, 0x23, 0x60, 0xB0,
		0xE5, 0x07, 0x00, 0x00, 0x00, 0xB0, 0x01, 0x40, // 0x77E0
		0x08, 0x02, 0x00, 0x20, 0x00, 0xE1, 0x00, 0xE0,
		0x38, 0x0B, 0x00, 0x20, 0x04, 0x08, 0x01, 0x02, // 0x77F0
		0x00, 0xC0, 0x01, 0x40, 0x49, 0x3A, 0x43, 0x75,
		0x72, 0x72, 0x65, 0x6E, 0x74, 0x20, 0x63, 0x61, // 0x7800
		0x6C, 0x69, 0x2C, 0x6F, 0x66, 0x66, 0x3A, 0x25,
		0x64, 0x20, 0x6F, 0x6E, 0x3A, 0x25, 0x64, 0x0A, // 0x7810
		0x00, 0x49, 0x3A, 0x52, 0x65, 0x63, 0x74, 0x20,
		0x6D, 0x6F, 0x64, 0x65, 0x3D, 0x25, 0x64, 0x40, // 0x7820
		0x25, 0x64, 0x6D, 0x41, 0x0A, 0x00, 0x49, 0x3A,
		0x4D, 0x49, 0x20, 0x4F, 0x43, 0x50, 0x0A, 0x00, // 0x7830
		0x49, 0x3A, 0x50, 0x72, 0x6F, 0x74, 0x65, 0x63,
		0x74, 0x3A, 0x20, 0x53, 0x6F, 0x66, 0x74, 0x77, // 0x7840
		0x61, 0x72, 0x65, 0x20, 0x4F, 0x50, 0x50, 0x2E,
		0x0A, 0x00, 0x49, 0x3A, 0x50, 0x52, 0x4F, 0x54, // 0x7850
		0x45, 0x43, 0x54, 0x3A, 0x4C, 0x56, 0x50, 0x0A,
		0x00, 0x49, 0x3A, 0x4F, 0x54, 0x50, 0x3A, 0x25, // 0x7860
		0x64, 0x0A, 0x00, 0x49, 0x3A, 0x54, 0x58, 0x20,
		0x4F, 0x43, 0x50, 0x20, 0x50, 0x72, 0x6F, 0x74, // 0x7870
		0x65, 0x63, 0x74, 0x69, 0x6F, 0x6E, 0x21, 0x0A,
		0x00, 0x49, 0x3A, 0x54, 0x58, 0x20, 0x4C, 0x56, // 0x7880
		0x50, 0x20, 0x50, 0x72, 0x6F, 0x74, 0x65, 0x63,
		0x74, 0x69, 0x6F, 0x6E, 0x21, 0x0A, 0x00, 0x49, // 0x7890
		0x3A, 0x56, 0x72, 0x65, 0x63, 0x74, 0x20, 0x4F,
		0x56, 0x50, 0x0A, 0x00, 0x49, 0x3A, 0x48, 0x4F, // 0x78A0
		0x50, 0x33, 0x3A, 0x25, 0x64, 0x2D, 0x25, 0x64,
		0x3D, 0x25, 0x64, 0x6D, 0x56, 0x20, 0x25, 0x64, // 0x78B0
		0x6D, 0x41, 0x20, 0x25, 0x64, 0x6D, 0x57, 0x0A,
		0x00, 0x49, 0x3A, 0x48, 0x4F, 0x50, 0x31, 0x3A, // 0x78C0
		0x25, 0x64, 0x2D, 0x25, 0x64, 0x3D, 0x25, 0x64,
		0x6D, 0x56, 0x20, 0x70, 0x72, 0x65, 0x3D, 0x25, // 0x78D0
		0x64, 0x6D, 0x56, 0x20, 0x25, 0x64, 0x6D, 0x41,
		0x0A, 0x00, 0x49, 0x3A, 0x48, 0x4F, 0x50, 0x32, // 0x78E0
		0x3A, 0x25, 0x64, 0x2D, 0x25, 0x64, 0x3D, 0x25,
		0x64, 0x6D, 0x56, 0x20, 0x25, 0x64, 0x6D, 0x41, // 0x78F0
		0x0A, 0x00, 0x49, 0x3A, 0x4F, 0x54, 0x50, 0x20,
		0x31, 0x32, 0x35, 0x0A, 0x00, 0x49, 0x3A, 0x4D, // 0x7900
		0x49, 0x20, 0x53, 0x43, 0x50, 0x0A, 0x00, 0x44,
		0x3A, 0x54, 0x78, 0x20, 0x4C, 0x44, 0x4F, 0x20, // 0x7910
		0x4F, 0x4E, 0x3A, 0x25, 0x64, 0x6D, 0x41, 0x20,
		0x25, 0x64, 0x20, 0x25, 0x64, 0x0A, 0x00, 0x49, // 0x7920
		0x3A, 0x43, 0x4F, 0x4D, 0x50, 0x53, 0x5B, 0x25,
		0x64, 0x5D, 0x3D, 0x25, 0x64, 0x0A, 0x00, 0x49, // 0x7930
		0x3A, 0x25, 0x73, 0x20, 0x53, 0x77, 0x69, 0x74,
		0x63, 0x68, 0x20, 0x74, 0x6F, 0x20, 0x46, 0x75, // 0x7940
		0x6C, 0x6C, 0x20, 0x62, 0x72, 0x69, 0x64, 0x67,
		0x65, 0x0A, 0x00, 0x54, 0x69, 0x6D, 0x65, 0x6F, // 0x7950
		0x75, 0x74, 0x00, 0x49, 0x3A, 0x50, 0x50, 0x50,
		0x20, 0x54, 0x69, 0x6D, 0x65, 0x6F, 0x75, 0x74, // 0x7960
		0x0A, 0x00, 0x49, 0x3A, 0x46, 0x4F, 0x44, 0x20,
		0x49, 0x6E, 0x64, 0x65, 0x78, 0x3D, 0x25, 0x64, // 0x7970
		0x20, 0x49, 0x3D, 0x25, 0x64, 0x6D, 0x41, 0x20,
		0x4E, 0x65, 0x78, 0x74, 0x3D, 0x25, 0x64, 0x6D, // 0x7980
		0x41, 0x0A, 0x00, 0x41, 0x75, 0x74, 0x68, 0x00,
		0x41, 0x64, 0x61, 0x70, 0x74, 0x65, 0x72, 0x20, // 0x7990
		0x54, 0x79, 0x70, 0x65, 0x00, 0x55, 0x55, 0x49,
		0x44, 0x00, 0x52, 0x65, 0x6E, 0x65, 0x67, 0x00, // 0x79A0
		0x46, 0x61, 0x73, 0x74, 0x20, 0x43, 0x68, 0x61,
		0x72, 0x67, 0x65, 0x00, 0x54, 0x72, 0x61, 0x6E, // 0x79B0
		0x73, 0x70, 0x61, 0x72, 0x65, 0x6E, 0x74, 0x00,
		0x03, 0x00, 0x00, 0x00, 0x30, 0x61, 0x00, 0x00, // 0x79C0
		0x04, 0x00, 0x00, 0x00, 0xCE, 0x60, 0x00, 0x00,
		0x05, 0x00, 0x00, 0x00, 0x62, 0x60, 0x00, 0x00, // 0x79D0
		0x02, 0x00, 0x00, 0x00, 0x6C, 0x60, 0x00, 0x00,
		0x18, 0x00, 0x00, 0x00, 0x48, 0x60, 0x00, 0x00, // 0x79E0
		0x19, 0x00, 0x00, 0x00, 0x60, 0x60, 0x00, 0x00,
		0x28, 0x00, 0x00, 0x00, 0x5E, 0x60, 0x00, 0x00, // 0x79F0
		0x29, 0x00, 0x00, 0x00, 0x5C, 0x60, 0x00, 0x00,
		0x38, 0x00, 0x00, 0x00, 0x5A, 0x60, 0x00, 0x00, // 0x7A00
		0x48, 0x00, 0x00, 0x00, 0x58, 0x60, 0x00, 0x00,
		0x58, 0x00, 0x00, 0x00, 0x56, 0x60, 0x00, 0x00, // 0x7A10
		0x68, 0x00, 0x00, 0x00, 0x54, 0x60, 0x00, 0x00,
		0x78, 0x00, 0x00, 0x00, 0x52, 0x60, 0x00, 0x00, // 0x7A20
		0x84, 0x00, 0x00, 0x00, 0x50, 0x60, 0x00, 0x00,
		0xA4, 0x00, 0x00, 0x00, 0x4E, 0x60, 0x00, 0x00, // 0x7A30
		0xC4, 0x00, 0x00, 0x00, 0x4C, 0x60, 0x00, 0x00,
		0xE2, 0x00, 0x00, 0x00, 0x4A, 0x60, 0x00, 0x00, // 0x7A40
		0xC1, 0x14, 0x03, 0x6F, 0x01, 0xC4, 0x2D, 0x24,
		0x8D, 0xE4, 0x03, 0x20, 0x40, 0x3C, 0x0D, 0x0C, // 0x7A50
		0x40, 0x3A, 0x0A, 0x0C, 0x60, 0x81, 0x00, 0x21,
		0x00, 0x2A, 0x6C, 0xDC, 0x00, 0x00, 0x8C, 0xE5, // 0x7A60
		0x00, 0x00, 0x40, 0x3A, 0xF8, 0x0B, 0x81, 0x14,
		0x2F, 0x3A, 0x15, 0x08, 0xA1, 0xD9, 0x00, 0x20, // 0x7A70
		0x61, 0x91, 0x82, 0x91, 0xAC, 0xDD, 0x00, 0x20,
		0xA1, 0xD9, 0x03, 0x20, 0x6C, 0xDC, 0x01, 0x20, // 0x7A80
		0x8C, 0xDC, 0x02, 0x20, 0xAC, 0xDD, 0x03, 0x20,
		0x0F, 0x2A, 0x0F, 0x21, 0x8C, 0xE5, 0x0F, 0x00, // 0x7A90
		0x2F, 0x3A, 0xED, 0x0F, 0x23, 0x3A, 0x0A, 0x08,
		0x60, 0x91, 0x03, 0x2A, 0x03, 0x21, 0x6C, 0xDC, // 0x7AA0
		0x00, 0x20, 0x8C, 0xE5, 0x03, 0x00, 0x23, 0x3A,
		0xF8, 0x0F, 0x40, 0x3A, 0xDD, 0x0F, 0x60, 0x81, // 0x7AB0
		0x00, 0x21, 0x00, 0x2A, 0x6C, 0xDC, 0x00, 0x00,
		0x8C, 0xE5, 0x00, 0x00, 0xF7, 0x07, 0x49, 0x3A, // 0x7AC0
		0x46, 0x53, 0x4B, 0x3A, 0x25, 0x78, 0x00, 0x20,
		0x25, 0x78, 0x00, 0x49, 0x3A, 0x46, 0x75, 0x6C, // 0x7AD0
		0x6C, 0x40, 0x25, 0x64, 0x6D, 0x41, 0x20, 0x25,
		0x64, 0x2D, 0x3E, 0x25, 0x64, 0x20, 0x25, 0x64, // 0x7AE0
		0x2D, 0x3E, 0x25, 0x64, 0x0A, 0x00, 0x49, 0x3A,
		0x48, 0x61, 0x6C, 0x66, 0x40, 0x25, 0x64, 0x6D, // 0x7AF0
		0x41, 0x20, 0x25, 0x64, 0x2D, 0x3E, 0x25, 0x64,
		0x20, 0x25, 0x64, 0x2D, 0x3E, 0x25, 0x64, 0x0A, // 0x7B00
		0x00, 0x44, 0x3A, 0x50, 0x49, 0x4E, 0x47, 0x3A,
		0x25, 0x64, 0x6D, 0x56, 0x20, 0x25, 0x64, 0x30, // 0x7B10
		0x30, 0x6B, 0x48, 0x7A, 0x20, 0x25, 0x64, 0x40,
		0x25, 0x64, 0x0A, 0x00, 0x49, 0x3A, 0x50, 0x57, // 0x7B20
		0x4D, 0x5F, 0x45, 0x4E, 0x41, 0x42, 0x4C, 0x45,
		0x0A, 0x00, 0x49, 0x3A, 0x41, 0x53, 0x4B, 0x3A, // 0x7B30
		0x25, 0x78, 0x00, 0x00, 0x40, 0x39, 0x03, 0x08,
		0x00, 0xC0, 0x20, 0x2C, 0x40, 0x38, 0x02, 0x08, // 0x7B40
		0x3C, 0x78, 0xC2, 0x14, 0x43, 0x6D, 0x45, 0x6D,
		0xDF, 0x38, 0x03, 0x0C, 0x02, 0x6C, 0x00, 0x20, // 0x7B50
		0xDF, 0x39, 0x03, 0x0C, 0x46, 0x6C, 0x00, 0x21,
		0x01, 0x32, 0xC3, 0x6C, 0x03, 0xC4, 0x44, 0x7C, // 0x7B60
		0x90, 0x70, 0x10, 0x70, 0xC7, 0x6C, 0x03, 0xC4,
		0x44, 0x7C, 0x00, 0x24, 0xC3, 0x6C, 0xD1, 0x70, // 0x7B70
		0x12, 0x6D, 0x20, 0x24, 0x90, 0x70, 0x10, 0x70,
		0x40, 0x3A, 0x09, 0x0C, 0x00, 0xC4, 0x20, 0x4C, // 0x7B80
		0xCD, 0x60, 0x4C, 0x64, 0x02, 0x0C, 0xC6, 0x60,
		0x89, 0x60, 0xF9, 0x0F, 0x0B, 0x6C, 0x4F, 0x6C, // 0x7B90
		0x05, 0xC4, 0x25, 0x4C, 0x05, 0x0C, 0x02, 0x6C,
		0x00, 0x20, 0x46, 0x6C, 0x00, 0x21, 0x82, 0x14, // 0x7BA0
		0x49, 0x3A, 0x43, 0x6F, 0x69, 0x6C, 0x20, 0x69,
		0x6E, 0x69, 0x74, 0x3A, 0x20, 0x4B, 0x65, 0x65, // 0x7BB0
		0x70, 0x20, 0x48, 0x61, 0x6C, 0x66, 0x20, 0x62,
		0x72, 0x69, 0x64, 0x67, 0x65, 0x0A, 0x00, 0x49, // 0x7BC0
		0x3A, 0x45, 0x6E, 0x74, 0x72, 0x79, 0x20, 0x72,
		0x65, 0x63, 0x65, 0x69, 0x76, 0x65, 0x72, 0x20, // 0x7BD0
		0x6D, 0x6F, 0x64, 0x65, 0x2E, 0x0A, 0x00, 0x49,
		0x3A, 0x45, 0x6E, 0x74, 0x72, 0x79, 0x20, 0x74, // 0x7BE0
		0x72, 0x61, 0x6E, 0x6D, 0x69, 0x74, 0x74, 0x65,
		0x72, 0x20, 0x6D, 0x6F, 0x64, 0x65, 0x2E, 0x0A, // 0x7BF0
		0x00, 0x49, 0x3A, 0x4D, 0x69, 0x20, 0x43, 0x4D,
		0x44, 0x3D, 0x25, 0x30, 0x38, 0x58, 0x0A, 0x00, // 0x7C00
		0x49, 0x3A, 0x55, 0x4C, 0x50, 0x4D, 0x0A, 0x00,
		0x49, 0x3A, 0x46, 0x4F, 0x44, 0x20, 0x74, 0x72, // 0x7C10
		0x69, 0x67, 0x67, 0x65, 0x72, 0x65, 0x64, 0x0A,
		0x00, 0x49, 0x3A, 0x46, 0x4F, 0x44, 0x5B, 0x25, // 0x7C20
		0x64, 0x5D, 0x3A, 0x54, 0x78, 0x3D, 0x25, 0x64,
		0x6D, 0x57, 0x20, 0x43, 0x6F, 0x6D, 0x70, 0x73, // 0x7C30
		0x3D, 0x25, 0x64, 0x6D, 0x57, 0x20, 0x52, 0x78,
		0x3D, 0x25, 0x64, 0x6D, 0x57, 0x20, 0x4C, 0x6F, // 0x7C40
		0x73, 0x73, 0x3D, 0x25, 0x64, 0x6D, 0x57, 0x20,
		0x54, 0x68, 0x3D, 0x25, 0x64, 0x6D, 0x57, 0x20, // 0x7C50
		0x43, 0x4E, 0x54, 0x3D, 0x25, 0x64, 0x0A, 0x00,
		0x49, 0x3A, 0x57, 0x41, 0x49, 0x54, 0x20, 0x46, // 0x7C60
		0x4F, 0x52, 0x20, 0x55, 0x50, 0x44, 0x41, 0x54,
		0x45, 0x21, 0x0A, 0x00, 0x20, 0xEA, 0x00, 0x80, // 0x7C70
		0x00, 0xC0, 0x20, 0x64, 0x10, 0x10, 0x83, 0x6F,
		0x30, 0x10, 0x51, 0x10, 0x71, 0x10, 0xCA, 0x60, // 0x7C80
		0x40, 0x3B, 0x08, 0x0C, 0x00, 0x91, 0x00, 0xB2,
		0x03, 0x21, 0x03, 0x22, 0x03, 0x2B, 0x40, 0x3B, // 0x7C90
		0xFA, 0x0B, 0x2D, 0x10, 0x4D, 0x10, 0x00, 0x30,
		0x86, 0x60, 0x40, 0x3A, 0x06, 0x0C, 0x00, 0xB1, // 0x7CA0
		0x03, 0x21, 0x03, 0x2A, 0x40, 0x3A, 0xFC, 0x0B,
		0xFF, 0xE3, 0x04, 0xFD, 0xFF, 0xE3, 0xC8, 0xF7, // 0x7CB0
		0x00, 0x04, 0x00, 0x00, 0x00, 0x18, 0x00, 0x20,
		0xA0, 0x7E, 0x00, 0x00, 0x90, 0x0C, 0x00, 0x20, // 0x7CC0
		0x90, 0x0C, 0x00, 0x20, 0x00, 0x00, 0x00, 0x20,
		0x90, 0x0C, 0x00, 0x20, 0xC1, 0x14, 0x40, 0x39, // 0x7CD0
		0x03, 0x08, 0x00, 0xC0, 0x20, 0x2C, 0x40, 0x38,
		0x02, 0x08, 0x81, 0x14, 0x03, 0x6D, 0xDF, 0x38, // 0x7CE0
		0x03, 0x0C, 0x02, 0x6C, 0x00, 0x20, 0xDF, 0x39,
		0x03, 0x0C, 0x46, 0x6C, 0x00, 0x21, 0x83, 0x6C, // 0x7CF0
		0x02, 0xC4, 0x43, 0x7C, 0x01, 0x32, 0x8C, 0x70,
		0x0C, 0x70, 0x00, 0x33, 0x00, 0xC4, 0x20, 0x4C, // 0x7D00
		0xCD, 0x60, 0x4C, 0x64, 0x02, 0x0C, 0xC6, 0x60,
		0x89, 0x60, 0xF9, 0x0F, 0x0F, 0x6C, 0x04, 0xC4, // 0x7D10
		0x24, 0x4C, 0x03, 0x0C, 0x02, 0x6C, 0x00, 0x20,
		0x81, 0x14, 0x00, 0x00, 0x40, 0x39, 0x03, 0x08, // 0x7D20
		0x00, 0xC0, 0x20, 0x2C, 0x40, 0x38, 0x02, 0x08,
		0x3C, 0x78, 0xC1, 0x14, 0x01, 0x32, 0xC3, 0x6C, // 0x7D30
		0x03, 0xC4, 0x44, 0x7C, 0x90, 0x70, 0x10, 0x70,
		0xC7, 0x6C, 0x03, 0xC4, 0x44, 0x7C, 0x00, 0x24, // 0x7D40
		0xC3, 0x6C, 0xD1, 0x70, 0x12, 0x6D, 0x20, 0x24,
		0x90, 0x70, 0x10, 0x70, 0x40, 0x3A, 0x09, 0x0C, // 0x7D50
		0x00, 0xC4, 0x20, 0x4C, 0xCD, 0x60, 0x4C, 0x64,
		0x02, 0x0C, 0xC6, 0x60, 0x89, 0x60, 0xF9, 0x0F, // 0x7D60
		0x0B, 0x6C, 0x4F, 0x6C, 0x81, 0x14, 0x00, 0x00,
		0x43, 0x12, 0x00, 0x00, 0x78, 0x1E, 0x00, 0x00, // 0x7D70
		0xE2, 0x36, 0x00, 0x00, 0xB6, 0x67, 0x00, 0x00,
		0x00, 0x00, 0x58, 0x1B, 0xFF, 0x00, 0xFF, 0x00, // 0x7D80
		0x58, 0x1B, 0x28, 0x23, 0x73, 0x00, 0xFF, 0x00,
		0x28, 0x23, 0x10, 0x27, 0x55, 0x00, 0x73, 0x00, // 0x7D90
		0x10, 0x27, 0xC8, 0x32, 0x36, 0x00, 0x55, 0x00,
		0xC8, 0x32, 0x50, 0x46, 0x23, 0x00, 0x36, 0x00, // 0x7DA0
		0x49, 0x3A, 0x57, 0x6F, 0x72, 0x6B, 0x20, 0x69,
		0x6E, 0x69, 0x74, 0x0A, 0x00, 0x50, 0x72, 0x6F, // 0x7DB0
		0x6A, 0x65, 0x63, 0x74, 0x00, 0x49, 0x3A, 0x25,
		0x73, 0x20, 0x25, 0x73, 0x0A, 0x00, 0x44, 0x3A, // 0x7DC0
		0x49, 0x6E, 0x69, 0x74, 0x20, 0x63, 0x6F, 0x6D,
		0x70, 0x6C, 0x65, 0x74, 0x65, 0x21, 0x0A, 0x00, // 0x7DD0
		0x40, 0x39, 0x03, 0x08, 0x00, 0xC0, 0x20, 0x2C,
		0x40, 0x38, 0x02, 0x08, 0x3C, 0x78, 0x83, 0x6C, // 0x7DE0
		0x02, 0xC4, 0x43, 0x7C, 0x01, 0x32, 0x8C, 0x70,
		0x0C, 0x70, 0x00, 0x33, 0x00, 0xC4, 0x20, 0x4C, // 0x7DF0
		0xCD, 0x60, 0x4C, 0x64, 0x02, 0x0C, 0xC6, 0x60,
		0x89, 0x60, 0xF9, 0x0F, 0x0F, 0x6C, 0x3C, 0x78, // 0x7E00
		0x1F, 0xC0, 0x23, 0x60, 0x22, 0xEA, 0xCD, 0xAB,
		0xCD, 0x74, 0xC8, 0x6C, 0x00, 0xC0, 0x20, 0x04, // 0x7E10
		0x03, 0xC0, 0x3F, 0x64, 0x00, 0xC0, 0x20, 0x04,
		0x03, 0x6C, 0xFF, 0x07, 0x22, 0x14, 0x01, 0xB8, // 0x7E20
		0x20, 0xB8, 0x7F, 0x6C, 0x01, 0x40, 0x40, 0x60,
		0x21, 0xD8, 0x00, 0x50, 0x21, 0x41, 0xC4, 0x63, // 0x7E30
		0x01, 0x98, 0x20, 0x98, 0x02, 0x14, 0x3C, 0x78,
		0x22, 0x14, 0x01, 0xB8, 0x20, 0xB8, 0x7F, 0x6C, // 0x7E40
		0x01, 0x40, 0x40, 0x60, 0x20, 0x89, 0x21, 0x41,
		0xC4, 0x63, 0x01, 0x98, 0x20, 0x98, 0x02, 0x14, // 0x7E50
		0x3C, 0x78, 0x4C, 0x1D, 0xE8, 0x03, 0x4C, 0x1D,
		0xD0, 0x07, 0x4C, 0x1D, 0xB8, 0x0B, 0x90, 0x65, // 0x7E60
		0xA0, 0x0F, 0x90, 0x65, 0x88, 0x13, 0x90, 0x65,
		0x4C, 0x1D, 0x00, 0x00, 0x21, 0x14, 0x20, 0xB8, // 0x7E70
		0x7F, 0x6C, 0x40, 0x60, 0x20, 0x81, 0x21, 0x41,
		0xC4, 0x63, 0x20, 0x98, 0x01, 0x14, 0x3C, 0x78, // 0x7E80
		0x00, 0x06, 0x00, 0x04, 0x00, 0x02, 0x00, 0x00,
		0x00, 0x08, 0x00, 0x0A, 0x00, 0x0C, 0x00, 0x0E, // 0x7E90
		0x00, 0x00, 0x00, 0x00, 0x00, 0x00, 0x00, 0x00,
		0x00, 0x00, 0x00, 0x00, 0x00, 0x00, 0x00, 0x00, // 0x7EA0
		0x00, 0x00, 0x00, 0x00, 0x00, 0x00, 0x00, 0x00,
		0x00, 0x00, 0x00, 0x00, 0x00, 0x00, 0x00, 0x00, // 0x7EB0
		0x00, 0x00, 0x00, 0x00, 0x00, 0x00, 0x00, 0x00,
		0x00, 0x00, 0x00, 0x00, 0x00, 0x00, 0x00, 0x00, // 0x7EC0
		0x00, 0x00, 0x00, 0x00, 0x00, 0x00, 0x00, 0x00,
		0x00, 0x00, 0x00, 0x00, 0x00, 0x00, 0x00, 0x00, // 0x7ED0
		0x00, 0x00, 0x00, 0x00, 0x00, 0x00, 0x00, 0x00,
		0x00, 0x00, 0x00, 0x00, 0x00, 0x00, 0x00, 0x00, // 0x7EE0
		0x00, 0x00, 0x00, 0x00, 0x00, 0x00, 0x00, 0x00,
		0x00, 0x00, 0x00, 0x00, 0x00, 0x00, 0x00, 0x00, // 0x7EF0
		0x00, 0x00, 0x00, 0x00, 0x00, 0x00, 0x00, 0x00,
		0x00, 0x00, 0x00, 0x00, 0x00, 0x00, 0x00, 0x00, // 0x7F00
		0x00, 0x00, 0x00, 0x00, 0x00, 0x00, 0x00, 0x00,
		0x00, 0x00, 0x00, 0x00, 0x00, 0x00, 0x00, 0x00, // 0x7F10
		0x00, 0x00, 0x00, 0x00, 0x00, 0x00, 0x00, 0x00,
		0x00, 0x00, 0x00, 0x00, 0x00, 0x00, 0x00, 0x00, // 0x7F20
		0x00, 0x00, 0x00, 0x00, 0x00, 0x00, 0x00, 0x00,
		0x00, 0x00, 0x00, 0x00, 0x00, 0x00, 0x00, 0x00, // 0x7F30
		0x00, 0x00, 0x00, 0x00, 0x00, 0x00, 0x00, 0x00,
		0x00, 0x00, 0x00, 0x00, 0x00, 0x00, 0x00, 0x00, // 0x7F40
		0x00, 0x00, 0x00, 0x00, 0x00, 0x00, 0x00, 0x00,
		0x00, 0x00, 0x00, 0x00, 0x00, 0x00, 0x00, 0x00, // 0x7F50
		0x00, 0x00, 0x00, 0x00, 0x00, 0x00, 0x00, 0x00,
		0x00, 0x00, 0x00, 0x00, 0x00, 0x00, 0x00, 0x00, // 0x7F60
		0x00, 0x00, 0x00, 0x00, 0x00, 0x00, 0x00, 0x00,
		0x00, 0x00, 0x00, 0x00, 0x00, 0x00, 0x00, 0x00, // 0x7F70
		0x00, 0x00, 0x00, 0x00, 0x00, 0x00, 0x00, 0x00,
		0x00, 0x00, 0x00, 0x00, 0x00, 0x00, 0x00, 0x00, // 0x7F80
		0x00, 0x00, 0x00, 0x00, 0x00, 0x00, 0x00, 0x00,
		0x00, 0x00, 0x00, 0x00, 0x00, 0x00, 0x00, 0x00, // 0x7F90
		0x00, 0x00, 0x00, 0x00, 0x00, 0x00, 0x00, 0x00,
		0x00, 0x00, 0x00, 0x00, 0x00, 0x00, 0x00, 0x00, // 0x7FA0
		0x00, 0x00, 0x00, 0x00, 0x00, 0x00, 0x00, 0x00,
		0x00, 0x00, 0x00, 0x00, 0x00, 0x00, 0x00, 0x00, // 0x7FB0
		0x00, 0x00, 0x00, 0x00, 0x00, 0x00, 0x00, 0x00,
		0x00, 0x00, 0x00, 0x00, 0x00, 0x00, 0x00, 0x00, // 0x7FC0
		0x00, 0x00, 0x00, 0x00, 0x00, 0x00, 0x00, 0x00,
		0x00, 0x00, 0x00, 0x00, 0x00, 0x00, 0x00, 0x00, // 0x7FD0
		0x00, 0x00, 0x00, 0x00, 0x00, 0x00, 0x00, 0x00,
		0x00, 0x00, 0x00, 0x00, 0x00, 0x00, 0x00, 0x00, // 0x7FE0
		0x00, 0x00, 0x00, 0x00, 0x00, 0x00, 0x00, 0x00,
		0x00, 0x00, 0x00, 0x00, 0xA9, 0xAC, 0xBA, 0xC1, // 0x7FF0
	},

};

#endif
